video,track_id,frame_count,move_distance,avg_speed,movement_range,trajectory_variance
C021_A17_SY15_P01_S01_01DBS,3429,599,1482.4874628440853,2.479076024822885,326.01136779785156,7568.201223142538
C021_A17_SY15_P01_S02_01DBS,2225,599,485.9173071680765,0.8125707477727032,341.8008728027344,6707.997323595999
C021_A17_SY15_P01_S02_01DBS,2226,533,86.12846914351813,0.16189561869082356,5.0897216796875,0.5870518469243754
C021_A17_SY15_P01_S03_01NAS,1861,599,1170.0766185887937,1.9566498638608592,276.9987030029297,5095.511637597408
C021_A17_SY15_P01_S03_01NAS,1865,21,26.66913995139706,1.333456997569853,18.732437133789062,15.859282046804612
C021_A17_SY15_P01_S03_01NAS,1866,11,15.216632787151092,1.5216632787151092,14.838577270507812,12.084090066723494
C021_A17_SY15_P01_S03_01NBS,2315,599,1256.8476308744407,2.1017518910943824,329.5623016357422,2816.9572525432814
C021_A17_SY15_P01_S03_01NBS,2317,86,87.67258919918096,1.0314422258727172,29.22100830078125,41.502610879435586
C021_A17_SY15_P01_S03_01NBS,2318,64,48.11129502844908,0.7636713496579218,14.2789306640625,5.7240206295580265
C021_A17_SY15_P01_S03_01NBS,2319,168,51.889008821151194,0.31071262767156405,7.308685302734375,1.0461697760124862
C021_A17_SY15_P01_S04_01DAS,1749,599,1421.5249722266267,2.377132060579643,521.9333190917969,8020.145720623404
C021_A17_SY15_P01_S04_01DAS,1750,79,16.808064215969694,0.21548800276884222,6.147125244140625,1.3118370262650927
C021_A17_SY15_P01_S04_01DAS,1751,17,5.967880764340656,0.372992547771291,4.147674560546875,0.8836025745304991
C021_A17_SY15_P01_S04_01DAS,1754,22,5.562126086221041,0.2648631469629067,2.6642303466796875,0.20762013861801748
C021_A17_SY15_P01_S05_01DAS,2403,599,2008.6706722584338,3.358981057288351,511.18860626220703,17124.651869018755
C021_A17_SY15_P01_S05_01DAS,2404,599,135.09533869241213,0.22591193761272932,8.49420166015625,2.2360624405165317
C021_A17_SY15_P01_S05_01DAS,2405,62,130.99519473300532,2.147462208737792,62.8650804318022,334.01315820671124
C021_A17_SY15_P01_S05_01DAS,2409,23,71.65719644392898,3.2571452929058626,60.39125323295596,469.82154597526073
C021_A17_SY15_P01_S05_01DAS,2411,13,41.25363751862211,3.437803126551842,33.93676167726517,119.92581212588613
C021_A17_SY15_P01_S05_01DBS,2499,599,2538.7129506718907,4.245339382394466,559.6447067260742,25465.591612516593
C021_A17_SY15_P01_S05_01DBS,2501,51,7.404937921999644,0.14809875843999287,3.4459075927734375,0.3186535714463184
C021_A17_SY15_P01_S05_01DBS,2502,10,0.837036690392385,0.093004076710265,0.576171875,0.026689315077965146
C021_A17_SY15_P01_S05_01DBS,2506,21,8.348848318611688,0.4174424159305844,3.9953460693359375,0.9623857185657952
C021_A17_SY15_P01_S05_01DBS,2508,25,4.843626325273621,0.20181776355306755,3.280029296875,0.49007220350205893
C021_A17_SY15_P01_S05_01DBS,2509,21,96.34196963637875,4.817098481818937,45.036876022815704,116.40628841704124
C021_A17_SY15_P01_S05_01DBS,2510,238,152.0954095391414,0.6417527828655756,20.903762817382812,13.751524340205627
C021_A17_SY15_P01_S05_01DBS,2512,55,23.097284591936656,0.4277274924432714,5.47747802734375,0.9662243307835983
C021_A17_SY15_P01_S06_01DAS,988,599,996.0581599388275,1.6656490968876714,314.71275329589844,3725.511078297823
C021_A17_SY15_P01_S06_01DBS,2374,599,528.386571848646,0.8835895850311806,169.9207534790039,1457.5740306686757
C021_A17_SY15_P01_S06_01DBS,2379,80,18.346092139998394,0.23222901443035943,5.0880584716796875,0.886578365326386
C021_A17_SY15_P01_S06_01DBS,2382,29,12.472769126113128,0.445456040218326,5.3221893310546875,2.879538081433539
C021_A17_SY15_P01_S07_01DBS,2464,599,1168.5706119304105,1.9541314580776095,484.2174835205078,5225.508463352163
C021_A17_SY15_P01_S07_01DBS,2465,67,197.84906262217086,2.997713070032892,165.87953186035156,2189.269124606634
C021_A17_SY15_P01_S07_01DBS,2467,422,442.8196947457222,1.0518282535527843,81.81411743164062,99.86488185724473
C021_A17_SY15_P01_S08_01DAS,1677,599,1860.8065344512827,3.1117166127947873,771.4284362792969,54921.256940633175
C021_A17_SY15_P01_S08_01DAS,1679,16,65.99035344149807,4.399356896099872,29.297164916992188,31.98668483842266
C021_A17_SY15_P01_S08_01DAS,1680,11,7.8277067596607,0.78277067596607,6.267669677734375,3.1513175390783914
C021_A17_SY15_P01_S08_01DAS,1683,110,379.1995840788647,3.4788952667785753,107.72804260253906,290.1957302442415
C021_A17_SY15_P01_S08_01DAS,1684,27,59.719885466050044,2.2969186717711554,37.68574523925781,52.34990909574323
C021_A17_SY15_P01_S08_01DAS,1687,16,78.75697633860277,5.250465089240184,70.0333251953125,158.76659752630803
C021_A17_SY15_P01_S08_01DAS,1689,139,268.39511678484774,1.9448921506148387,113.59222412109375,377.6766360008836
C021_A17_SY15_P01_S08_01DAS,1694,93,298.8347804027694,3.248204134812711,75.42924499511719,176.076174299396
C021_A17_SY15_P01_S08_01DBS,3192,599,1272.348829886759,2.1276736285731754,641.8068542480469,21574.589170183266
C021_A17_SY15_P01_S08_01DBS,3193,39,123.15964536287977,3.241043299023152,104.27762603759766,613.3666402314875
C021_A17_SY15_P01_S08_01DBS,3198,28,83.58636190491715,3.095791181663598,89.5883560180664,477.43058802421183
C021_A17_SY15_P01_S08_01DBS,3202,288,81.72405598063084,0.284752808294881,8.300800919532776,0.7688470630573532
C021_A17_SY15_P01_S08_01DBS,3204,42,165.66090488557967,4.04050987525804,61.52674102783203,295.3201779150211
C021_A17_SY15_P01_S08_01DBS,3205,110,250.30267518696266,2.296354818229015,67.19522857666016,403.90406609453015
C021_A17_SY15_P01_S10_01DAS,2994,599,1969.6231587061573,3.293684211883206,963.6844177246094,95877.32844570604
C021_A17_SY15_P01_S10_01DAS,2995,10,1.0170379732945392,0.1130042192549488,0.7143783569335938,0.03542139290366322
C021_A17_SY15_P01_S10_01DAS,2996,89,36.98150990843158,0.42024443077763163,9.787460327148438,2.0862446003033432
C021_A17_SY15_P01_S10_01DAS,3002,26,3.6069232279027035,0.14427692911610815,1.9392852783203125,0.1884739328835011
C021_A17_SY15_P01_S10_01DAS,3003,57,4.991131908006432,0.08912735550011486,2.3005294799804688,0.23702780292622394
C021_A17_SY15_P01_S10_01DAS,3005,13,2.0119562504420703,0.1676630208701725,1.7708053588867188,0.13708993588014887
C021_A17_SY15_P01_S10_01DBS,623,599,2462.8493825302694,4.118477228311487,1270.4107513427734,150087.62104785605
C021_A17_SY15_P01_S10_01DBS,624,599,156.87716584530554,0.26233639773462464,9.663119211792932,2.4717979366701335
C021_A17_SY15_P01_S10_01DBS,625,86,75.21103170312429,0.8848356670955799,18.269454956054688,19.482400299899417
C021_A17_SY15_P01_S10_01DBS,626,271,90.13845431229088,0.3338461270825588,13.906845092773438,3.958590120317262
C021_A17_SY15_P01_S10_01DBS,629,14,10.157391099615774,0.781337776893521,6.650787353515625,2.7236123683408606
C021_A17_SY15_P01_S10_01DBS,630,13,2.3092799717095365,0.19243999764246136,2.240631103515625,0.2749644446589009
C021_A17_SY15_P01_S10_01DBS,631,21,3.110370978367478,0.15551854891837388,1.8798980712890625,0.21554591242739268
C021_A17_SY15_P01_S10_01DBS,633,14,2.715063237771084,0.20885101829008337,2.1374053955078125,0.16914133205463427
C021_A17_SY15_P01_S10_01DBS,635,14,2.068101543792337,0.15908473413787208,1.1402435302734375,0.056188060683483365
C021_A17_SY15_P01_S10_01DBS,641,35,48.468051875230955,1.4255309375067928,12.354446411132812,6.213186180997944
C021_A17_SY15_P01_S10_01DBS,647,201,52.931658788749,0.26465829394374496,8.762771606445312,1.8629609624932695
C021_A17_SY15_P01_S10_01DBS,648,169,86.62430515153598,0.5156208639972379,24.280075073242188,12.220486917220885
C021_A17_SY15_P01_S10_01DBS,660,25,12.394980489430994,0.5164575203929581,4.261260986328125,1.4985998168587684
C021_A17_SY15_P01_S10_01DBS,662,12,1.7557632344309362,0.15961483949372146,1.408966064453125,0.13072503426681376
C021_A17_SY15_P01_S10_01DBS,668,62,14.255192798924496,0.2336916852282704,5.639549255371094,1.2279550172197307
C021_A17_SY15_P01_S11_01DAS,90,599,1767.3157635131984,2.9553775309585255,679.2282867431641,20397.152646525443
C021_A17_SY15_P01_S11_01DBS,1915,600,1542.1749976974327,2.57458263388553,835.4433212280273,20086.745454359676
C021_A17_SY15_P01_S11_01DBS,1929,591,474.2360850257793,0.8037899746199649,46.013286024332075,61.46755947222264
C021_A17_SY15_P01_S11_01DBS,1931,10,5.414089076141923,0.6015654529046581,4.6959075927734375,3.334978567760554
C021_A17_SY15_P01_S11_01DBS,1933,17,29.133786872365736,1.8208616795228585,18.081921815872192,23.14588182573126
C021_A17_SY15_P01_S11_01DBS,1937,19,15.029036315226051,0.8349464619570028,10.635130137205152,8.491820399536438
C021_A17_SY15_P01_S11_01DBS,1941,12,3.1756732354032833,0.28869756685484393,2.3485603332519673,0.520349882973941
C021_A17_SY15_P01_S11_01DBS,1942,48,74.53276730542073,1.5858035596898028,26.987817138433456,52.699697230804624
C021_A17_SY15_P01_S11_01DBS,1944,25,32.27242438467015,1.3446843493612564,16.034210205078125,11.175253660121188
C021_A17_SY15_P01_S11_01DBS,1945,69,33.885376440525874,0.49831435941949814,16.002334594726562,31.298368209798586
C021_A17_SY15_P01_S11_01DBS,1951,21,27.90824003505072,1.395412001752536,17.63744354248047,16.537095130394036
C021_A17_SY15_P01_S11_01DBS,1960,15,10.270059350728491,0.7335756679091779,5.233894348144531,1.2794071810506291
C021_A17_SY15_P01_S13_01NBS,2304,599,815.8810144072818,1.3643495224202036,398.67855072021484,8852.982819290482
C021_A17_SY15_P01_S13_01NBS,2306,77,122.94381785205299,1.6176818138428024,28.162601470947266,25.681913630525507
C021_A17_SY15_P01_S13_01NBS,2309,341,105.79370344505776,0.31115795130899343,11.675464630126953,4.1982757744597645
C021_A17_SY15_P07_S03_01DAS,2371,600,1265.0651805131752,2.1119619040286732,406.9954833984375,5327.358423451311
C021_A17_SY15_P07_S03_01DAS,2373,46,9.814178308876974,0.2180928513083772,2.903423309326172,0.20881566256500894
C021_A17_SY15_P07_S03_01DBS,2350,599,1059.130500067194,1.7711212375705583,314.2900390625,4311.748372090111
C021_A17_SY15_P07_S06_01DAS,3675,600,1140.2064529994113,1.9035166160257284,414.86058807373047,4014.9951753197283
C021_A17_SY15_P07_S07_01DAS,3173,599,652.3033611099795,1.0908082961705343,220.52622985839844,1230.464285761631
C021_A17_SY15_P07_S07_01DBS,2702,599,1102.1678191017836,1.8430899984979658,238.39974975585938,2120.469804346563
C021_A17_SY15_P07_S08_01DAS,2159,599,2053.2983222387375,3.433609234512939,440.4580993652344,14922.118183338069
C021_A17_SY15_P07_S08_01DAS,2161,50,14.77480113090488,0.3015265536919363,5.399261474609375,0.865264531730488
C021_A17_SY15_P07_S08_01DAS,2162,10,30.916932367974262,3.4352147075526958,19.576871871948242,28.542769813044288
C021_A17_SY15_P07_S08_01DAS,2163,12,5.433044501578021,0.4939131365070928,3.726898193359375,0.5983179140150444
C021_A17_SY15_P07_S08_01DAS,2167,11,1.3032958352571475,0.13032958352571475,0.916015625,0.045116801769280235
C021_A17_SY15_P07_S08_01DAS,2168,60,14.216749618356637,0.2409618579382481,3.153167724609375,0.22505555037693636
C021_A17_SY15_P07_S09_01DBS,2895,599,1431.7682771517943,2.3942613330297564,384.26078033447266,6406.347101429568
C021_A17_SY15_P07_S09_01DBS,2898,25,3.8286836700291635,0.15952848625121516,2.08197021484375,0.24731769327819347
C021_A17_SY15_P07_S09_01DBS,2899,23,14.932323094236798,0.6787419588289454,6.95947265625,1.7371821459312349
C021_A17_SY15_P07_S09_01DBS,2901,38,6.93333301848858,0.18738737887806972,2.6553955078125,0.21379740249141121
C021_A17_SY15_P07_S10_01DAS,2793,600,1289.0595391358095,2.152019263999682,345.7630920410156,4914.7625844556
C021_A17_SY15_P07_S10_01DAS,2798,10,18.137271116064124,2.0152523462293472,12.63824462890625,13.98579281420447
C021_A17_SY15_P07_S10_01DBS,896,599,1107.9001201672502,1.8526757862328598,419.6628952026367,4791.431113126579
C021_A17_SY15_P07_S11_01DAS,2793,600,457.0926629420208,0.7630929264474471,139.40577697753906,951.6208647287037
C021_A17_SY15_P07_S11_01DAS,2795,16,2.7850978366522847,0.18567318911015232,1.2729034423828125,0.07700175913252028
C021_A17_SY15_P07_S13_01NAS,1334,600,1658.9067227484916,2.7694603050893014,420.63746643066406,12538.240012991737
C021_A17_SY15_P07_S13_01NAS,1338,12,6.776274601014554,0.6160249637285958,6.315967559814453,3.0545933127448537
C021_A17_SY15_P07_S14_01DAS,3523,600,1178.279922039771,1.9670783339562121,362.0875473022461,8823.307162705
C021_A17_SY15_P07_S14_01DBS,3079,600,1197.2256179994201,1.9987072086801672,474.50960540771484,11936.05490221454
C021_A17_SY15_P07_S14_01DBS,3082,44,24.268213771282774,0.5643770644484366,9.464889526367188,3.470724794793228
C021_A17_SY16_P01_S01_01DAS,2106,599,259.57249497834556,0.4340677173550929,118.97526550292969,1945.970678826659
C021_A17_SY16_P01_S01_01DAS,2107,599,182.32904510146392,0.304898068731545,6.425384521484375,1.1527711873626927
C021_A17_SY16_P01_S01_01DAS,2109,148,34.68722295429925,0.2359675030904711,8.08289337158206,2.721541632653273
C021_A17_SY16_P01_S01_01DBS,3179,599,300.2691501622154,0.502122324685979,116.26375579833984,2146.77278233491
C021_A18_SY15_P01_S01_01DAS,1074,599,1438.641972592897,2.4057558070115332,322.3756408691406,5648.2278918421625
C021_A18_SY15_P01_S01_01DAS,1075,599,210.10430794627382,0.3513449965656753,9.141143798828125,2.331507582111547
C021_A18_SY15_P01_S01_01DBS,1066,599,1255.3652363798585,2.0992729705348805,313.76722717285156,6088.318488196882
C021_A18_SY15_P01_S01_02DAS,1238,599,1153.1684132854737,1.9283752730526316,301.24430084228516,3185.8356961108207
C021_A18_SY15_P01_S01_02DAS,1239,599,147.8339020940538,0.24721388310042441,7.46435546875,1.2329111147135023
C021_A18_SY15_P01_S01_02DBS,2346,599,1633.970503263554,2.7323921459256755,312.5770034790039,4880.798926559987
C021_A18_SY15_P01_S02_01DAS,3332,599,1855.5454064264957,3.102918739843638,430.3367919921875,7074.178122392624
C021_A18_SY15_P01_S02_01DAS,3342,124,11.26325628238534,0.09157118928768569,2.690399169921875,0.2651412848210686
C021_A18_SY15_P01_S02_01DAS,3344,479,195.10936801076045,0.4081785941647708,23.589370727539062,6.332470360369073
C021_A18_SY15_P01_S02_01DAS,3350,11,9.899702377095107,0.9899702377095106,9.092239379882812,2.8359764678777033
C021_A18_SY15_P01_S02_01DAS,3353,273,35.66816711050248,0.13113296731802382,5.98974609375,1.4281414236443672
C021_A18_SY15_P01_S02_02DAS,581,600,1441.2143537739032,2.406033979589154,382.8298568725586,5880.418346891704
C021_A18_SY15_P01_S02_02DAS,586,41,10.992614229233242,0.27481535573083105,4.214019775390625,0.6190143004912996
C021_A18_SY15_P01_S02_02DAS,588,220,182.41229719237666,0.8329328638921308,25.359634399414062,19.374914950705115
C021_A18_SY15_P01_S02_02DAS,589,13,18.303963155007498,1.5253302629172916,13.978385925293026,7.040233907724479
C021_A18_SY15_P01_S02_02DAS,592,25,2.087182139588956,0.08696592248287316,1.364501953125,0.1377335057258606
C021_A18_SY15_P01_S02_02DAS,593,51,10.088273675794332,0.20176547351588664,3.57305908203125,0.48495763429698
C021_A18_SY15_P01_S02_02DAS,597,108,20.784064593437265,0.1942435943311894,6.173065185546875,0.8814926268762029
C021_A18_SY15_P01_S02_02DAS,600,44,12.362208169104743,0.28749321323499405,2.72076416015625,0.18251014238861793
C021_A18_SY15_P01_S03_01NAS,569,599,1104.818789730944,1.8475230597507424,177.07696533203125,1774.749215697237
C021_A18_SY15_P01_S03_01NAS,570,55,56.6805169930556,1.0496392035751037,24.07513427734375,22.445919579805512
C021_A18_SY15_P01_S03_01NAS,572,18,79.4493109782131,4.673488881071359,52.91490173339844,182.41800014901747
C021_A18_SY15_P01_S03_01NBS,2298,599,1198.046877907643,2.0034228727552557,330.27754974365234,2854.753590120405
C021_A18_SY15_P01_S03_01NBS,2301,38,12.791159171316545,0.3457070046301769,5.760833740234375,1.40058357274054
C021_A18_SY15_P01_S03_01NBS,2302,39,58.80209933181248,1.547423666626644,21.39251708984375,17.578144532493038
C021_A18_SY15_P01_S03_01NBS,2303,292,97.0607916024098,0.3335422391835388,8.66790771484375,1.5765668216536648
C021_A18_SY15_P01_S04_01DAS,428,599,2707.9583455708475,4.528358437409444,603.7188873291016,17726.20119237632
C021_A18_SY15_P01_S04_01DAS,440,11,1.1293793079522563,0.11293793079522563,1.090240478515625,0.054987032028022874
C021_A18_SY15_P01_S04_01DAS,442,34,5.781519940806706,0.17519757396383956,2.6502227783203125,0.21435051712801256
C021_A18_SY15_P01_S04_01DBS,719,600,2651.402008698855,4.4263806489129465,641.4274597167969,14286.50739780551
C021_A18_SY15_P01_S04_01DBS,721,12,70.40350827772315,6.400318934338468,59.26893615722656,267.08200448393274
C021_A18_SY15_P01_S04_01DBS,727,72,26.569844979268968,0.37422316872209815,10.386566162109375,4.9294851295135125
C021_A18_SY15_P01_S04_01DBS,729,12,14.289589554204609,1.2990535958367826,12.502655029296875,9.223416867620672
C021_A18_SY15_P01_S04_01DBS,730,19,9.336238240080673,0.5186799022267041,7.572113037109375,4.569338226303912
C021_A18_SY15_P01_S04_01DBS,740,71,40.28034881293988,0.5754335544705697,12.075424194335938,4.6618686882295695
C021_A18_SY15_P01_S04_01DBS,743,33,6.648013250615298,0.20775041408172806,4.94671630859375,1.0020769197353538
C021_A18_SY15_P01_S04_02DAS,2848,599,2267.684534924339,3.792114606896888,755.9206390380859,27922.297867577618
C021_A18_SY15_P01_S04_02DAS,2850,52,7.126314948065973,0.1397316656483524,2.9026031494140625,0.3745482065549572
C021_A18_SY15_P01_S04_02DAS,2855,220,42.33328548058498,0.19330267342732868,6.247802734375,0.9371865529201979
C021_A18_SY15_P01_S05_01DAS,2628,599,1573.7966908339267,2.6317670415283057,493.7532043457031,15875.282809067196
C021_A18_SY15_P01_S05_01DAS,2629,599,155.86298481035092,0.26064044282667376,14.358329772949219,2.5988961743843357
C021_A18_SY15_P01_S05_01DBS,2578,599,1738.3836657111667,2.9069960965069677,491.0487594604492,11673.08142258204
C021_A18_SY15_P01_S05_01DBS,2579,21,1.9127796870812548,0.09563898435406273,1.0200271606445312,0.05298907088317492
C021_A18_SY15_P01_S05_01DBS,2580,54,183.03099540784893,3.4534150076952628,33.79801940917969,169.02198985980792
C021_A18_SY15_P01_S05_01DBS,2581,13,8.84075652162545,0.7367297101354541,7.5397186279296875,2.7936326014153527
C021_A18_SY15_P01_S05_01DBS,2583,51,8.961762467296325,0.1792352493459265,4.488609313964844,0.7356255350773473
C021_A18_SY15_P01_S05_01DBS,2585,26,31.37478415586699,1.2549913662346797,16.942062377929688,14.430706238287321
C021_A18_SY15_P01_S05_01DBS,2589,213,46.936317318688424,0.2213977232013605,6.432098388671875,1.3317555644819246
C021_A18_SY15_P01_S05_01DBS,2590,79,25.1495915546789,0.3224306609574218,8.53155517578125,2.7468977753777923
C021_A18_SY15_P01_S05_01DBS,2592,54,33.544916991253196,0.6329229620991169,11.245193481445312,5.8796949924889805
C021_A18_SY15_P01_S05_01DBS,2593,35,3.4285065395456225,0.10083842763369477,2.0206298828125,0.17900808535288185
C021_A18_SY15_P01_S05_01DBS,2595,117,114.43803533409391,0.9865347873628786,32.851409912109375,26.263046313249134
C021_A18_SY15_P01_S05_01DBS,2599,19,3.180788935531521,0.17671049641841782,2.51654052734375,0.4256860075294042
C021_A18_SY15_P01_S05_02DAS,2856,599,1621.5796069176863,2.711671583474392,511.2567443847656,12430.413584050197
C021_A18_SY15_P01_S05_02DAS,2857,599,94.7815985415233,0.158497656423952,9.168273925781193,0.5986373097973525
C021_A18_SY15_P01_S06_01DBS,1421,599,696.6577527102039,1.1649795195822807,136.40443420410156,1037.1450011327718
C021_A18_SY15_P01_S06_01DBS,1423,34,15.786495308630249,0.47837864571606814,7.117340087890625,2.9621068561436754
C021_A18_SY15_P01_S06_02DAS,3049,599,973.0938599124512,1.627247257378681,214.54788970947266,1752.1095178601083
C021_A18_SY15_P01_S06_02DBS,1872,600,986.0148397987894,1.646101568946226,183.8989715576172,1246.1363556068877
C021_A18_SY15_P01_S06_02DBS,1883,10,11.016059713265278,1.2240066348072531,4.88543701171875,1.7471208578161896
C021_A18_SY15_P01_S07_01DBS,100,599,1278.8019047312673,2.138464723630882,498.82347106933594,9026.176484630432
C021_A18_SY15_P01_S07_01DBS,101,97,258.3291795093635,2.6909289532225364,178.74449157714844,2080.9965875220887
C021_A18_SY15_P01_S07_01DBS,104,10,14.054949644764884,1.5616610716405426,10.771591186523438,10.340826922247652
C021_A18_SY15_P01_S07_01DBS,113,341,390.96991216309334,1.1499115063620393,82.620361328125,113.18110788265379
C021_A18_SY15_P01_S07_02DAS,1080,599,1629.5739114135934,2.7250399856414607,658.5649566650391,15049.84518925914
C021_A18_SY15_P01_S07_02DAS,1081,23,158.66470972617242,7.212032260280565,111.62101745605469,328.0889070472814
C021_A18_SY15_P01_S07_02DAS,1085,355,526.2852726699975,1.4866815612146824,43.425357818603516,32.408636107093656
C021_A18_SY15_P01_S07_02DAS,1086,12,26.02115240878614,2.3655593098896492,16.984893798828125,12.635321277935873
C021_A18_SY15_P01_S07_02DAS,1089,11,16.4757729087828,1.6475772908782802,18.829315185546875,15.1148083983528
C021_A18_SY15_P01_S07_02DAS,1090,51,172.42224647578996,3.4484449295157993,58.686370849609375,118.45093293495887
C021_A18_SY15_P01_S07_02DAS,1093,26,63.11463411150818,2.5245853644603273,72.2952880859375,367.7183005159763
C021_A18_SY15_P01_S07_02DAS,1098,13,38.6289524711332,3.2190793725944338,33.607197999954224,41.29301461458623
C021_A18_SY15_P01_S07_02DAS,1099,18,116.31847923673463,6.8422634845138015,48.76914978027344,118.20480795324863
C021_A18_SY15_P01_S07_02DAS,1100,51,62.89645752966064,1.2579291505932126,37.09999084472656,123.98097544211069
C021_A18_SY15_P01_S07_02DBS,3054,599,1359.2558000500599,2.273003010117157,468.33534240722656,8977.361198058063
C021_A18_SY15_P01_S07_02DBS,3055,23,41.851914721108535,1.9023597600503879,40.10462951660156,94.16329564682395
C021_A18_SY15_P01_S07_02DBS,3060,13,49.77454042242488,4.147878368535406,35.34196472167969,94.12151919304499
C021_A18_SY15_P01_S07_02DBS,3062,94,172.36679652009977,1.8534064141946212,115.20883178710938,384.05361978609403
C021_A18_SY15_P01_S07_02DBS,3064,67,75.00645334073592,1.1364614142535745,27.540390014648438,17.679338711549068
C021_A18_SY15_P01_S07_02DBS,3065,10,2.853866892443561,0.3170963213826179,1.6466665267944336,0.13720876619689307
C021_A18_SY15_P01_S08_02DAS,234,599,1629.5739114135934,2.7250399856414607,658.5649566650391,15049.84518925914
C021_A18_SY15_P01_S08_02DAS,235,23,158.66470972617242,7.212032260280565,111.62101745605469,328.0889070472814
C021_A18_SY15_P01_S08_02DAS,239,355,526.2852726699975,1.4866815612146824,43.425357818603516,32.408636107093656
C021_A18_SY15_P01_S08_02DAS,240,12,26.02115240878614,2.3655593098896492,16.984893798828125,12.635321277935873
C021_A18_SY15_P01_S08_02DAS,243,11,16.4757729087828,1.6475772908782802,18.829315185546875,15.1148083983528
C021_A18_SY15_P01_S08_02DAS,244,51,172.42224647578996,3.4484449295157993,58.686370849609375,118.45093293495887
C021_A18_SY15_P01_S08_02DAS,247,26,63.11463411150818,2.5245853644603273,72.2952880859375,367.7183005159763
C021_A18_SY15_P01_S08_02DAS,252,13,38.6289524711332,3.2190793725944338,33.607197999954224,41.29301461458623
C021_A18_SY15_P01_S08_02DAS,253,18,116.31847923673463,6.8422634845138015,48.76914978027344,118.20480795324863
C021_A18_SY15_P01_S08_02DAS,254,51,62.89645752966064,1.2579291505932126,37.09999084472656,123.98097544211069
C021_A18_SY15_P01_S08_02DBS,2609,599,1315.2318259695382,2.1993843243637765,554.5324249267578,10186.883622258247
C021_A18_SY15_P01_S08_02DBS,2610,43,8.183869522790111,0.19485403625690742,3.6911122798919678,0.744339905483049
C021_A18_SY15_P01_S08_02DBS,2612,42,76.27345717366784,1.8603282237479961,57.37715148925781,183.3465182981164
C021_A18_SY15_P01_S08_02DBS,2616,31,86.49826986955401,2.883275662318467,73.9276351928711,400.08381150980455
C021_A18_SY15_P01_S08_02DBS,2618,25,66.04281548835706,2.7517839786815443,47.84413146972656,67.54617515197954
C021_A18_SY15_P01_S08_02DBS,2619,138,40.03748586490578,0.29224442237157505,7.658272385597229,1.4462584969372168
C021_A18_SY15_P01_S08_02DBS,2620,42,66.0645830589058,1.6113312941196536,38.74383544921875,65.37483387675904
C021_A18_SY15_P01_S09_02DAS,21,599,2031.4184319048388,3.3970207891385265,455.1142578125,14761.004111298495
C021_A18_SY15_P01_S09_02DAS,22,581,140.21411956186418,0.2417484820032141,8.910797119140625,1.5340555593744007
C021_A18_SY15_P01_S09_02DAS,23,17,7.207971196369786,0.4504981997731116,3.4555418491363525,0.5482398098408164
C021_A18_SY15_P01_S09_02DAS,24,21,252.48001892243553,12.624000946121777,126.96009826660156,1297.5133425387976
C021_A18_SY15_P01_S09_02DAS,26,16,72.38023644381617,4.825349096254412,53.436500549316406,194.02376270041327
C021_A18_SY15_P01_S09_02DAS,27,16,262.8514294890505,17.523428632603366,103.34886932373047,1341.5009044994783
C021_A18_SY15_P01_S09_02DAS,35,22,187.56178935471354,8.931513778795884,109.12348175048828,770.1440546817159
C021_A18_SY15_P01_S09_02DAS,38,12,7.233260345656362,0.6575691223323965,4.0892157554626465,1.1165676163600093
C021_A18_SY15_P01_S09_02DAS,39,22,97.00039329029444,4.6190663471568785,81.10520935058594,616.1196864591416
C021_A18_SY15_P01_S09_02DAS,42,13,78.73839221366536,6.561532684472113,53.62858581542969,197.63501045187678
C021_A18_SY15_P01_S09_02DAS,44,32,82.40557264080437,2.6582442787356246,45.68479919433594,152.50574141624605
C021_A18_SY15_P01_S09_02DAS,45,12,5.010060659076349,0.4554600599160317,3.0476579666137695,0.6232006177150954
C021_A18_SY15_P01_S09_02DBS,3109,599,1497.1730966323914,2.503633940856842,339.3858337402344,7126.08797553915
C021_A18_SY15_P01_S09_02DBS,3117,12,7.955315200375239,0.7232104727613854,7.588348388671875,2.4598333706299957
C021_A18_SY15_P01_S10_01DAS,1800,599,2399.6904049129294,4.012860208884497,1033.603126525879,57816.09710249523
C021_A18_SY15_P01_S10_01DAS,1801,164,22.186073237733133,0.13611087875909897,5.233848571777372,0.9264799167762041
C021_A18_SY15_P01_S10_01DAS,1807,114,22.088903944614906,0.19547702605853898,7.30609130859375,0.9041949921655379
C021_A18_SY15_P01_S10_01DBS,673,599,2803.4435629707014,4.688032713997829,1223.9787216186523,129943.8749277155
C021_A18_SY15_P01_S10_01DBS,674,599,103.71420718321372,0.17343512906891925,7.348158568143873,1.3584177843808967
C021_A18_SY15_P01_S10_01DBS,676,516,146.89965236233428,0.2852420434220083,14.342338562011719,3.9914903799465664
C021_A18_SY15_P01_S10_01DBS,677,11,4.877034045003509,0.4877034045003509,3.096466064453125,0.4353689508982125
C021_A18_SY15_P01_S10_01DBS,681,20,34.42333211589945,1.8117543218894447,9.492233276367188,6.568276846811059
C021_A18_SY15_P01_S10_01DBS,682,11,6.632375325063955,0.6632375325063955,5.716766357421875,3.6652869737653204
C021_A18_SY15_P01_S10_01DBS,689,68,103.88392758765622,1.5505063819053166,30.525466918945312,30.05957499313043
C021_A18_SY15_P01_S10_01DBS,691,25,4.782611257335091,0.1992754690556288,2.9452056884765625,0.38544699270799754
C021_A18_SY15_P01_S10_01DBS,701,13,2.16080985190413,0.1800674876586775,1.5425872802734375,0.24884805640139612
C021_A18_SY15_P01_S10_01DBS,702,12,2.9712264342636967,0.27011149402397244,2.5085067749023438,0.33662974778942745
C021_A18_SY15_P01_S10_01DBS,703,61,27.27580939360329,0.4545968232267215,13.355255126953125,2.9177323608057018
C021_A18_SY15_P01_S10_01DBS,705,35,13.60571322018494,0.4001680358877924,8.105117797851562,4.038385070077315
C021_A18_SY15_P01_S10_01DBS,708,12,3.4535313970147574,0.3139573997286143,2.259246826171875,0.17155526983778044
C021_A18_SY15_P01_S10_01DBS,710,23,6.5334028714768175,0.2969728577944008,5.5750732421875,1.8980369076409178
C021_A18_SY15_P01_S10_01DBS,712,19,3.7559256084577015,0.20866253380320565,3.1364898681640625,0.7267531195534213
C021_A18_SY15_P01_S10_01DBS,713,11,5.921532840447,0.5921532840447,5.71917724609375,3.387364176559947
C021_A18_SY15_P01_S10_02DAS,3043,599,1906.1216791030963,3.187494446660696,986.9896926879883,92529.13799064604
C021_A18_SY15_P01_S10_02DAS,3044,15,5.8090008714694665,0.4149286336763905,4.1638641357421875,0.7368380271570962
C021_A18_SY15_P01_S10_02DAS,3047,486,66.30743962521187,0.13671637036126158,7.558433532714844,0.9240420606085226
C021_A18_SY15_P01_S10_02DBS,1362,599,1816.3327289273166,3.0373457005473523,1335.7345504760742,199656.1649905715
C021_A18_SY15_P01_S10_02DBS,1363,599,94.33311870603352,0.15774769014386875,7.933774501085281,1.3213051223101766
C021_A18_SY15_P01_S10_02DBS,1364,596,87.60831998560313,0.1472408739253834,10.23626708984375,1.1530048584314554
C021_A18_SY15_P01_S10_02DBS,1366,368,255.1441561192166,0.6952156842485466,42.056610107421875,11.788991222291791
C021_A18_SY15_P01_S10_02DBS,1370,44,7.27209774796758,0.16911855227831582,4.834716796875,1.637747372390918
C021_A18_SY15_P01_S10_02DBS,1372,15,3.3286620232229422,0.23776157308735302,2.1525726318359375,0.14984850793249077
C021_A18_SY15_P01_S10_02DBS,1375,28,3.336655949130422,0.12357984996779342,2.546356201171875,0.2802942742496177
C021_A18_SY15_P01_S10_02DBS,1379,11,3.374164297119709,0.33741642971197094,2.6636962890625,0.6079580633485444
C021_A18_SY15_P01_S10_02DBS,1387,31,3.086441132304865,0.10288137107682883,1.204559326171875,0.04726774794166824
C021_A18_SY15_P01_S10_02DBS,1391,30,3.8059040471807446,0.13123807059243947,2.2294158935546875,0.26245836746465
C021_A18_SY15_P01_S10_02DBS,1394,33,8.36740660313354,0.26148145634792314,2.35369873046875,0.217703341184863
C021_A18_SY15_P01_S11_01DAS,128,585,1630.787959118648,2.792445135477137,498.93418884277344,15719.028528640227
C021_A18_SY15_P01_S11_01DAS,129,12,26.85024455752437,2.440931323411306,18.394805908203125,25.440909306803306
C021_A18_SY15_P01_S11_01DAS,132,18,6.286289501911691,0.36978173540657006,2.361114501953125,0.2631839434127611
C021_A18_SY15_P01_S11_01DAS,137,12,10.928690535974818,0.9935173214522561,5.349639892578125,1.1018487902409915
C021_A18_SY15_P01_S11_01DAS,144,19,10.639803211728504,0.5911001784293614,6.72894287109375,1.8112268575113732
C021_A18_SY15_P01_S11_01DAS,145,24,77.44991833442005,3.3673877536704366,46.4912109375,77.71545527081443
C021_A18_SY15_P01_S11_01DAS,147,32,178.09159530401863,5.744890171097375,55.63285827636719,113.41303514044716
C021_A18_SY15_P01_S11_01DBS,1168,599,1603.9793246875392,2.682239673390534,778.6512222290039,16041.309564751411
C021_A18_SY15_P01_S11_01DBS,1169,464,483.4673993222114,1.0442060460522924,39.58255144953725,34.883509373189305
C021_A18_SY15_P01_S11_01DBS,1170,39,10.151370130031397,0.26714131921135253,4.624275207519531,0.9999328313776852
C021_A18_SY15_P01_S11_01DBS,1173,15,21.386608840363248,1.5276149171688034,15.89471435546875,13.86305582340393
C021_A18_SY15_P01_S11_01DBS,1174,46,11.843439235160098,0.26318753855911325,4.30683803558351,0.6994735918566112
C021_A18_SY15_P01_S11_01DBS,1175,22,3.2764026341213217,0.15601917305339627,2.451374053955078,0.3403811211804841
C021_A18_SY15_P01_S11_01DBS,1177,58,23.89308775320811,0.4191769781264581,5.878486633300781,1.3625466465890772
C021_A18_SY15_P01_S11_01DBS,1178,18,10.748055453445753,0.6322385560850443,4.68848991394043,0.6995570730852907
C021_A18_SY15_P01_S11_01DBS,1184,16,2.023600192325864,0.13490667948839094,1.0455179214477397,0.03743398072967292
C021_A18_SY15_P01_S11_02DAS,3016,317,1838.1495219927924,5.816928867065799,776.9934921264648,35043.48194509584
C021_A18_SY15_P01_S11_02DAS,3017,123,206.72270387438527,1.694448392412994,46.74615478515625,99.56276952545645
C021_A18_SY15_P01_S11_02DAS,3020,195,342.3302600763477,1.7645889694657098,35.40087890625,46.32738959195483
C021_A18_SY15_P01_S11_02DAS,3021,51,78.18014857138425,1.5636029714276851,37.823020935058594,43.88911618424989
C021_A18_SY15_P01_S11_02DAS,3022,263,234.46142075800526,0.8948909189236842,45.08301544189453,27.876864912113724
C021_A18_SY15_P01_S11_02DAS,3031,59,99.56770434711827,1.7166845577089356,31.86138916015625,63.978220310073944
C021_A18_SY15_P01_S12_01NAS,817,599,615.711620293205,1.0296180941357942,307.37012481689453,9625.89157974913
C021_A18_SY15_P01_S12_01NAS,819,88,459.78281596454985,5.284859953615515,156.638054728508,975.2317046643834
C021_A18_SY15_P01_S12_01NAS,820,68,497.2090842501882,7.421031108211764,188.56721907481545,441.2781680788541
C021_A18_SY15_P01_S12_01NAS,821,33,190.85124928581186,5.964101540181621,88.87628412246704,435.107527246804
C021_A18_SY15_P01_S12_01NAS,823,13,184.98741464487605,15.415617887073005,211.11962223052979,4149.455577653033
C021_A18_SY15_P01_S12_01NAS,828,10,47.30600740082194,5.256223044535771,25.341708302497864,38.20688645079966
C021_A18_SY15_P01_S12_02NAS,3431,597,675.3400933136214,1.1331209619356064,387.5074996948242,7969.649280073796
C021_A18_SY15_P01_S12_02NAS,3437,45,328.9567480693514,7.476289728848896,115.87836849689484,552.1844378754049
C021_A18_SY15_P01_S12_02NAS,3438,16,53.199649846838035,3.546643323122536,28.59111785888672,59.86354509685384
C021_A18_SY15_P01_S12_02NAS,3439,41,222.7167963092789,5.567919907731972,88.00140476226807,405.0742210638624
C021_A18_SY15_P01_S12_02NAS,3440,36,290.94710847704096,8.312774527915456,96.7134165763855,217.03751398705307
C021_A18_SY15_P01_S13_01NAS,2157,599,478.0164653099943,0.799358637642131,216.64470672607422,2444.4278735493613
C021_A18_SY15_P01_S13_01NAS,2158,72,391.9590764661392,5.520550372762524,131.8209457397461,786.3262047126624
C021_A18_SY15_P01_S13_01NBS,2810,599,597.5983216823985,0.9993282971277566,143.95995330810547,1636.855514427554
C021_A18_SY15_P01_S13_01NBS,2811,205,150.37233484939998,0.7371192884774509,25.98175811767578,18.716707050589093
C021_A18_SY15_P07_S01_01DAS,719,600,1530.374122258662,2.554881673219803,304.7495880126953,5246.24155584588
C021_A18_SY15_P07_S01_01DAS,720,426,464.3297209676084,1.0925405199237845,29.06645965576172,22.20911769985797
C021_A18_SY15_P07_S01_01DBS,3419,600,824.6400778239831,1.3766946207412072,254.5341339111328,2458.4284560189003
C021_A18_SY15_P07_S01_01DBS,3421,75,52.36627062830837,0.7076523057879509,16.403244018554688,9.329407183921253
C021_A18_SY15_P07_S01_01DBS,3423,104,21.82238451115167,0.2118678107878803,4.9495086669921875,0.6836661700513885
C021_A18_SY15_P07_S01_01DBS,3424,24,24.512986300610738,1.0657820130700322,10.308212280273438,4.378591982099654
C021_A18_SY15_P07_S01_01DBS,3427,102,22.842074975865803,0.22615915817688914,3.5810089111328125,0.2726973699328493
C021_A18_SY15_P07_S01_01DBS,3428,28,4.744146124843615,0.1757091157349487,1.8662567138671875,0.17167115888507248
C021_A18_SY15_P07_S01_02DBS,2383,601,954.3755374401812,1.5906258957336354,239.17179107666016,2722.490562303797
C021_A18_SY15_P07_S01_02DBS,2392,90,17.881625373961832,0.200917139033279,4.6244964599609375,0.7480086095707582
C021_A18_SY15_P07_S01_02DBS,2394,61,40.869972330767986,0.6811662055127997,13.953178405761719,6.461448252426527
C021_A18_SY15_P07_S01_02DBS,2397,290,48.052023476087236,0.16626997742590738,4.309211730957031,0.3936936410121408
C021_A18_SY15_P07_S01_02DBS,2400,33,27.37746443893136,0.855545763716605,19.37579345703125,16.581262248857087
C021_A18_SY15_P07_S01_03DAS,3600,600,565.3487801557746,0.9438210019295069,164.67758178710938,979.1708759252709
C021_A18_SY15_P07_S01_03DAS,3601,29,6.580811988031469,0.23502899957255247,3.0114212036132812,0.4272902031161191
C021_A18_SY15_P07_S01_03DBS,2417,599,606.9485518960747,1.0149641336054762,177.86666107177734,1404.4624635719838
C021_A18_SY15_P07_S01_03DBS,2418,18,2.834873357759417,0.16675725633878924,1.6219329833984375,0.13015165094668507
C021_A18_SY15_P07_S01_03DBS,2420,77,62.109271819864965,0.8172272607876969,16.251785278320312,11.351072921692111
C021_A18_SY15_P07_S01_03DBS,2424,46,8.184998321428012,0.18188885158728915,1.8124771118164062,0.09473872640731767
C021_A18_SY15_P07_S01_03DBS,2426,58,12.028313790301215,0.2110230489526529,3.312835693359375,0.7120141009056968
C021_A18_SY15_P07_S01_03DBS,2427,16,2.1723149102209844,0.1448209940147323,1.4589767456054688,0.10354041890877852
C021_A18_SY15_P07_S02_02DAS,1834,600,952.7583823432905,1.5905816065831226,249.14520263671875,2050.3185329879284
C021_A18_SY15_P07_S02_02DAS,1835,43,29.458244047510327,0.7013867630359601,17.712879180908203,12.861758332966115
C021_A18_SY15_P07_S02_02DBS,1698,599,815.827732498846,1.3642604222388728,183.74351501464844,1092.6334575016406
C021_A18_SY15_P07_S02_03DAS,989,600,902.9482459661577,1.507426120143836,262.88604736328125,2697.5349117474216
C021_A18_SY15_P07_S02_03DAS,990,33,18.308980921118614,0.5721556537849567,6.586551666259766,1.9152517435983287
C021_A18_SY15_P07_S02_03DAS,991,24,10.56178612629518,0.4592080924476165,6.825916290283203,2.0130061689271264
C021_A18_SY15_P07_S02_03DBS,911,599,814.2371460636219,1.361600578701709,218.98724365234375,1234.2975290369116
C021_A18_SY15_P07_S03_01DAS,2000,600,1208.0242762832777,2.0167350188368576,291.9181671142578,1754.8247574688921
C021_A18_SY15_P07_S03_01DAS,2015,23,36.26732087416441,1.6485145851892915,30.998931884765625,20.1848979371165
C021_A18_SY15_P07_S03_01DAS,2018,32,30.523824634395453,0.9846395043353372,10.923995971679688,3.561906464466113
C021_A18_SY15_P07_S03_01DBS,1010,600,1350.015017027228,2.253781330596374,316.75513458251953,2260.101942958888
C021_A18_SY15_P07_S03_02DBS,3180,600,1519.4674721927856,2.536673576281779,324.96105194091797,3707.2646323577037
C021_A18_SY15_P07_S03_03DAS,1395,599,740.9980986836053,1.2391272553237547,223.48785400390625,1344.442790380018
C021_A18_SY15_P07_S03_03DBS,2992,599,1542.831026025558,2.5799849933537757,337.2318878173828,3703.893956444692
C021_A18_SY15_P07_S06_01DAS,153,599,1728.480760633653,2.8904360545713264,441.5000991821289,10433.38735432275
C021_A18_SY15_P07_S06_01DAS,156,16,47.1985547958963,3.14657031972642,32.155845642089844,65.20372759229008
C021_A18_SY15_P07_S06_01DBS,3049,600,1231.922183390193,2.0566313579135107,444.23702239990234,5303.778947580851
C021_A18_SY15_P07_S06_02DAS,2976,599,1133.6303564579623,1.8957029372206728,405.98577880859375,5578.339961376501
C021_A18_SY15_P07_S06_02DAS,2977,13,3.5111347199965297,0.2925945599997108,1.8100738525390625,0.16784202335774348
C021_A18_SY15_P07_S06_02DBS,3562,600,1511.632679403837,2.523593788654152,407.6238250732422,6478.14169201899
C021_A18_SY15_P07_S06_02DBS,3566,13,55.87849416049432,4.656541180041193,42.96106719970703,133.1690553830332
C021_A18_SY15_P07_S06_02DBS,3570,19,41.277732268652535,2.2932073482584743,37.02923583984375,93.79006271582347
C021_A18_SY15_P07_S06_03DAS,3332,599,2079.9202490499624,3.4781275067725126,434.1216812133789,11666.075779860312
C021_A18_SY15_P07_S06_03DAS,3335,11,24.10215494826091,2.410215494826091,24.604530334472656,57.40650558039211
C021_A18_SY15_P07_S06_03DAS,3336,20,5.65390912245964,0.2975741643399811,2.8672561645507812,0.30172728903417007
C021_A18_SY15_P07_S06_03DAS,3341,11,2.0759864545124356,0.20759864545124357,1.94488525390625,0.1545468816266218
C021_A18_SY15_P07_S07_01DAS,989,600,1266.153328712662,2.113778512041172,270.5804443359375,3140.4869727132454
C021_A18_SY15_P07_S07_02DAS,3097,599,1217.0056739046822,2.0351265449911073,270.76661682128906,3755.821570342163
C021_A18_SY15_P07_S07_02DBS,1493,600,1469.3779103944144,2.4530516033295733,310.99127197265625,4773.809341077254
C021_A18_SY15_P07_S07_03DBS,3221,73,277.5741703768652,3.8551968107897943,217.6248016357422,2462.6956013871454
C021_A18_SY15_P07_S07_03DBS,3224,529,1493.8771263911647,2.829312739377206,334.8981933593749,5842.580029665743
C021_A18_SY15_P07_S08_01DAS,1547,599,1824.9717131351294,3.0517921624333266,484.7828140258789,7330.434708748532
C021_A18_SY15_P07_S08_01DAS,1553,39,11.641139410457471,0.30634577395940715,3.655426025390625,0.6018899340589117
C021_A18_SY15_P07_S08_01DAS,1555,12,40.25597751540653,3.6596343195824117,22.184221267700195,22.243047791889104
C021_A18_SY15_P07_S08_01DAS,1557,58,10.639484524587077,0.18665762323836976,2.662353515625,0.24337631790797964
C021_A18_SY15_P07_S08_01DAS,1559,101,19.138154837699403,0.19138154837699403,2.8890380859375,0.26155686660130817
C021_A18_SY15_P07_S08_01DBS,3093,599,1659.2581512040895,2.774679182615534,322.4128952026367,5569.1906801136865
C021_A18_SY15_P07_S08_02DBS,2711,599,686.5658201841419,1.148103378234351,327.23609924316406,3100.3623112679184
C021_A18_SY15_P07_S08_03DAS,2319,600,1903.687537387446,3.1781094113312953,493.7369079589844,11209.872284273533
C021_A18_SY15_P07_S08_03DAS,2320,66,17.574658209435274,0.27037935706823496,6.659698486328125,0.4664048196797501
C021_A18_SY15_P07_S08_03DAS,2321,16,44.94991880590222,2.9966612537268147,23.941232681274414,22.826380203176868
C021_A18_SY15_P07_S08_03DAS,2323,85,23.177285918269483,0.2759200704555891,12.82684326171875,1.2004014036917872
C021_A18_SY15_P07_S08_03DAS,2324,18,72.70115870101122,4.276538747118307,40.80263328552246,85.4269758087296
C021_A18_SY15_P07_S08_03DAS,2327,26,12.818614627529257,0.5127445851011703,6.843048095703125,1.1857051453415368
C021_A18_SY15_P07_S08_03DAS,2329,53,7.489126859695939,0.14402167037876806,2.5445556640625,0.2012446826557941
C021_A18_SY15_P07_S08_03DBS,2607,599,1438.0952273500284,2.40484151730774,341.57576751708984,5478.7218357380925
C021_A18_SY15_P07_S09_01DBS,2968,600,1342.64077625807,2.241470411115309,370.94525146484375,3933.812372606343
C021_A18_SY15_P07_S09_01DBS,2972,16,4.869086798702556,0.3246057865801704,4.51446533203125,2.546417454024777
C021_A18_SY15_P07_S09_01DBS,2974,16,2.334445673036918,0.15562971153579452,1.4761962890625,0.22542728319240268
C021_A18_SY15_P07_S09_02DAS,2434,599,1006.8637888412252,1.6837187104368314,253.55691528320312,2559.054139728485
C021_A18_SY15_P07_S09_02DAS,2436,14,4.163575988443427,0.3202750760341098,2.89727783203125,0.4245983687257964
C021_A18_SY15_P07_S09_02DAS,2441,14,33.0461157769762,2.542008905921246,20.690536499023438,15.08310025769324
C021_A18_SY15_P07_S09_02DAS,2443,31,29.161009603238426,0.9720336534412809,14.17034912109375,5.506176451347094
C021_A18_SY15_P07_S09_02DAS,2444,26,26.444157700073717,1.0577663080029487,7.9737701416015625,2.0289716993764415
C021_A18_SY15_P07_S09_02DBS,3602,600,993.830449564516,1.659149331493349,331.050048828125,4181.077040931149
C021_A18_SY15_P07_S09_02DBS,3605,19,2.473062989097368,0.13739238828318712,1.34954833984375,0.09602920071239947
C021_A18_SY15_P07_S09_02DBS,3606,221,53.32540674119197,0.2423882124599635,5.11785888671875,0.6398812144689945
C021_A18_SY15_P07_S09_02DBS,3607,26,6.364040351631102,0.2545616140652441,2.194061279296875,0.3704511063110039
C021_A18_SY15_P07_S09_03DAS,2219,599,654.3449233120922,1.0942222797861074,229.3091278076172,1285.629138119212
C021_A18_SY15_P07_S09_03DAS,2224,24,9.182564906466867,0.39924195245508115,3.78790283203125,0.6062006960706235
C021_A18_SY15_P07_S09_03DBS,361,599,892.7701008233051,1.492926590005527,325.1502914428711,3604.1960476313084
C021_A18_SY15_P07_S09_03DBS,362,41,9.821021283893554,0.24552553209733885,3.650634765625,0.7139452785964897
C021_A18_SY15_P07_S09_03DBS,363,34,8.124494977080271,0.24619681748728095,2.98858642578125,0.5418328938072798
C021_A18_SY15_P07_S10_02DAS,833,600,867.6533567350378,1.448503099724604,327.60540771484375,2752.855342842391
C021_A18_SY15_P07_S10_02DBS,151,599,1016.3227488912586,1.6995363693833756,298.4876022338867,5395.071520420978
C021_A18_SY15_P07_S10_03DAS,1828,599,903.2324158689489,1.510422100115299,403.71583557128906,6056.914752326555
C021_A18_SY15_P07_S10_03DBS,68,599,1101.3194357763316,1.8416712972848355,420.0143814086914,13705.680907506976
C021_A18_SY15_P07_S11_02NAS,2211,601,701.615215637397,1.169358692728995,253.31124877929688,1655.3144014661732
C021_A18_SY15_P07_S12_01NAS,2428,600,1390.8201782395888,2.3219034695151732,570.8003234863281,14592.138901413437
C021_A18_SY15_P07_S12_01NAS,2429,25,144.84274473751103,6.035114364062959,130.24779510498047,1774.7038623101218
C021_A18_SY15_P07_S12_01NAS,2431,321,710.1621772547683,2.2192568039211507,180.26831817626953,822.0151309081228
C021_A18_SY15_P07_S12_01NBS,2510,20,27.753585447932196,1.4607150235753787,28.203636169433594,26.6971076127456
C021_A18_SY15_P07_S12_01NBS,2519,600,1396.049987784415,2.330634370257788,697.5939559936523,26600.649722661026
C021_A18_SY15_P07_S12_01NBS,2522,32,20.228981822546626,0.6525478007273106,13.282309532165527,7.299817980559281
C021_A18_SY15_P07_S12_01NBS,2525,109,122.94819280306791,1.1384091926209992,25.886982917785645,12.65166742642194
C021_A18_SY15_P07_S12_01NBS,2532,22,8.86271440010465,0.4220340190526024,5.3289031982421875,1.0443107203623971
C021_A18_SY15_P07_S12_03NAS,756,601,1441.6466607031962,2.402744434505327,660.8546142578125,23896.193467198627
C021_A18_SY15_P07_S12_03NAS,757,38,156.6261410544992,4.2331389474188965,144.07769775390625,1705.543022876646
C021_A18_SY15_P07_S12_03NAS,759,61,285.0993767977449,4.751656279962416,139.6748275756836,1160.5848053167363
C021_A18_SY15_P07_S12_03NAS,761,95,95.27369762881713,1.0135499747746504,21.196861267089844,15.876442314929655
C021_A18_SY15_P07_S12_03NBS,3531,600,1122.9916591259287,1.8747773942002148,731.7143020629883,22130.159665626285
C021_A18_SY15_P07_S12_03NBS,3532,61,63.06451498286783,1.0510752497144638,13.884058952331543,4.85197979513165
C021_A18_SY15_P07_S12_03NBS,3535,18,15.702356211426025,0.9236680124368251,9.498236656188965,4.390168425656235
C021_A18_SY15_P07_S12_03NBS,3538,15,2.264276642051292,0.16173404586080656,2.2839736938476562,0.43451153384418123
C021_A18_SY15_P07_S12_03NBS,3539,41,19.0318524662746,0.475796311656865,9.574251174926758,3.486185920198956
C021_A18_SY15_P07_S13_01NAS,2792,600,1197.2044442958254,1.9986718602601425,401.63148498535156,12809.776407897489
C021_A18_SY15_P07_S13_02NBS,1973,548,1247.029090638866,2.279760677584764,300.1369094848633,2816.5998824956014
C021_A18_SY15_P07_S13_02NBS,1974,41,50.38271140568493,1.2595677851421232,14.995620727539062,11.14042715875904
C021_A18_SY15_P07_S13_02NBS,1978,26,81.03866988056627,3.241546795222651,22.64771270751953,22.9120755806619
C021_A18_SY15_P07_S13_02NBS,1979,49,93.09917048611347,1.9395660517940305,25.92847442626953,35.80885380164494
C021_A18_SY15_P07_S13_02NBS,1980,13,26.088211253487874,2.174017604457323,10.263809204101562,5.3173288741595375
C021_A18_SY15_P07_S13_03NAS,1820,600,698.8230891165035,1.1666495644682864,331.7561340332031,1668.8179206833456
C021_A18_SY15_P07_S13_03NBS,3202,601,991.9088514762414,1.6531814191270688,507.3728485107422,10544.220667872007
C021_A18_SY15_P07_S13_03NBS,3209,49,29.804028565007037,0.62091726177098,9.932395935058594,2.6552734756486607
C021_A18_SY15_P07_S14_01DBS,2078,600,1171.5318096457527,1.9558127039161146,474.73563385009766,7709.498492409935
C021_A18_SY15_P07_S14_02DBS,3318,600,957.1671372578206,1.5979417984270796,430.2432632446289,5489.6092659936585
C021_A18_SY15_P07_S14_02DBS,3319,16,6.615384679654363,0.44102564531029087,3.4112396240234375,0.5411451127611137
C021_A18_SY15_P07_S14_02DBS,3322,12,25.499558378960284,2.3181416708145712,30.841217041015625,83.93328838540603
C021_A18_SY15_P07_S14_02DBS,3323,17,20.20638255506657,1.2628989096916605,13.003082275390625,7.911638510158885
C021_A18_SY15_P07_S14_03DAS,1103,600,819.5287008581843,1.3681614371589053,399.28682708740234,3591.719522103186
C021_A18_SY15_P07_S14_03DAS,1111,12,14.024530402546286,1.2749573093223896,6.997833251953125,1.545331945280648
C021_A18_SY15_P07_S14_03DBS,3407,600,1056.4669690666067,1.7637178114634502,454.20247650146484,4348.576764218635
C021_A18_SY15_P07_S14_03DBS,3410,29,12.171161366076461,0.43468433450273075,5.4788818359375,1.3951692075029014
C021_A18_SY15_P07_S14_03DBS,3413,246,97.65730694138433,0.3986012528219769,12.96649169921875,3.315855213371301
C021_A18_SY16_P01_S01_01DAS,556,599,342.73241389363176,0.5731311269124277,91.6118392944336,178.8336052142584
C021_A18_SY16_P01_S01_01DAS,557,599,79.47879286050626,0.13290768036873957,5.41998291015625,0.4808755264597597
C021_A18_SY16_P01_S01_01DBS,2946,599,435.8790147414727,0.7288946734807236,108.27308654785156,541.0785772647002
C021_A18_SY16_P01_S01_01DBS,2947,37,12.734386265055443,0.35373295180709563,2.9129638671875,0.3763587979873312
C021_A18_SY16_P01_S01_02DAS,956,599,240.69312761064933,0.40249686891412934,43.63463592529297,116.6448739892813
C021_A18_SY16_P01_S01_02DAS,957,599,119.12404960103399,0.1992040963227993,6.57452392578125,0.7629047534629972
C021_A18_SY16_P01_S01_02DBS,1195,599,271.2012538523827,0.4535138024287336,72.83168029785156,566.6647880347632
C021_A18_SY16_P01_S01_02DBS,1196,24,14.965152028763658,0.6506587838592894,5.952911376953125,1.078673909372608
C021_A18_SY16_P01_S03_01NAS,1644,495,741.146127510645,1.500295804677419,119.76703643798828,376.8303436600145
C021_A18_SY16_P01_S03_01NAS,1646,47,295.14962306477076,6.416296153581973,97.7577133178711,599.102930628609
C021_A18_SY16_P01_S03_01NAS,1647,11,4.517539482209425,0.45175394822094245,2.5290374755859375,0.33474412036690215
C021_A18_SY16_P01_S03_01NAS,1654,34,141.75667601475647,4.295656848932014,39.094146728515625,72.5940999096315
C021_A18_SY16_P01_S03_01NAS,1659,55,690.8333674795019,12.793210508879666,103.50740814208984,760.8088314190925
C021_A18_SY16_P01_S03_01NAS,1666,26,176.9889454907301,7.079557819629204,42.03605651855469,183.35780161828527
C021_A18_SY16_P01_S03_01NAS,1667,13,35.704929313992615,2.975410776166051,32.09175109863281,39.39778061528255
C021_A18_SY16_P01_S03_01NAS,1671,120,216.7328362741836,1.8212843384385176,28.293975830078125,22.658802509644417
C021_A18_SY16_P01_S03_02NAS,2565,567,894.0337498392123,1.5795649290445448,124.30197143554688,425.0475452953035
C021_A18_SY16_P01_S03_02NAS,2566,56,87.18375690013607,1.5851592163661103,32.31727600097656,39.15969980957824
C021_A18_SY16_P01_S03_02NAS,2567,147,127.47782814636498,0.873135809221678,19.790496826171875,9.676318772901134
C021_A18_SY16_P01_S03_02NAS,2568,75,107.89494301310754,1.458039770447399,39.86781311035156,57.20912507198014
C021_A18_SY16_P01_S03_02NAS,2569,82,102.00136963406901,1.2592761683218396,28.799072265625,33.12428228113018
C021_A18_SY16_P01_S03_02NAS,2572,38,73.27498080475887,1.9804048866151045,30.628250122070312,27.686826402011874
C021_A18_SY16_P01_S03_02NAS,2577,42,139.4157690179831,3.40038461019471,36.78297424316406,58.625586750624784
C021_A18_SY16_P01_S03_02NBS,1571,599,659.017473503027,1.1020359088679381,90.86599731445312,282.34503444151363
C021_A18_SY16_P01_S03_02NBS,1572,152,51.35522581614,0.3401008332194702,8.169036865234375,1.3417278989743817
C021_A18_SY16_P01_S03_02NBS,1574,315,126.39763456520883,0.40254023746881795,13.258392333984375,3.85574334028394
C021_A18_SY16_P01_S04_01DAS,3758,600,485.0998162998478,0.8098494429045874,153.11256408691406,1302.5763431646121
C021_A18_SY16_P01_S04_01DAS,3760,11,2.017798505285904,0.20177985052859043,1.6099700927734375,0.10656432960613454
C021_A18_SY16_P01_S04_01DBS,1708,600,406.71403863702466,0.6789883783589727,95.64469146728516,723.4790606061069
C021_A18_SY16_P01_S04_01DBS,1713,38,128.67320311977923,3.4776541383724116,28.11529541015625,29.94893319577229
C021_A18_SY16_P01_S04_02DAS,1481,600,203.69066457565268,0.3400511929476672,102.11590576171875,441.83947188405
C021_A18_SY16_P01_S04_02DAS,1488,92,15.912941857103995,0.17486749293520873,3.35211181640625,0.2923589063236589
C021_A18_SY16_P01_S04_02DAS,1490,11,2.600361825541276,0.26003618255412764,1.3413848876953125,0.13477664252296706
C021_A18_SY16_P01_S04_02DAS,1491,35,5.3209877102371985,0.15649963853638818,2.211822509765625,0.13045158800650009
C021_A18_SY16_P01_S04_02DBS,3086,599,214.06859557911915,0.3579742400988615,92.5180435180664,1468.4797105612008
C021_A18_SY16_P01_S04_02DBS,3090,13,1.8993792006904207,0.15828160005753505,1.335601806640625,0.1044772935909985
C021_A18_SY16_P01_S05_01DAS,336,599,719.3980850341886,1.2030068311608506,200.98279571533203,1490.2394580350651
C021_A18_SY16_P01_S05_01DAS,337,599,125.65134531148686,0.21011930654094793,10.956985473632812,1.3161715598964796
C021_A18_SY16_P01_S05_01DBS,3154,599,777.1269213234452,1.2995433466947244,159.18795013427734,1518.355995763646
C021_A18_SY16_P01_S05_01DBS,3155,323,637.897688935089,1.9810487234008975,37.475013732910156,113.95083621600706
C021_A18_SY16_P01_S05_01DBS,3157,16,2.4697881096059136,0.16465254064039422,1.511993408203125,0.20504999680611036
C021_A18_SY16_P01_S05_01DBS,3160,28,2.668783710450373,0.0988438411277916,1.7131500244140625,0.14195154330779902
C021_A18_SY16_P01_S06_01DAS,2994,600,679.6140081035066,1.1345809818088592,147.90780639648426,990.8352312205543
C021_A18_SY16_P01_S06_01DBS,1915,600,548.6465949368774,0.9159375541517152,159.60192108154297,336.70053314517116
C021_A18_SY16_P01_S06_02DAS,3154,600,433.9782536147692,0.7245045970196481,183.20462036132812,434.5250733514976
C021_A18_SY16_P01_S06_02DBS,2651,599,259.4554401643656,0.433871973519006,64.55348205566406,173.70709214103186
C021_A18_SY16_P01_S06_02DBS,2655,11,8.148324787503283,0.8148324787503283,4.0601043701171875,1.240173532793006
C021_A18_SY16_P01_S07_01DAS,601,599,653.2703924332949,1.0924254054068476,150.35140991210938,892.92520682181
C021_A18_SY16_P01_S07_01DAS,602,73,170.9168067255966,2.373844537855508,71.83950805664062,64.0758838932174
C021_A18_SY16_P01_S07_01DAS,603,54,206.208727530552,3.890730708123623,71.74264526367188,266.7584934796327
C021_A18_SY16_P01_S07_01DAS,604,14,54.59033741475714,4.199256724212088,25.951343536376953,49.19590310977449
C021_A18_SY16_P01_S07_01DAS,608,16,14.013068641428456,0.9342045760952303,6.544971466064453,2.197851997742817
C021_A18_SY16_P01_S07_01DAS,609,34,173.2845737295611,5.2510476887745785,106.4417724609375,305.2658024001012
C021_A18_SY16_P01_S07_01DAS,611,17,99.13431397558179,6.195894623473862,55.615203857421875,104.27007860043102
C021_A18_SY16_P01_S07_01DAS,613,291,423.74462841318893,1.4611883738385825,37.22590637207031,28.113108081169617
C021_A18_SY16_P01_S07_01DAS,619,33,33.31798221414246,1.041186944191952,12.93182373046875,4.949470847181436
C021_A18_SY16_P01_S07_01DAS,620,19,16.775419169643076,0.9319677316468375,12.737625122070312,4.714178371164494
C021_A18_SY16_P01_S07_01DBS,2676,599,368.98379832787333,0.6170297630900892,81.46585083007812,425.6715615103854
C021_A18_SY16_P01_S07_01DBS,2677,528,396.39159621928087,0.7521662167348783,47.92982482910156,74.32032121419738
C021_A18_SY16_P01_S07_01DBS,2678,13,15.687074507073309,1.3072562089227757,15.63616943359375,15.857354208931724
C021_A18_SY16_P01_S07_01DBS,2679,13,16.545588274257064,1.3787990228547553,15.642288208007812,11.530230596138043
C021_A18_SY16_P01_S07_01DBS,2680,13,11.524762124235146,0.9603968436862621,10.411148071289062,6.739684803031121
C021_A18_SY16_P01_S07_02DBS,2695,599,405.9664106623444,0.6788735964253251,87.58834838867188,466.8164365749189
C021_A18_SY16_P01_S07_02DBS,2696,298,237.5430731876367,0.7998083272311001,49.84272766113281,37.49330632816599
C021_A18_SY16_P01_S07_02DBS,2699,85,105.88323982382816,1.2605147598074782,54.74400329589844,115.74137488605493
C021_A18_SY16_P01_S07_02DBS,2701,40,36.93103784655507,0.9469496883732069,19.224899291992188,15.893359707147901
C021_A18_SY16_P01_S08_01DAS,3297,599,653.2703924332949,1.0924254054068476,150.35140991210938,892.92520682181
C021_A18_SY16_P01_S08_01DAS,3298,73,170.9168067255966,2.373844537855508,71.83950805664062,64.0758838932174
C021_A18_SY16_P01_S08_01DAS,3299,54,206.208727530552,3.890730708123623,71.74264526367188,266.7584934796327
C021_A18_SY16_P01_S08_01DAS,3300,14,54.59033741475714,4.199256724212088,25.951343536376953,49.19590310977449
C021_A18_SY16_P01_S08_01DAS,3304,16,14.013068641428456,0.9342045760952303,6.544971466064453,2.197851997742817
C021_A18_SY16_P01_S08_01DAS,3305,34,173.2845737295611,5.2510476887745785,106.4417724609375,305.2658024001012
C021_A18_SY16_P01_S08_01DAS,3307,17,99.13431397558179,6.195894623473862,55.615203857421875,104.27007860043102
C021_A18_SY16_P01_S08_01DAS,3309,291,423.74462841318893,1.4611883738385825,37.22590637207031,28.113108081169617
C021_A18_SY16_P01_S08_01DAS,3315,33,33.31798221414246,1.041186944191952,12.93182373046875,4.949470847181436
C021_A18_SY16_P01_S08_01DAS,3316,19,16.775419169643076,0.9319677316468375,12.737625122070312,4.714178371164494
C021_A18_SY16_P01_S08_01DBS,1481,599,466.1314475180105,0.7794840259498503,126.83085632324219,651.9833853494611
C021_A18_SY16_P01_S08_01DBS,1482,27,7.129778171808389,0.2742222373772457,2.9253435134887695,0.4491109194825488
C021_A18_SY16_P01_S08_01DBS,1484,375,69.19523522846879,0.18501399793708231,5.195685386657715,0.6374701765584457
C021_A18_SY16_P01_S08_02DAS,2211,600,688.3658555056184,1.1491917454183946,152.761474609375,526.0275171212279
C021_A18_SY16_P01_S08_02DAS,2213,69,93.92701450980746,1.3812796251442274,43.12988090515137,63.16662720507683
C021_A18_SY16_P01_S08_02DAS,2214,94,204.3811744103556,2.1976470366704906,42.030447006225586,48.147082169625435
C021_A18_SY16_P01_S08_02DAS,2217,121,145.75192925381106,1.2145994104484255,28.196102142333984,41.12722412308736
C021_A18_SY16_P01_S08_02DAS,2218,67,55.712012059384826,0.844121394839164,13.71091079711914,7.222891764388303
C021_A18_SY16_P01_S08_02DBS,944,599,385.1343647211379,0.6440373991992273,97.72734069824219,822.2194133537081
C021_A18_SY16_P01_S08_02DBS,945,599,122.04082853475379,0.20408165306815015,7.1659533977508545,1.6350973828057138
C021_A18_SY16_P01_S08_02DBS,946,19,12.545461474345052,0.6969700819080584,12.777412414550781,8.124272099609353
C021_A18_SY16_P01_S09_01DAS,3381,599,1007.059389769928,1.6840458022908495,192.4679718017578,3874.015685176253
C021_A18_SY16_P01_S09_01DAS,3383,587,85.82466140091589,0.14645846655446396,5.38409423828125,0.4449359895141578
C021_A18_SY16_P01_S09_01DAS,3385,23,18.86314606966574,0.8574157304393517,14.696846008300781,7.973623733375563
C021_A18_SY16_P01_S09_01DAS,3391,27,9.005370909473573,0.3463604195951374,3.0624778270721436,0.3728536260774279
C021_A18_SY16_P01_S09_01DAS,3392,71,204.09447881238086,2.915635411605441,105.6475601196289,357.97021728080745
C021_A18_SY16_P01_S09_01DAS,3397,12,51.31208677189592,4.664735161081447,34.949058532714844,88.42068906554088
C021_A18_SY16_P01_S09_01DAS,3399,12,23.166766038166784,2.106069639833344,15.202964782714844,15.593741870402381
C021_A18_SY16_P01_S09_02DBS,832,599,695.2619742773451,1.1626454419353596,92.67131042480469,278.7686958699064
C021_A18_SY16_P01_S10_01DAS,3602,599,1355.0019559857465,2.265889558504593,687.6396255493164,45638.89543767102
C021_A18_SY16_P01_S10_01DAS,3603,571,59.26283041647741,0.10396987792364457,4.425636291503906,0.37008498225354836
C021_A18_SY16_P01_S10_01DBS,533,599,920.8181731441322,1.5398297209768097,596.0635528564453,50448.80292808762
C021_A18_SY16_P01_S10_01DBS,534,599,88.65302754385812,0.14824920993956206,7.802802696824074,1.0046856979158862
C021_A18_SY16_P01_S10_01DBS,535,599,61.18458254293112,0.10231535542296173,6.9243316650390625,0.9052070413630748
C021_A18_SY16_P01_S10_01DBS,536,320,303.2650793920181,0.9506742300690222,31.586883544921875,54.49813613161445
C021_A18_SY16_P01_S10_01DBS,538,13,1.3759383420741491,0.1146615285061791,0.76995849609375,0.03284809887188779
C021_A18_SY16_P01_S10_01DBS,539,16,1.5767381598650203,0.10511587732433468,0.7109222412109375,0.0134903998223308
C021_A18_SY16_P01_S10_01DBS,541,19,21.294330291684723,1.1830183495380402,9.059646606445312,5.49186047242047
C021_A18_SY16_P01_S10_01DBS,542,59,8.16452159904244,0.14076761377659378,3.25775146484375,0.4994280607236511
C021_A18_SY16_P01_S10_01DBS,544,13,0.9912118397295631,0.08260098664413025,0.6959991455078125,0.02531891809115132
C021_A18_SY16_P01_S10_01DBS,546,104,14.948435665452827,0.14513044335391095,6.7689361572265625,2.0155059278914402
C021_A18_SY16_P01_S10_01DBS,551,151,68.77505564548207,0.45850037096988044,16.190322875976562,4.365391091884242
C021_A18_SY16_P01_S11_01DBS,1401,600,661.8211306802979,1.1048766789320499,238.1495361328125,4430.2080674791105
C021_A18_SY16_P01_S11_01DBS,1411,486,869.0430095505615,1.7918412568052813,40.40434354543686,75.26754831608339
C021_A18_SY16_P01_S11_01DBS,1412,19,6.361927880031375,0.35344043777952083,4.040498733520494,0.3470310173821737
C021_A18_SY16_P01_S11_01DBS,1416,37,28.861720109402995,0.8017144474834166,14.844375610351562,5.349585085265388
C021_A18_SY16_P01_S11_01DBS,1417,65,23.12049332486191,0.36125770820096736,7.432194709777832,2.3595281375424104
C021_A18_SY16_P01_S11_01DBS,1418,10,1.5234121831203278,0.16926802034670307,1.2925033569335938,0.08255417380714805
C021_A18_SY16_P01_S11_01DBS,1420,56,11.537767794490922,0.2097775962634713,3.358175754547119,0.2848086773226759
C021_A18_SY16_P01_S12_01NBS,1886,586,1122.9477887506591,1.9195688696592463,129.3431854248047,776.3779359877874
C021_A18_SY16_P01_S12_01NBS,1890,29,15.415849289740168,0.5505660460621489,7.4914398193359375,6.802627608536625
C021_A18_SY16_P01_S12_01NBS,1891,15,10.077736337497521,0.7198383098212515,5.851834446191788,1.3123498818275219
C021_A18_SY16_P01_S12_01NBS,1897,132,54.67308940862059,0.41735182754672207,10.103073120117188,4.192163525384929
C021_A18_SY16_P01_S12_01NBS,1899,43,11.034215401723134,0.2627194143267413,4.367713928222656,1.0400937168120814
C021_A18_SY16_P01_S12_01NBS,1902,19,7.810277288693343,0.43390429381629686,4.8846834897994995,0.8926660432762527
C021_A18_SY16_P01_S12_01NBS,1904,26,70.62293480315292,2.8249173921261166,25.294029235839844,20.569145957506393
C021_A18_SY16_P01_S12_01NBS,1907,23,6.649438894856345,0.30224722249347025,2.257042853161664,0.2744953396376883
C021_A18_SY16_P01_S12_01NBS,1908,14,4.521491588975155,0.34780704530578116,3.9161300659179688,1.605413857339026
C021_A18_SY16_P01_S12_01NBS,1909,53,15.630965648058895,0.3005954932319018,5.518005006015301,1.4583798409476794
C021_A18_SY16_P01_S12_01NBS,1910,15,4.699156512549053,0.3356540366106467,3.1728668212890625,0.8482378640920958
C021_A18_SY16_P01_S12_02NBS,3667,347,434.05987572531603,1.254508311344844,118.60743713378906,813.7205041730639
C021_A18_SY16_P01_S12_02NBS,3668,202,52.90210893913213,0.26319457183647826,15.650382995605469,1.942316264897546
C021_A18_SY16_P01_S12_02NBS,3671,11,4.834718796272937,0.4834718796272937,2.6055755615234375,0.3682248839061738
C021_A18_SY16_P01_S12_02NBS,3673,12,9.890263933593575,0.8991149030539614,7.5568084716796875,6.102157914653717
C021_A18_SY16_P01_S12_02NBS,3674,51,35.65027502824075,0.7130055005648149,16.338638305664062,9.827178218162874
C021_A18_SY16_P01_S12_02NBS,3675,256,343.4406141155519,1.3468259377080467,65.86632537841797,604.7036161477918
C021_A18_SY16_P01_S12_02NBS,3680,43,23.920531068991593,0.5695364540236094,8.639352411031751,2.1103830206276832
C021_A18_SY16_P01_S12_02NBS,3682,13,5.317213804954459,0.4431011504128716,3.4449539184570312,0.6200365571239002
C021_A18_SY16_P01_S13_01NBS,16,599,414.7491456485465,0.6935604442283386,81.6652603149414,708.717190193842
C021_A18_SY16_P01_S13_01NBS,17,12,3.984624196262052,0.3622385632965502,2.2667922973632812,0.24331188557536937
C021_A18_SY16_P01_S13_02NBS,2578,600,571.4747590610092,0.9540480117879954,221.88683319091797,1093.0099577576157
C021_A18_SY16_P01_S13_02NBS,2601,10,230.02277208166294,25.558085786851436,133.34476852416992,1827.972012707979
C021_A18_SY16_P07_S01_01DAS,420,601,272.0805700139941,0.45346761668999014,76.7104263305664,771.502033857309
C021_A18_SY16_P07_S01_01DAS,421,18,7.557356382625702,0.44455037544857073,5.804424285888672,1.7556101527655377
C021_A18_SY16_P07_S01_01DAS,424,98,28.35442974013622,0.29231370866119816,7.469512939453125,2.405190480365607
C021_A18_SY16_P07_S01_01DAS,425,64,43.4601091666554,0.6898430026453238,14.065383911132812,10.459190713780899
C021_A18_SY16_P07_S01_01DAS,427,134,69.60169893974408,0.52332104465973,14.567924499511719,6.563928580032722
C021_A18_SY16_P07_S01_02DAS,3202,601,381.5372384734477,0.6358953974557462,88.74622344970703,318.8147208644931
C021_A18_SY16_P07_S01_02DAS,3210,26,5.660858318790574,0.22643433275162295,2.2099876403808594,0.179632169670083
C021_A18_SY16_P07_S01_02DAS,3211,44,18.00701735040612,0.4187678453582819,7.055736541748047,0.9114430833197196
C021_A18_SY16_P07_S01_02DAS,3212,64,15.021347128067896,0.23843408139790312,3.7181396484375,0.394940557736831
C021_A18_SY16_P07_S01_02DAS,3213,145,91.54540362523377,0.635731969619679,14.418563842773438,6.551026307721106
C021_A18_SY16_P07_S01_02DBS,2623,599,641.5669968434541,1.0728545097716624,99.23033142089844,605.8947927996559
C021_A18_SY16_P07_S01_02DBS,2624,75,21.566318484473076,0.29143673627666317,3.9365005493164062,0.31495629807944514
C021_A18_SY16_P07_S01_02DBS,2626,105,27.526228862452097,0.26467527752357783,3.929443359375,0.3832282205284394
C021_A18_SY16_P07_S01_02DBS,2627,27,4.71194240405551,0.18122855400213497,2.2793655395507812,0.18056262499031284
C021_A18_SY16_P07_S01_03DAS,2962,600,428.4723332798893,0.7153127433721024,97.1087417602539,271.99983990603147
C021_A18_SY16_P07_S01_03DAS,2967,123,60.86285397634874,0.4988758522651536,13.71435546875,11.375440561364664
C021_A18_SY16_P07_S01_03DAS,2968,10,9.988968659514105,1.1098854066126784,8.208290100097656,3.600207191415829
C021_A18_SY16_P07_S02_01DAS,2478,600,280.5248142262245,0.4683218935329291,81.16962432861328,265.0296342446586
C021_A18_SY16_P07_S02_01DBS,1748,599,333.9009056182387,0.5583627184251484,79.33406066894531,242.91830249748995
C021_A18_SY16_P07_S02_03DBS,97,600,202.1968319260237,0.33755731540237677,67.21089172363281,38.12777429296319
C021_A18_SY16_P07_S03_01DAS,3146,599,277.5476399623108,0.464126488231289,54.09847259521473,64.51181386072957
C021_A18_SY16_P07_S03_01DBS,466,600,429.0262574085265,0.7162374915000442,144.70729064941406,647.757726190151
C021_A18_SY16_P07_S03_01DBS,468,11,7.351738636598926,0.7351738636598926,8.605209350585938,4.637239780507921
C021_A18_SY16_P07_S03_02DAS,2242,600,1627.0100109522298,2.7162103688684973,323.1878204345703,927.596191553901
C021_A18_SY16_P07_S03_02DAS,2258,502,24.242143641077725,0.04838751225764017,1.7897567749023438,0.0737926800163771
C021_A18_SY16_P07_S03_03DAS,257,600,442.7869240279435,0.7392102237528272,142.37125396728516,320.33843305669336
C021_A18_SY16_P07_S03_03DAS,267,66,3.484827217614153,0.053612726424833126,0.8055648803710938,0.017566409819638945
C021_A18_SY16_P07_S03_03DAS,268,23,0.9032304199225493,0.041055928178297695,0.7281341552734375,0.030184791077545126
C021_A18_SY16_P07_S03_03DAS,269,65,3.0306190104067543,0.047353422037605536,0.8753433227539062,0.030564448103059264
C021_A18_SY16_P07_S06_01DAS,2211,599,416.83035654928347,0.6970407300155241,73.71418762207031,416.09206137960354
C021_A18_SY16_P07_S06_01DBS,3180,599,420.3615425836759,0.7029457233840734,86.96666717529297,637.5666173989401
C021_A18_SY16_P07_S06_02DAS,2674,600,1036.3828042525174,1.7301883209557887,119.09015655517578,328.50771468834
C021_A18_SY16_P07_S06_03DBS,3174,599,419.07469335138217,0.7007938015909401,80.94011688232422,193.62342784805568
C021_A18_SY16_P07_S07_01DAS,3015,599,527.5997113254717,0.882273764758314,48.020538330078125,45.08471794240529
C021_A18_SY16_P07_S07_02DAS,1821,600,637.5710096891535,1.064392336709772,63.63914489746094,145.79833293824092
C021_A18_SY16_P07_S07_02DBS,2185,599,797.9626596212078,1.3343857184301133,77.88230895996094,210.19923837919814
C021_A18_SY16_P07_S08_01DBS,368,600,332.02640500665603,0.5543011769727145,113.36449432373047,586.7466226706373
C021_A18_SY16_P07_S08_02DAS,314,599,1541.9275508401631,2.5784741652845535,86.27810668945312,254.88434411424953
C021_A18_SY16_P07_S08_02DAS,316,11,1.8933037981157268,0.1893303798115727,1.47161865234375,0.12746281715587154
C021_A18_SY16_P07_S08_02DAS,321,22,2.7578212678887075,0.13132482228041464,1.54193115234375,0.09359565027219759
C021_A18_SY16_P07_S08_03DAS,1185,600,249.27390543581615,0.41615009254727237,119.92222595214844,222.58055176764387
C021_A18_SY16_P07_S08_03DAS,1188,39,6.262361941208081,0.16479899845284424,2.16741943359375,0.20092358934906737
C021_A18_SY16_P07_S08_03DAS,1190,119,19.091000593479123,0.16178814062270444,2.891265869140625,0.22875816383882522
C021_A18_SY16_P07_S08_03DAS,1192,50,6.743843361747031,0.1376294563621843,1.8428955078125,0.09473657361902296
C021_A18_SY16_P07_S08_03DBS,3600,600,175.86552833836384,0.29359854480528186,80.5885238647461,301.0840303196492
C021_A18_SY16_P07_S09_01DAS,2383,599,309.426160000298,0.5174350501677224,69.23588562011719,349.84297020803166
C021_A18_SY16_P07_S09_01DBS,3215,599,371.7112608401738,0.6215907371909261,139.82010650634766,2503.6628841793454
C021_A18_SY16_P07_S09_02DAS,3165,599,698.4058746762929,1.1679028004620282,77.40690612792969,94.44823657298834
C021_A18_SY16_P07_S09_03DAS,897,599,249.45912014566923,0.4171557193071392,85.09327697753906,492.49541122425154
C021_A18_SY16_P07_S09_03DAS,898,17,35.09305101596565,2.193315688497853,36.05747985839844,187.50118377253375
C021_A18_SY16_P07_S09_03DAS,899,47,77.51142083497824,1.6850308877169182,25.034469604492188,15.278106325153171
C021_A18_SY16_P07_S09_03DAS,901,17,23.18545700706175,1.4490910629413594,16.753814697265625,14.838505495969645
C021_A18_SY16_P07_S09_03DAS,902,23,30.90713379184006,1.4048697178109117,13.432723999023438,7.305458577925477
C021_A18_SY16_P07_S09_03DBS,575,599,282.04730232379075,0.4716510072304193,160.88296508789062,2289.9144508031222
C021_A18_SY16_P07_S10_01DAS,897,600,486.4789066157326,0.8121517639661646,178.1586151123047,497.65603285226814
C021_A18_SY16_P07_S10_01DBS,3162,599,727.3593481776225,1.2163199802301379,113.26530456542969,929.120696560086
C021_A18_SY16_P07_S10_02DBS,2415,599,632.80680930984,1.058205366738863,121.9890365600586,1245.4557532097474
C021_A18_SY16_P07_S10_03DAS,859,600,280.81934637935166,0.4688135999655286,125.98768615722656,519.0363646107909
C021_A18_SY16_P07_S10_03DBS,2186,599,226.8591208284642,0.37936307830846855,122.86988830566406,1620.2481632319923
C021_A18_SY16_P07_S11_02NAS,3134,598,566.5137678460526,0.9489342844992505,54.66339111328125,52.33435285041352
C021_A18_SY16_P07_S11_02NAS,3137,12,49.905201334678985,4.5368364849708165,15.451629638671875,13.101729251819458
C021_A18_SY16_P07_S11_03NAS,1493,600,357.21237593821564,0.5963478730187239,96.82470703125,392.58254369190115
C021_A18_SY16_P07_S11_03NAS,1494,15,2.0001299047375425,0.14286642176696732,1.6980438232421875,0.20215818839561606
C021_A18_SY16_P07_S11_03NAS,1496,34,5.2476774643365145,0.15902052922231863,1.994049072265625,0.2647617068826475
C021_A18_SY16_P07_S12_01NAS,1421,590,738.6195284518247,1.2540229685090403,98.23153686523438,191.7687473990022
C021_A18_SY16_P07_S12_01NAS,1427,600,281.296152387913,0.4696096033187196,70.05682373046875,534.9256454457851
C021_A18_SY16_P07_S12_02NAS,958,600,1274.5065743360399,2.127723830277195,106.72174072265625,447.77817922829763
C021_A18_SY16_P07_S12_02NAS,959,580,1287.8597673041959,2.224282845084967,71.46185302734375,177.12976084076922
C021_A18_SY16_P07_S12_02NBS,714,600,633.3553852199932,1.0573545663105062,102.68318176269531,495.40947025133016
C021_A18_SY16_P07_S12_03NAS,1061,600,320.269252298944,0.534673209180207,81.49974822998047,492.9605822675453
C021_A18_SY16_P07_S12_03NAS,1062,306,274.4257717292612,0.8997566286205285,55.875205993652344,49.28465671425043
C021_A18_SY16_P07_S12_03NAS,1064,22,17.93008126555912,0.8538133935980534,5.455329895019531,1.0360901039286152
C021_A18_SY16_P07_S12_03NAS,1065,103,57.959565710507896,0.5682310363775284,10.606864929199219,4.189823360081029
C021_A18_SY16_P07_S12_03NBS,3146,601,231.29525080451467,0.3854920846741911,63.13615417480469,161.5590571475934
C021_A18_SY16_P07_S13_01NAS,1999,600,376.18084032397974,0.6280147584707508,73.86949157714844,176.83313807053574
C021_A18_SY16_P07_S13_02NAS,257,601,551.9951140489176,0.919991856748196,78.6489028930664,112.65891158260598
C021_A18_SY16_P07_S13_02NBS,1759,595,639.8449637324264,1.0771800736236135,62.43623352050781,112.9307928887175
C021_A18_SY16_P07_S13_02NBS,1761,11,33.2733750319557,3.32733750319557,17.61475372314453,15.061965731891402
C021_A18_SY16_P07_S13_03NBS,2276,601,295.80318156509315,0.49300530260848857,162.35494232177734,2680.178002288592
C021_A18_SY16_P07_S14_01DAS,3675,601,492.57962930879404,0.8209660488479901,121.05420684814453,307.3811815301079
C021_A18_SY16_P07_S14_03DAS,2890,600,308.9991564619099,0.5158583580332385,137.07038116455078,1569.2219590661039
C021_A18_SY17_P01_S01_01DBS,830,599,567.8283202534225,0.9495456860425125,258.6689910888672,5344.393065460232
C021_A18_SY17_P01_S01_02DAS,2240,599,444.0185034769622,0.7425058586571275,190.9665756225586,2551.4795327224274
C021_A18_SY17_P01_S01_02DAS,2241,599,85.85596056599724,0.1435718404113666,5.52197265625,0.4104694025256566
C021_A18_SY17_P01_S01_02DBS,622,599,428.02888303770425,0.7157673629393048,252.5185089111328,4867.335522174963
C021_A18_SY17_P01_S02_01DAS,1029,98,170.72950484271468,1.7600979880692234,33.30854797363281,67.61410747359406
C021_A18_SY17_P01_S02_01DAS,1030,53,5.241982966954856,0.10080736474913185,2.3436126708984375,0.12713847171724765
C021_A18_SY17_P01_S02_01DAS,1031,111,13.734730884932311,0.12486118986302101,4.936920166015625,0.7639252548232625
C021_A18_SY17_P01_S02_01DAS,1036,406,839.3941248033171,2.0725780859341163,309.6371383666992,5779.020387731842
C021_A18_SY17_P01_S02_01DAS,1037,79,8.435415907774297,0.10814635779197818,2.7777557373046875,0.28565773475832235
C021_A18_SY17_P01_S02_01DAS,1041,61,14.112651861400135,0.2352108643566689,4.311065673828125,1.401699630407433
C021_A18_SY17_P01_S02_01DAS,1042,246,59.927174718651834,0.24460071313735443,10.56182861328125,1.3899333281066089
C021_A18_SY17_P01_S02_01DAS,1046,12,1.1762687940753747,0.10693352673412497,0.706787109375,0.026431124778658464
C021_A18_SY17_P01_S02_01DAS,1048,132,19.22839768557793,0.14678166172196894,4.983978271484375,0.7708505205878486
C021_A18_SY17_P01_S02_01DAS,1056,36,133.5021482347412,3.8143470924211775,50.9691162109375,91.27861192220487
C021_A18_SY17_P01_S02_01DBS,160,569,1018.1175536107093,1.792460481708995,275.1265106201172,2925.3128429024982
C021_A18_SY17_P01_S02_01DBS,228,43,26.996847079121295,0.6427820733124118,9.052787780761719,3.9792506631719133
C021_A18_SY17_P01_S02_01DBS,229,40,10.252826402652493,0.2628929846833973,4.226982116699219,0.993584116985112
C021_A18_SY17_P01_S02_01DBS,231,11,4.12559860320277,0.41255986032027697,2.7107620239257812,0.380610828677554
C021_A18_SY17_P01_S02_02DAS,371,596,710.9641712077017,1.194897766735633,212.96356964111328,3866.910888873415
C021_A18_SY17_P01_S02_02DAS,372,572,69.97201428201328,0.12254293219266774,5.1527099609375,0.9192545946091263
C021_A18_SY17_P01_S02_02DAS,378,10,0.5950645474714343,0.0661182830523816,0.447479248046875,0.010412392860744149
C021_A18_SY17_P01_S02_02DAS,383,55,4.03176711771871,0.07466235403182796,1.9496612548828125,0.21206750418298131
C021_A18_SY17_P01_S02_02DAS,384,14,0.8164714513873494,0.06280549626056534,0.599212646484375,0.019715199855213264
C021_A18_SY17_P01_S02_02DAS,385,21,1.6386202665100853,0.08193101332550426,1.0110015869140625,0.03487927070554861
C021_A18_SY17_P01_S02_02DAS,390,33,2.839650772918941,0.08873908665371691,1.6492919921875,0.10579942752623413
C021_A18_SY17_P01_S02_02DAS,392,10,1.3695129003906072,0.1521681000434008,1.130218505859375,0.05866976411081852
C021_A18_SY17_P01_S02_02DAS,393,13,0.8291954328917727,0.06909961940764772,0.5809783935546875,0.022450523558430947
C021_A18_SY17_P01_S02_02DAS,394,20,2.5483659988697163,0.13412452625630086,1.6856689453125,0.13435114641208198
C021_A18_SY17_P01_S02_02DAS,413,36,2.4735853544347903,0.07067386726956544,1.727813720703125,0.11054579517570537
C021_A18_SY17_P01_S02_02DAS,416,15,90.93405831480153,6.495289879628681,29.40595245361328,36.695490548911295
C021_A18_SY17_P01_S02_02DBS,2958,599,321.45252668286923,0.5375460312422562,182.70095825195312,2783.5692055426653
C021_A18_SY17_P01_S02_02DBS,2961,382,36.48687317774536,0.09576607133266499,3.501922607421875,0.4089666588120372
C021_A18_SY17_P01_S03_01NAS,122,599,939.0174620395254,1.570263314447367,210.9958953857422,3533.1672669425307
C021_A18_SY17_P01_S03_01NAS,123,80,40.64724962522494,0.5145221471547461,8.1583251953125,1.819504961118655
C021_A18_SY17_P01_S03_01NAS,124,160,111.77143910087548,0.7029650257916698,13.989044189453125,3.839362973625066
C021_A18_SY17_P01_S03_01NAS,125,14,47.991539479191786,3.691656883014753,23.469253540039062,29.048491809121867
C021_A18_SY17_P01_S03_01NAS,126,20,67.74429523251649,3.565489222764026,24.727066040039062,35.533869613825225
C021_A18_SY17_P01_S03_02NAS,3766,599,871.6252172424165,1.45756725291374,204.64967346191406,3551.8298201894504
C021_A18_SY17_P01_S03_02NAS,3767,187,168.30739874505943,0.9048784878766636,45.077880859375,14.569079772932696
C021_A18_SY17_P01_S03_02NBS,69,599,784.9132858658677,1.3125640231870697,230.4714813232422,4128.77479749899
C021_A18_SY17_P01_S03_02NBS,70,337,196.0996180901123,0.5836298157443819,21.47869873046875,9.489691173207435
C021_A18_SY17_P01_S04_01DBS,1160,599,467.7774224164813,0.7822364923352529,260.65647888183594,5328.231125796018
C021_A18_SY17_P01_S04_01DBS,1163,44,36.874810986672955,0.8575537438761153,15.182830810546875,4.617633313655926
C021_A18_SY17_P01_S04_01DBS,1166,20,3.449607013496263,0.18155826386822438,1.2519378662109375,0.07157732194755226
C021_A18_SY17_P01_S04_02DAS,2712,599,507.69255689699213,0.8489842088578464,217.81158447265625,5767.330573821551
C021_A18_SY17_P01_S04_02DAS,2715,40,15.448244353985356,0.3961088295893681,4.284637451171875,1.0572052666911622
C021_A18_SY17_P01_S04_02DBS,960,599,449.5663441201012,0.7517831841473264,229.47857666015625,4742.523037207182
C021_A18_SY17_P01_S04_02DBS,962,85,36.468380006109676,0.4341473810251152,8.982376098632812,3.0550770791846085
C021_A18_SY17_P01_S04_02DBS,965,10,1.562459420898062,0.1736066023220069,0.85296630859375,0.04351034444756805
C021_A18_SY17_P07_S01_01DAS,807,498,195.63031178547757,0.3936223577172587,16.637977600097656,3.223635540944859
C021_A18_SY17_P07_S01_01DAS,816,600,708.2621824532596,1.1824076501723866,210.46631622314453,2806.823738846082
C021_A18_SY17_P07_S01_03DBS,3776,599,247.3819069145733,0.413682118586243,66.14881896972656,244.1866731293239
C021_A18_SY17_P07_S01_03DBS,3777,129,77.95748700856622,0.6090428672544236,10.1419677734375,2.289708861344768
C021_A18_SY17_P07_S01_03DBS,3778,48,5.696116077259625,0.12119395909063033,2.1271133422851562,0.15706918142887438
C021_A18_SY17_P07_S01_03DBS,3780,320,273.92162779821285,0.8586884883956516,34.944801330566406,90.27968688454098
C021_A18_SY17_P07_S01_03DBS,3783,120,20.604388225315795,0.17314611954046885,4.4127960205078125,0.5573367970806107
C021_A18_SY17_P07_S01_03DBS,3784,32,6.686348077567602,0.21568864766347104,2.1431121826171875,0.11880585743659822
C021_A18_SY17_P07_S02_01DAS,305,600,428.15065996778577,0.7147757261565706,225.16238403320312,2923.142746267235
C021_A18_SY17_P07_S02_01DBS,1010,599,339.20017258528446,0.5672243688717131,153.9761505126953,1837.0461384880725
C021_A18_SY17_P07_S02_02DAS,443,600,544.1403928459682,0.9084146792086281,228.1145248413086,3480.088933465937
C021_A18_SY17_P07_S02_02DBS,1198,599,453.1425181286101,0.7577634082418229,173.66038513183594,3304.8356979029863
C021_A18_SY17_P07_S02_03DBS,420,599,245.82696323530752,0.4110818783199122,71.865234375,445.8408983936273
C021_A18_SY17_P07_S03_02DAS,2719,599,464.5624149550825,0.7768602256773954,252.49181365966797,7050.759542504723
C021_A18_SY17_P07_S03_02DAS,2720,10,0.24314328863567003,0.027015920959518894,0.20825576782226562,0.002464562782115536
C021_A18_SY17_P07_S03_02DBS,2799,599,589.3875717013991,0.9855979459889618,249.40958404541016,6653.097666752829
C021_A18_SY17_P07_S03_03DAS,2694,599,510.5309474452675,0.8537306813466011,112.1273193359375,362.6415152197628
C021_A18_SY17_P07_S03_03DBS,1023,595,529.0574654922755,0.8906691338253796,183.637939453125,1020.333878256851
C021_A18_SY17_P07_S06_01DAS,2766,600,494.1122749160208,0.824895283666145,169.85453033447266,4147.558566612681
C021_A19_SY15_P01_S01_01DAS,1635,599,2449.6643991938818,4.096428761193782,400.6470489501953,7254.730501907525
C021_A19_SY15_P01_S01_01DAS,1636,598,92.32746515740526,0.154652370447915,7.637725830078125,0.7278115488025438
C021_A19_SY15_P01_S01_01DBS,2311,580,2474.099343479668,4.273055860932069,396.7659149169922,6378.828390570128
C021_A19_SY15_P01_S01_01DBS,2314,20,123.00827936299994,6.4741199664736815,125.6351547241211,937.3419433123075
C021_A19_SY15_P01_S02_01DAS,3579,599,1788.0638510461692,2.990073329508644,425.6732177734375,7419.959790106174
C021_A19_SY15_P01_S02_01DAS,3581,445,159.15967033257957,0.3584677259742783,26.894134521484375,9.911166581718268
C021_A19_SY15_P01_S02_01DAS,3582,141,24.444720819718782,0.174605148712277,4.662200927734375,0.4636557716699195
C021_A19_SY15_P01_S02_01DAS,3586,170,30.485214107253473,0.18038588229144067,4.92523193359375,1.007527597718147
C021_A19_SY15_P01_S02_01DAS,3589,114,22.03708428439989,0.1950184449946893,3.202117919921875,0.3413230281114084
C021_A19_SY15_P01_S02_01DBS,160,600,1847.2710118498694,3.0839248945740723,445.31514739990234,10658.339440982647
C021_A19_SY15_P01_S02_01DBS,222,19,3.280584881327975,0.18225471562933196,1.596435546875,0.12417918632008197
C021_A19_SY15_P01_S04_01DAS,2353,600,3206.619472414969,5.353287933914807,834.4088592529297,24442.6112470645
C021_A19_SY15_P01_S04_01DAS,2368,16,3.1698484115220595,0.21132322743480397,2.3911590576171875,0.30107008444247185
C021_A19_SY15_P01_S04_01DBS,835,360,2083.47963522531,5.803564443524541,723.2080917358398,23867.65143596346
C021_A19_SY15_P01_S04_01DBS,837,12,49.957789945054564,4.541617267732233,40.15802001953125,104.74334936606789
C021_A19_SY15_P01_S04_01DBS,840,22,36.72159822533291,1.7486475345396624,23.15631103515625,36.67428901674195
C021_A19_SY15_P01_S04_01DBS,844,168,596.2942715559135,3.5706243805743325,75.15963745117188,95.2071245445153
C021_A19_SY15_P01_S04_01DBS,850,17,241.20748144315613,15.075467590197258,115.0355453491211,1091.3181790519752
C021_A19_SY15_P01_S04_01DBS,857,55,405.45075512291294,7.508347317090981,260.58367919921875,3837.358514161629
C021_A19_SY15_P01_S04_01DBS,859,178,1428.7624836365333,8.072104427325046,235.12405395507812,2167.5047263586107
C021_A19_SY15_P01_S04_01DBS,876,14,32.6234998935086,2.509499991808354,18.481887817382812,15.647146088522573
C021_A19_SY15_P01_S05_01DAS,2904,331,1333.3018633448175,4.040308676802478,526.5790100097656,20830.549600252794
C021_A19_SY15_P01_S05_01DAS,2905,599,104.31068612947581,0.17443258550079568,7.4314422607421875,0.5557066778608613
C021_A19_SY15_P01_S05_01DAS,2908,167,763.3253487979025,4.59834547468616,155.99908447265625,727.3490258950008
C021_A19_SY15_P01_S05_01DAS,2912,11,23.39853721213349,2.3398537212133492,19.79956817626953,27.954764741782697
C021_A19_SY15_P01_S05_01DAS,2913,123,455.2081593380501,3.7312144208036893,139.33075714111328,674.9410221692348
C021_A19_SY15_P01_S05_01DAS,2916,15,64.79718436051915,4.628370311465654,53.85150146484375,201.3453030431881
C021_A19_SY15_P01_S06_01DAS,3098,599,3888.7585763392035,6.502940763109036,646.081859588623,26479.813280033213
C021_A19_SY15_P01_S06_01DAS,3099,16,7.447751232013077,0.4965167488008718,3.83984375,0.9271664998050255
C021_A19_SY15_P01_S06_01DBS,1708,600,1431.047769752309,2.3890613852292306,232.51151275634766,2966.822265653202
C021_A19_SY15_P01_S07_01DAS,2292,599,2932.5522774727197,4.903933574369097,810.284782409668,19987.727661175857
C021_A19_SY15_P01_S07_01DAS,2297,10,53.87050573502366,5.9856117483359625,22.45899200439453,34.04999351161474
C021_A19_SY15_P01_S07_01DBS,2980,599,2579.54431409295,4.313619254336037,864.596061706543,29789.925975476956
C021_A19_SY15_P01_S07_01DBS,2981,57,292.6109530393772,5.2251955899888785,240.17909240722656,1810.070336110885
C021_A19_SY15_P01_S08_01DAS,2088,599,2932.5522774727197,4.903933574369097,810.284782409668,19987.727661175857
C021_A19_SY15_P01_S08_01DAS,2093,10,53.87050573502366,5.9856117483359625,22.45899200439453,34.04999351161474
C021_A19_SY15_P01_S09_01DAS,2023,599,2930.509678494643,4.900517857014453,366.9953384399414,5287.976417505837
C021_A19_SY15_P01_S09_01DAS,2024,587,227.1561351848732,0.38763845594688257,14.840301513671875,2.173809333125116
C021_A19_SY15_P01_S09_01DAS,2028,71,618.7540232805045,8.839343189721493,318.1832504272461,5659.000142076148
C021_A19_SY15_P01_S09_01DAS,2030,14,66.62983019419221,5.1253715533994,38.575889587402344,87.55024171127772
C021_A19_SY15_P01_S09_01DAS,2043,18,146.7142001534963,8.630247067852723,120.02127838134766,1449.5192118336533
C021_A19_SY15_P01_S09_01DAS,2045,44,520.2993947692163,12.099985924865495,117.47293090820312,806.8022878395094
C021_A19_SY15_P01_S09_01DAS,2050,67,21.120236029084417,0.32000357619824876,5.143828868865967,1.1223905088545552
C021_A19_SY15_P01_S09_01DAS,2055,13,193.25089197502632,16.10424099791886,174.4888458251953,3231.0945537365174
C021_A19_SY15_P01_S09_01DAS,2058,21,59.94968371731273,2.9974841858656367,30.746681213378906,57.9761100881522
C021_A19_SY15_P01_S09_01DAS,2065,45,145.82980132483752,3.31431366647358,54.68653869628906,67.72025226507233
C021_A19_SY15_P01_S09_01DAS,2066,28,160.0727935667897,5.928621983955174,54.43346405029297,91.741007100671
C021_A19_SY15_P01_S09_01DAS,2071,20,239.10610540804873,12.584531863581512,124.27104187011719,2041.5939502981514
C021_A19_SY15_P01_S09_01DAS,2072,32,187.17376510850352,6.037863390596888,92.83747863769531,295.0346791679076
C021_A19_SY15_P01_S10_01DAS,2766,600,3173.6145627902133,5.298187917846767,719.7545623779297,23476.567667740932
C021_A19_SY15_P01_S10_01DAS,2784,192,57.45116079543598,0.30079141777715174,16.97057342529297,4.476040474815033
C021_A19_SY15_P01_S10_01DAS,2787,318,90.11374945956226,0.2842705030270103,12.877273559570312,3.727130315863373
C021_A19_SY15_P01_S10_01DBS,1276,599,3029.4276139668336,5.065932464827481,841.4276351928711,46451.615824449604
C021_A19_SY15_P01_S10_01DBS,1277,599,111.57079524489619,0.18657323619547858,7.713365209521712,1.9803331932652213
C021_A19_SY15_P01_S10_01DBS,1279,579,73.60945074952582,0.12735199091613464,6.2372894287109375,0.8221079964695702
C021_A19_SY15_P01_S10_01DBS,1283,29,2.307325864880065,0.08240449517428804,1.375518798828125,0.082610438008074
C021_A19_SY15_P01_S10_01DBS,1284,11,0.4343122973649651,0.04343122973649651,0.187347412109375,0.00211877348902058
C021_A19_SY15_P01_S10_01DBS,1285,42,31.211715024398657,0.7612613420585038,7.9053497314453125,5.9217579375552285
C021_A19_SY15_P01_S10_01DBS,1292,130,76.13083124201346,0.5901614824962284,11.892791748046875,3.8284702726771513
C021_A19_SY15_P01_S10_01DBS,1293,55,4.28761520854254,0.07940028163967668,2.0814208984375,0.21575407975761238
C021_A19_SY15_P01_S10_01DBS,1297,11,2.009908358338479,0.20099083583384791,1.7473602294921875,0.11521956793317373
C021_A19_SY15_P01_S10_01DBS,1298,38,5.440601317167537,0.14704327884236584,1.5951690673828125,0.1291015202900617
C021_A19_SY15_P01_S10_01DBS,1305,11,0.5709284432314615,0.05709284432314615,0.3067169189453125,0.004507350554489646
C021_A19_SY15_P01_S10_01DBS,1315,11,0.49209942072005963,0.04920994207200596,0.35626220703125,0.005395240481357929
C021_A19_SY15_P01_S11_01DAS,773,432,1981.959103588274,4.598513001364905,478.3602828979492,11470.161510612996
C021_A19_SY15_P01_S11_01DAS,776,107,235.9494047557821,2.2259377807149257,30.022918701171875,40.49101999146264
C021_A19_SY15_P01_S11_01DAS,778,12,63.155793874959585,5.741435806814508,23.30419921875,25.89375536163506
C021_A19_SY15_P01_S11_01DAS,781,142,350.21995575389826,2.4838294734319026,42.89776611328125,90.06252947810634
C021_A19_SY15_P01_S11_01DAS,784,111,679.6846097849433,6.178950998044939,282.80875396728516,5438.51200720404
C021_A19_SY15_P01_S11_01DAS,787,56,245.49513996693,4.4635479993987275,179.04337310791016,2662.541637665259
C021_A19_SY15_P01_S12_01NBS,762,600,1297.2486175421875,2.1656905134260227,339.05043029785156,5216.124186953791
C021_A19_SY15_P01_S12_01NBS,763,46,23.351975681201893,0.5189327929155976,11.8428955078125,6.511458879206106
C021_A19_SY15_P01_S12_01NBS,765,120,57.99642031706216,0.4873648766139677,13.996330261230469,5.1267273505181965
C021_A19_SY15_P01_S12_01NBS,766,34,16.29207448469837,0.49369922680904155,5.6874542236328125,0.9120666979921652
C021_A19_SY15_P01_S12_01NBS,771,11,12.519344207744021,1.251934420774402,7.875365257263184,3.907892782283364
C021_A19_SY15_P01_S13_01NBS,2242,599,1733.2089062380257,2.8983426525719493,363.2519836425781,5371.70702180984
C021_A19_SY15_P01_S13_01NBS,2243,63,51.131187642336045,0.8246965748763878,20.229248046875,22.82166956660193
C021_A19_SY15_P01_S13_01NBS,2251,115,334.63010414168673,2.9353517907165503,41.958534240722656,47.78733208980533
C021_A19_SY15_P07_S01_02DAS,2628,601,1804.3161955386743,3.007193659231124,411.87915802001953,7291.39661368773
C021_A19_SY15_P07_S01_02DAS,2637,42,14.221490143253082,0.34686561325007514,6.597965240478516,2.0279832627250607
C021_A19_SY15_P07_S01_02DAS,2641,11,8.014095896652377,0.8014095896652377,5.8531951904296875,1.3495609705008793
C021_A19_SY15_P07_S01_02DAS,2645,38,21.302673437272578,0.5757479307370967,5.3349761962890625,1.1707196385102085
C021_A19_SY15_P07_S01_02DAS,2646,43,50.00460567016544,1.1905858492896533,20.898548126220703,19.14877108062262
C021_A19_SY15_P07_S01_02DAS,2648,26,14.384130246502973,0.575365209860119,4.834590911865234,1.0805962578481003
C021_A19_SY15_P07_S01_02DAS,2650,25,51.71209037125179,2.1546704321354913,25.853824615478516,30.90841786732571
C021_A19_SY15_P07_S01_02DBS,2924,509,1305.4117822663989,2.569708232807872,387.87664794921875,5182.359421144225
C021_A19_SY15_P07_S01_02DBS,2925,100,23.71329381150166,0.2395282203181986,4.9939727783203125,0.5835146081335609
C021_A19_SY15_P07_S01_02DBS,2928,24,11.681567668631622,0.5078942464622445,9.222122192382812,6.036173997125035
C021_A19_SY15_P07_S01_02DBS,2930,13,22.06948966823341,1.8391241390194508,21.501136779785156,36.8953941141568
C021_A19_SY15_P07_S01_02DBS,2931,242,56.350812165441155,0.23382079736697575,6.053962707519531,0.9491214509563645
C021_A19_SY15_P07_S01_02DBS,2932,55,45.4753679480137,0.8421364434817351,17.400123596191406,6.9624154307677815
C021_A19_SY15_P07_S01_02DBS,2934,27,53.397547791550146,2.0537518381365443,19.753135681152344,11.172580735961395
C021_A19_SY15_P07_S01_02DBS,2935,93,593.3520765043484,6.449479092438569,185.04306030273438,1194.1998493866834
C021_A19_SY15_P07_S01_02DBS,2936,17,40.906922259854404,2.5566826412409003,15.278823852539062,12.222602493255755
C021_A19_SY15_P07_S02_02DAS,2353,600,2394.2680742581206,3.9971086381604684,368.60621643066406,6844.860354212685
C021_A19_SY15_P07_S02_02DAS,2357,32,22.71166546636252,0.7326343698826618,8.242816925048828,4.196611242694189
C021_A19_SY15_P07_S02_02DAS,2358,31,26.03618669075667,0.8678728896918889,9.5089111328125,4.354647131498882
C021_A19_SY15_P07_S02_02DAS,2360,143,184.71282099368798,1.3007945140400563,32.07793426513672,15.753327819051826
C021_A19_SY15_P07_S02_02DBS,2467,600,1920.3895213589267,3.2059925231367723,386.99227142333984,6042.103557740692
C021_A19_SY15_P07_S03_02DBS,859,600,1945.514112189406,3.2479367482293924,369.0745086669921,4913.604522539993
C021_A19_SY15_P07_S06_02DBS,1429,598,2717.8028502941065,4.552433585082255,523.0420913696289,14430.442185909438
C021_A19_SY15_P07_S06_02DBS,1433,17,20.895906714856036,1.3059941696785022,21.485824584960938,34.24992649096337
C021_A19_SY15_P07_S06_02DBS,1435,11,10.409533548187301,1.0409533548187302,7.4120330810546875,2.703365960388352
C021_A19_SY15_P07_S07_02DAS,3725,599,1912.0628997055896,3.197429598169882,293.8190460205078,5256.401394909405
C021_A19_SY15_P07_S08_02DBS,2236,599,1855.2709510385796,3.102459784345451,346.82318115234375,8322.03403573314
C021_A19_SY15_P07_S09_02DAS,3542,493,1519.4181588567762,3.088248290359301,271.64984130859375,4948.954142344059
C021_A19_SY15_P07_S09_02DAS,3543,13,2.904820228819374,0.2420683524016145,2.273284912109375,0.2577172522185117
C021_A19_SY15_P07_S09_02DAS,3545,37,66.08182625653802,1.835606284903834,29.834030151367188,32.64159044649941
C021_A19_SY15_P07_S09_02DAS,3546,11,1.5452893704464046,0.15452893704464046,0.91046142578125,0.027820918047107943
C021_A19_SY15_P07_S09_02DAS,3549,37,74.53495742407196,2.070415484001999,24.253875732421875,23.986180479898486
C021_A19_SY15_P07_S09_02DAS,3562,73,282.86278277866666,3.9286497608148148,68.14680480957031,182.7698008668647
C021_A19_SY15_P07_S09_02DAS,3563,43,137.12372429982466,3.2648505785672537,51.961334228515625,121.96312337460827
C021_A19_SY15_P07_S09_02DBS,1440,600,2044.309681831984,3.4128709212553994,378.9291534423828,10207.226803053252
C021_A19_SY15_P07_S09_02DBS,1446,20,4.242724624908573,0.22330129604781962,2.668426513671875,0.5352039052988403
C021_A19_SY15_P07_S09_02DBS,1449,25,10.590841145563916,0.4412850477318298,4.37835693359375,0.9717488002359866
C021_A19_SY15_P07_S09_02DBS,1450,10,11.300028139929745,1.2555586822144162,4.2430419921875,1.3596166750881822
C021_A19_SY15_P07_S09_02DBS,1453,12,3.8963872511773063,0.35421702283430057,2.9422607421875,0.5238075998754034
C021_A19_SY15_P07_S09_02DBS,1454,18,3.7272041037572583,0.21924730022101518,3.04669189453125,0.3240143196243379
C021_A19_SY15_P07_S11_02DAS,1672,600,1172.060621919483,1.95669552908094,341.8453674316406,3832.852255099697
C021_A19_SY15_P07_S12_02NAS,578,600,2327.2811482933203,3.8852773761157264,716.3379135131836,19206.313525080688
C021_A19_SY15_P07_S12_02NAS,579,11,110.29918997273002,11.029918997273002,88.2872314453125,557.3100779105511
C021_A19_SY15_P07_S12_02NAS,580,49,192.0479990680304,4.000999980583967,153.8944549560547,1598.0622595519756
C021_A19_SY15_P07_S12_02NAS,581,113,556.9245947520916,4.972541024572246,98.02852630615234,535.2367702330907
C021_A19_SY15_P07_S12_02NBS,528,600,1812.3687384030866,3.0256573262155033,496.1240463256836,12650.431501005058
C021_A19_SY15_P07_S12_02NBS,529,84,60.332847141679586,0.7269017727913203,13.295894622802734,7.031348087204254
C021_A19_SY15_P07_S13_02NAS,3009,600,1951.3767897768196,3.2577241899446068,518.2789306640625,14449.74253123975
C021_A19_SY15_P07_S14_01DAS,2816,600,974.7325289663805,1.627266325486445,386.6674270629883,4633.62500037003
C021_A19_SY15_P07_S14_01DBS,2467,601,1297.4352038230656,2.162392006371776,393.3590545654297,2152.216079772743
C021_A19_SY15_P07_S14_01DBS,2476,52,5.516190950257418,0.1081606068677925,2.0993194580078125,0.16766079311026938
C021_A19_SY15_P07_S14_01DBS,2477,41,5.905429603041613,0.14763574007604033,2.48602294921875,0.24077968250412607
C021_A19_SY16_P01_S01_01DAS,1238,600,1812.8766130861445,3.0265051971388055,227.09075927734375,1520.038281931621
C021_A19_SY16_P01_S01_01DAS,1239,600,121.62577058300371,0.20304803102337848,6.232330322265625,0.8844008580469294
C021_A19_SY16_P01_S02_01DAS,1115,573,2388.5468485915903,4.175781203831452,267.45690155029297,5577.041403347498
C021_A19_SY16_P01_S02_01DAS,1117,236,32.286347275042935,0.13738871180869333,15.515975952148438,1.2330609172749734
C021_A19_SY16_P01_S02_01DAS,1120,48,2.7263882026792157,0.05800825963147267,1.176910400390625,0.06244539505011441
C021_A19_SY16_P01_S02_01DAS,1126,156,14.15375924425225,0.09131457576936935,2.453277587890625,0.1747459794194064
C021_A19_SY16_P01_S02_01DAS,1127,49,2.596332756495353,0.054090265760319854,1.229766845703125,0.07343084283730869
C021_A19_SY16_P01_S02_01DAS,1128,16,1.2198782016063303,0.08132521344042203,0.928924560546875,0.0544257850269787
C021_A19_SY16_P01_S02_01DAS,1158,29,172.89027791832615,6.174652782797362,105.04592895507812,632.1260224260199
C021_A19_SY16_P01_S02_01DBS,1509,600,1055.4711226823097,1.7620552966315688,257.7821731567383,1146.1190038393418
C021_A19_SY16_P01_S02_01DBS,1543,46,4.883820785026949,0.10852935077837665,2.699188232421875,0.44651588797041125
C021_A19_SY16_P01_S03_01NAS,3226,439,1180.1573008225023,2.6944230612385898,132.6134033203125,414.42838029923587
C021_A19_SY16_P01_S03_01NAS,3231,15,17.445979123251476,1.246141365946534,10.787399291992188,5.202365892214907
C021_A19_SY16_P01_S03_01NAS,3232,11,12.868831345388935,1.2868831345388936,8.6943359375,4.934174517031051
C021_A19_SY16_P01_S03_01NAS,3239,57,278.2716684994313,4.969136937489845,114.69441223144531,475.93757278628584
C021_A19_SY16_P01_S03_01NAS,3240,28,86.99264894192157,3.22194996081191,27.026092529296875,17.79709188124445
C021_A19_SY16_P01_S03_01NAS,3243,149,791.6940859778473,5.349284364715184,149.0586700439453,1470.1101806205356
C021_A19_SY16_P01_S03_01NAS,3247,13,23.084798688244987,1.9237332240204157,14.016754150390625,9.320714243654624
C021_A19_SY16_P01_S03_01NAS,3254,25,76.96043745473962,3.206684893947484,42.34260559082031,73.14479730965272
C021_A19_SY16_P01_S03_01NAS,3255,11,19.74969187292807,1.9749691872928072,10.14776611328125,4.52467843836312
C021_A19_SY16_P01_S03_01NAS,3256,12,4.902959877183485,0.4457236251984986,3.094207763671875,0.5912403757655638
C021_A19_SY16_P01_S03_01NBS,3664,599,889.8154517641835,1.4879857052912768,151.30689239501953,727.803768299532
C021_A19_SY16_P01_S03_01NBS,3665,401,294.9632639314726,0.7374081598286816,23.704254150390625,5.512234527347032
C021_A19_SY16_P01_S04_01DAS,1723,600,1477.5983137826652,2.466775148218139,264.67030334472656,2350.1409243836156
C021_A19_SY16_P01_S04_01DAS,1743,16,1.7564301935752673,0.11709534623835115,1.3028717041015625,0.06212713759941835
C021_A19_SY16_P01_S04_01DAS,1744,25,9.93072094645372,0.4137800394355717,3.7757720947265625,0.34342290350049737
C021_A19_SY16_P01_S04_01DBS,3471,453,1845.9471508242552,4.083953873504989,329.6882781982422,6492.1111429905795
C021_A19_SY16_P01_S04_01DBS,3486,28,52.58840273136178,1.947718619680066,25.671180725097656,20.51979798825993
C021_A19_SY16_P01_S04_01DBS,3487,106,193.28808914655346,1.84083894425289,35.696441650390625,26.805740285577684
C021_A19_SY16_P01_S04_01DBS,3494,32,5.244312502227923,0.1691713710396104,3.811920166015625,0.6194280159206755
C021_A19_SY16_P01_S04_01DBS,3495,15,37.34234124261606,2.6673100887582897,21.212112426757812,20.13473979049776
C021_A19_SY16_P01_S04_01DBS,3501,18,47.34069547969179,2.7847467929230465,27.73040771484375,34.7720436700591
C021_A19_SY16_P01_S04_01DBS,3503,23,33.091614299363805,1.5041642863347184,16.484893798828125,10.23710967588022
C021_A19_SY16_P01_S04_01DBS,3507,144,560.9059537451716,3.922419256959242,124.07986450195312,706.6115665887448
C021_A19_SY16_P01_S06_01DAS,325,599,2233.999942685889,3.7357858573342626,563.9593887329102,24832.318189080146
C021_A19_SY16_P01_S06_01DBS,672,599,1145.8417057436714,1.9161232537519588,199.34689331054688,1399.0102270628688
C021_A19_SY16_P01_S08_01DAS,989,600,2073.784931557956,3.462078349846337,268.71934509277344,1786.7654860184784
C021_A19_SY16_P01_S08_01DBS,2204,599,1110.751679597912,1.857444280264067,184.8744354248047,1395.1203551965757
C021_A19_SY16_P01_S08_01DBS,2205,72,16.836106098668626,0.23712825491082573,4.1664886474609375,0.7752532717298372
C021_A19_SY16_P01_S08_01DBS,2207,11,3.117535016185861,0.31175350161858606,2.1768407821655273,0.35576147157059707
C021_A19_SY16_P01_S08_01DBS,2210,52,14.762148728760565,0.28945389664236404,4.524122476577759,0.7714659646855708
C021_A19_SY16_P01_S09_01DAS,1585,599,2536.0789574837377,4.240934711511267,398.1198501586914,7245.117324647284
C021_A19_SY16_P01_S09_01DAS,1586,510,218.24148282595056,0.42876519219243725,22.7923583984375,3.8890185921692946
C021_A19_SY16_P01_S09_01DAS,1587,98,190.44194347019933,1.9633190048474158,99.023681640625,1337.6140255135927
C021_A19_SY16_P01_S09_01DAS,1588,72,271.2637396696514,3.820616051685231,118.68224334716797,821.5615774553764
C021_A19_SY16_P01_S09_01DAS,1593,72,66.74935089705022,0.9401317027753552,18.935203552246094,10.32797818826072
C021_A19_SY16_P01_S09_01DAS,1594,28,46.92190712063915,1.737848411875524,27.620697021484375,51.77279241376979
C021_A19_SY16_P01_S09_01DAS,1597,32,12.610687367388373,0.4067963666899475,5.466623544692993,1.3241618487271138
C021_A19_SY16_P01_S09_01DAS,1604,34,152.68041188926156,4.626679148159441,123.83063507080078,587.3698833108015
C021_A19_SY16_P01_S09_01DAS,1606,97,28.8185598084933,0.30019333133847187,6.765493631362915,1.6389158183033474
C021_A19_SY16_P01_S09_01DAS,1608,40,303.04611898407506,7.770413307283976,115.0595932006836,709.8040658902148
C021_A19_SY16_P01_S09_01DAS,1611,40,319.47716264168895,8.191722119017665,134.43253326416016,787.3197979158989
C021_A19_SY16_P01_S10_01DAS,483,600,2552.9031431088893,4.26194180819514,301.1569519042969,2729.4167324617065
C021_A19_SY16_P01_S10_01DAS,488,525,166.4573917610482,0.3176667781699393,16.03155517578125,2.2401797153188934
C021_A19_SY16_P01_S10_01DBS,2860,599,2464.7887525884926,4.121720322054335,282.76892852783203,2220.4646427581724
C021_A19_SY16_P01_S10_01DBS,2861,599,112.30022470656981,0.18779301790396288,9.818037621895215,2.9585601578639578
C021_A19_SY16_P01_S10_01DBS,2863,541,83.53472724031569,0.15469393933391795,8.221115112304688,1.6134610434032397
C021_A19_SY16_P01_S10_01DBS,2866,50,81.38998924456507,1.6610201886645932,13.3709716796875,8.381707542769611
C021_A19_SY16_P01_S10_01DBS,2867,47,4.060582600888687,0.08827353480192798,1.816009521484375,0.10423100430091725
C021_A19_SY16_P01_S10_01DBS,2869,162,43.853242610504424,0.2723803888851206,11.28509521484375,3.4957844587883704
C021_A19_SY16_P01_S10_01DBS,2870,13,1.7343464182870048,0.14452886819058372,1.1048126220703125,0.04001870551063905
C021_A19_SY16_P01_S10_01DBS,2871,28,2.9835082983886068,0.11050030734772617,1.4582672119140625,0.1466772856264451
C021_A19_SY16_P01_S10_01DBS,2883,40,31.71658992277093,0.8132458954556648,27.664337158203125,127.94232273647562
C021_A19_SY16_P01_S10_01DBS,2886,16,1.9223235446279092,0.12815490297519394,1.235076904296875,0.07018985568629432
C021_A19_SY16_P01_S12_01NAS,2533,599,696.3757907508694,1.1645080112890793,100.1990737915039,528.8727762877703
C021_A19_SY16_P01_S12_01NAS,2534,243,60.04527116757141,0.24812095523789837,7.186271667480469,1.0991188245578676
C021_A19_SY16_P01_S12_01NAS,2537,22,76.18587743551741,3.627898925500829,43.50380790233612,82.64578045542599
C021_A19_SY16_P01_S12_01NAS,2539,14,309.30997623814704,23.79307509524208,162.7184338569641,1922.9309242678487
C021_A19_SY16_P01_S12_01NAS,2545,80,813.128176832115,10.292761732052089,275.7665309906006,743.9292863923079
C021_A19_SY16_P01_S12_01NAS,2549,24,314.3353368828421,13.666753777514874,99.51182341575623,479.9189053844397
C021_A19_SY16_P07_S01_01DAS,2719,601,2086.185964474013,3.476976607456688,277.50147247314453,2874.594641622948
C021_A19_SY16_P07_S01_01DAS,2731,114,128.81010044704874,1.1399123933367146,19.81847381591797,23.29422608498509
C021_A19_SY16_P07_S01_01DAS,2733,33,158.73519808028962,4.960474940009051,34.899383544921875,98.58524033842076
C021_A19_SY16_P07_S01_01DAS,2735,60,230.30198257040755,3.903423433396738,42.355552673339844,63.957894109017396
C021_A19_SY16_P07_S01_01DBS,859,594,1698.2632826050494,2.863850392251348,355.6336135864258,6891.825054329963
C021_A19_SY16_P07_S01_01DBS,885,130,19.25962208823727,0.14929939603284703,3.034698486328125,0.22574209295002434
C021_A19_SY16_P07_S01_01DBS,886,14,1.7929135281666548,0.13791642524358882,0.8199462890625,0.0254086771604548
C021_A19_SY16_P07_S01_01DBS,887,32,9.213230381754776,0.29720098005660567,2.8332290649414062,0.2510826780808202
C021_A19_SY16_P07_S01_01DBS,888,140,305.368014011389,2.196892187132295,45.745872497558594,68.54912855341188
C021_A19_SY16_P07_S01_01DBS,889,221,45.75549055383666,0.20797950251743935,4.850303649902344,0.45574026637575027
C021_A19_SY16_P07_S02_01DAS,3146,601,1541.1581449758755,2.568596908293126,403.1945495605469,5083.578629530416
C021_A19_SY16_P07_S02_01DAS,3151,187,273.3965292059271,1.469873812935092,44.64917755126953,34.93715198012846
C021_A19_SY16_P07_S02_01DBS,483,600,1112.774360292447,1.8577201340441518,312.79920959472656,2464.3477075690566
C021_A19_SY16_P07_S03_01DAS,3221,599,932.3885284766646,1.5591781412653254,109.3408432006836,204.3013616246032
C021_A19_SY16_P07_S06_01DAS,1276,600,2673.9501508963835,4.4640236242009745,314.7960662841797,3628.6152031655706
C021_A19_SY16_P07_S06_01DBS,2159,600,3104.570399264128,5.182922202444287,347.8042984008789,3441.0868203091313
C021_A19_SY16_P07_S06_01DBS,2171,11,7.896199818586994,0.7896199818586994,4.879646301269531,1.2293334601548969
C021_A19_SY16_P07_S07_01DBS,1832,599,1044.7569814610292,1.747085253279313,204.55894470214844,2087.888872354424
C021_A19_SY16_P07_S08_01DAS,2319,130,431.4934807620592,3.3449107035818546,358.80443572998047,13548.367342564854
C021_A19_SY16_P07_S08_01DAS,2329,467,146.872221130937,0.31517644019514374,10.381195068359375,1.0758567387918714
C021_A19_SY16_P07_S08_01DAS,2334,81,680.0319120485614,8.500398900607017,158.9833221435547,1168.6155866250351
C021_A19_SY16_P07_S08_01DAS,2336,413,2689.451358185253,6.5277945587020705,169.35163116455078,1625.668655751184
C021_A19_SY16_P07_S08_01DAS,2338,21,206.25383155403938,10.312691577701969,84.15425872802734,262.8199350370159
C021_A19_SY16_P07_S08_01DAS,2340,13,153.1644705262616,12.763705877188466,48.331886291503906,151.99956538715568
C021_A19_SY16_P07_S08_01DBS,3507,600,1501.6690901381992,2.5069600837031705,342.72083282470703,8327.324958059284
C021_A19_SY16_P07_S09_01DAS,1723,497,731.3532978171047,1.4745026165667434,168.97906494140625,2321.9211269453217
C021_A19_SY16_P07_S09_01DAS,1734,121,449.5567440861197,3.746306200717664,68.92567443847668,128.67866594462268
C021_A19_SY16_P07_S09_01DAS,1736,31,32.85413970806585,1.0951379902688616,11.318405151367188,4.569567411283223
C021_A19_SY16_P07_S09_01DBS,3443,599,905.4169150872981,1.5140751088416355,214.9711799621582,4047.9955777175282
C021_A19_SY16_P07_S09_01DBS,3448,12,2.7733053584423133,0.2521186689493012,1.849090576171875,0.2678044460610383
C021_A19_SY16_P07_S09_01DBS,3451,39,10.45949613358219,0.2752498982521629,4.58245849609375,0.9349910377510711
C021_A19_SY16_P07_S10_01DAS,829,599,760.140572934035,1.27113808182949,204.94854736328136,4076.114950316328
C021_A19_SY16_P07_S10_01DBS,3452,210,206.11496253390732,0.9861959929852024,164.22965240478516,1016.4509133034695
C021_A19_SY16_P07_S10_01DBS,3454,141,301.49721199420077,2.1535515142442914,107.35786437988281,217.4705838088293
C021_A19_SY16_P07_S10_01DBS,3455,55,212.28651332220468,3.9312317281889757,107.50900268554688,454.49971620222976
C021_A19_SY16_P07_S10_01DBS,3456,130,667.9864870942384,5.178189822435957,126.28913879394531,678.2966608805541
C021_A19_SY16_P07_S10_01DBS,3460,82,250.15125439488315,3.0882870912948537,85.40404510498047,481.2452503039001
C021_A19_SY16_P07_S12_01NAS,3066,600,2336.7967724051064,3.9011632260519304,328.25982666015625,5447.501615246001
C021_A19_SY16_P07_S12_01NAS,3067,118,396.40603206053436,3.3880857441071313,101.79458618164062,418.92035391816705
C021_A19_SY16_P07_S13_01NAS,3022,601,1285.3783503778034,2.1422972506296722,201.25511169433594,1603.7854167550613
C021_A19_SY16_P07_S14_01DAS,3743,600,774.5977759531671,1.2931515458316647,99.92306518554688,455.6610393382824
C021_A19_SY17_P01_S01_01DAS,1562,599,2146.2636098258854,3.589069581648638,305.3301315307617,2039.333772549314
C021_A19_SY17_P01_S01_01DAS,1564,560,142.97260413639694,0.25576494478782996,8.706634521484375,1.6573691974364446
C021_A19_SY17_P01_S01_01DAS,1567,22,3.4735148777777494,0.165405470370369,2.201751708984375,0.2427815519285788
C021_A19_SY17_P01_S01_01DBS,2103,590,1434.1874638814315,2.434953249374247,335.72447967529297,4635.081077178123
C021_A19_SY17_P01_S02_01DBS,3120,599,922.2234320149997,1.542179652198996,161.4819793701172,840.6344539230181
C021_A19_SY17_P01_S02_01DBS,3125,14,1.258090495241108,0.0967761919416237,0.56646728515625,0.01789968122956248
C021_A19_SY17_P01_S02_01DBS,3126,10,1.5074231915334153,0.16749146572593504,1.238006591796875,0.1778679082263261
C021_A19_SY17_P01_S04_01DAS,2682,577,1509.0937595191745,2.6199544436096778,302.47422790527344,3161.6811633741268
C021_A19_SY17_P01_S04_01DBS,3637,378,1038.3892266971795,2.7543480814248795,362.7029800415039,5626.388879574522
C021_A19_SY17_P01_S04_01DBS,3639,11,3.036028820299251,0.30360288202992514,2.7837982177734375,0.597725350513654
C021_A19_SY17_P01_S04_01DBS,3641,87,147.8705806797864,1.7194253567417024,28.30035400390625,51.552545244445106
C021_A19_SY17_P01_S04_01DBS,3642,11,85.37313217703009,8.537313217703009,53.11724090576172,198.17055640962985
C021_A19_SY17_P01_S04_01DBS,3649,214,960.6097369651202,4.509904868380846,121.23127746582031,377.20460433943924
C021_A19_SY17_P01_S04_01DBS,3655,25,56.35798431206844,2.348249346336185,42.156280517578125,85.46004344459176
C021_A19_SY17_P01_S04_01DBS,3656,10,13.462096223555498,1.4957884692839443,8.860565185546875,4.8648610274144435
C021_A19_SY17_P01_S04_01DBS,3658,45,128.1693670261522,2.9129401596852773,58.865203857421875,59.90380383315003
C021_A19_SY17_P01_S04_01DBS,3662,14,40.628935863300825,3.1253027587154483,29.183334350585938,27.164311074404694
C021_A19_SY17_P01_S04_01DBS,3663,10,110.64258096747598,12.29362010749733,107.32805633544922,1231.1915734683914
C021_A19_SY17_P07_S01_01DAS,3758,601,1270.6565989875508,2.1177609983125847,310.1788787841797,3773.496594303249
C021_A19_SY17_P07_S01_01DAS,3763,458,387.37816323401137,0.847654624144445,33.40928268432617,11.88436719662978
C021_A19_SY17_P07_S01_01DBS,805,599,1272.3668404259151,2.1277037465316306,378.6416473388672,4094.2716974316195
C021_A19_SY17_P07_S01_01DBS,807,502,423.21766784916383,0.8447458440103071,61.7923583984375,34.905496501667926
C021_A19_SY17_P07_S01_01DBS,810,328,79.96581045159799,0.2445437628489235,6.1383819580078125,0.7698903719426156
C021_A19_SY17_P07_S02_01DAS,1501,600,1826.7543336432764,3.049673344980428,263.0920867919922,2185.3561973428377
C021_A19_SY17_P07_S02_01DAS,1502,19,10.665993004192785,0.5925551668995992,5.961353302001953,1.9687095902003335
C021_A19_SY17_P07_S02_01DAS,1508,52,80.16277828222246,1.571819182004362,21.550262451171875,13.536083847165255
C021_A19_SY17_P07_S02_01DBS,3637,599,1473.8573111748026,2.464644333068232,269.2294464111328,3407.1059336532717
C021_A19_SY17_P07_S03_01DAS,3748,600,1171.2692507052127,1.955374375133911,383.9168930053711,7776.1705564023005
C021_A19_SY17_P07_S03_01DAS,3752,53,4.646606023731856,0.08935780814868953,1.1406211853027344,0.03389536976756166
C021_A19_SY17_P07_S03_01DBS,2481,573,1189.3887087643664,2.079350889448193,420.0876998901367,8538.44593649371
C021_A19_SY17_P07_S03_01DBS,2483,61,408.9621858764861,6.816036431274768,90.44596099853516,255.37095539541332
C021_A19_SY17_P07_S06_01DAS,3328,578,1383.900000564107,2.3984402089499253,352.960693359375,3362.9292425607905
C021_A19_SY17_P07_S06_01DAS,3331,22,112.17366783739044,5.341603230351926,78.6273193359375,425.2607695295237
C021_A20_SY15_P01_S01_01DAS,3216,599,1517.483169136314,2.537597272803201,328.9166946411133,6158.0443940104715
C021_A20_SY15_P01_S01_01DAS,3217,87,9.87173042982404,0.11478756313748885,3.093841552734375,0.4218648896465384
C021_A20_SY15_P01_S01_01DAS,3219,356,49.09045893233146,0.13828298290797594,5.466949462890625,0.6111359973664344
C021_A20_SY15_P01_S01_02DAS,2918,600,1544.0771507058298,2.5777581814788477,351.9663543701172,5454.190687566145
C021_A20_SY15_P01_S01_02DAS,2919,137,20.50121111728393,0.1507441993917936,5.091217041015625,0.47181813684055696
C021_A20_SY15_P01_S01_02DAS,2923,181,27.54235393506197,0.15301307741701095,4.367950439453125,0.5328574230382348
C021_A20_SY15_P01_S01_02DBS,558,600,1362.1455935113877,2.2740327103695956,334.20326232910156,5160.494541850134
C021_A20_SY15_P01_S02_01DAS,1839,599,1671.0753104010096,2.794440318396337,460.29117584228516,11557.407248458243
C021_A20_SY15_P01_S02_01DAS,1840,534,84.84394391562091,0.15918188351898857,8.049652099609375,1.2944396696141875
C021_A20_SY15_P01_S02_01DAS,1843,82,21.305595632647943,0.2630320448475055,6.0797119140625,1.3017739957263392
C021_A20_SY15_P01_S02_01DAS,1844,48,124.41786430740433,2.6471886022851985,51.76597595214844,128.75955168762923
C021_A20_SY15_P01_S02_01DAS,1853,276,30.80638131633096,0.11202320478665803,5.1688995361328125,0.6973874232442171
C021_A20_SY15_P01_S02_02DBS,1980,600,1192.5821287345311,1.990955139790536,331.6168670654297,5754.04203400294
C021_A20_SY15_P01_S02_02DBS,1986,12,12.544447438356407,1.1404043125778551,6.1616973876953125,1.768511901161724
C021_A20_SY15_P01_S03_02NBS,977,599,1977.6552191252097,3.307115751045501,329.7362289428711,3494.5181251293066
C021_A20_SY15_P01_S03_02NBS,978,46,132.8476127920297,2.9521691731562156,49.251922607421875,150.89134224959375
C021_A20_SY15_P01_S03_02NBS,980,15,69.43427856936549,4.959591326383249,57.84823417663574,209.04639663286846
C021_A20_SY15_P01_S03_02NBS,981,57,53.32904662065854,0.952304403940331,16.74468994140625,9.48027222602585
C021_A20_SY15_P01_S03_02NBS,984,188,197.2336453335501,1.054725376115241,41.633758544921875,17.333570750848196
C021_A20_SY15_P01_S04_01DAS,1,600,2422.26468750033,4.043847558431269,634.3365783691406,23306.22633591597
C021_A20_SY15_P01_S04_01DAS,3,14,3.9649280844072843,0.30499446803132957,1.824676513671875,0.22172563266465253
C021_A20_SY15_P01_S04_01DBS,2719,600,2299.4877397565356,3.8388776957538155,711.0839767456055,22791.577468305273
C021_A20_SY15_P01_S04_01DBS,2745,42,48.50527109743228,1.1830553926202994,16.894195556640625,7.858642969944655
C021_A20_SY15_P01_S04_01DBS,2753,19,31.411272292916088,1.7450706829397826,12.376510620117188,4.434653979769349
C021_A20_SY15_P01_S04_01DBS,2761,19,28.80439208680652,1.6002440048225843,16.804161071777344,19.794179589169968
C021_A20_SY15_P01_S04_02DAS,349,599,2007.632422484488,3.3572448536529897,572.1478881835938,12794.468681302213
C021_A20_SY15_P01_S04_02DAS,351,31,6.2590027971949205,0.20863342657316403,2.6386260986328125,0.2268646792968993
C021_A20_SY15_P01_S04_02DAS,355,29,12.174727844231988,0.434811708722571,5.6347808837890625,1.3384750711479128
C021_A20_SY15_P01_S04_02DAS,360,56,17.14334935556276,0.311697261010232,4.6731414794921875,0.9409247841186346
C021_A20_SY15_P01_S04_02DBS,1238,600,2212.6837434356985,3.693962843799163,615.0568466186523,12766.749682491498
C021_A20_SY15_P01_S04_02DBS,1249,11,0.7043688544567261,0.07043688544567261,0.7539215087890625,0.049905367819053574
C021_A20_SY15_P01_S04_02DBS,1255,42,45.2622482057742,1.103957273311566,23.752960205078125,20.84852804747925
C021_A20_SY15_P01_S04_02DBS,1258,12,17.922385918326945,1.629307810756995,16.150863647460938,22.251660702742
C021_A20_SY15_P01_S04_02DBS,1260,13,9.387535249199884,0.7822946040999903,6.515289306640625,1.6672770091106552
C021_A20_SY15_P01_S04_02DBS,1265,10,2.940222015277485,0.32669133503083164,2.9566650390625,0.46084068409400064
C021_A20_SY15_P01_S04_02DBS,1267,48,5.710679986505857,0.12150382950012463,3.118682861328125,0.7395929221091946
C021_A20_SY15_P01_S04_02DBS,1269,20,2.573344881989981,0.13543920431526216,2.038238525390625,0.2082844618498348
C021_A20_SY15_P01_S04_02DBS,1274,11,49.074295410559934,4.907429541055993,43.58735656738281,125.80933223832938
C021_A20_SY15_P01_S05_01DAS,1585,600,1539.3556148297791,2.569875817745875,537.7783050537109,14504.133784627762
C021_A20_SY15_P01_S05_01DAS,1619,599,297.3558908051796,0.4972506535203673,13.794174194335938,3.6459047168030905
C021_A20_SY15_P01_S05_02DAS,1318,600,1427.1963629966324,2.382631657757316,386.0528335571289,4543.092924379006
C021_A20_SY15_P01_S05_02DAS,1321,600,203.81559257044847,0.3402597538738706,15.007308959960938,2.957642005564981
C021_A20_SY15_P01_S05_02DAS,1325,132,28.908623491023164,0.22067651519865011,4.988105773925781,0.5532227300236134
C021_A20_SY15_P01_S05_02DAS,1327,15,2.1585968587446587,0.15418548991033276,1.540679931640625,0.11729958898439591
C021_A20_SY15_P01_S05_02DAS,1329,73,12.088922437558038,0.1679017005216394,4.040718078613281,0.7350957633004137
C021_A20_SY15_P01_S05_02DBS,290,599,1774.992834911848,2.968215442996401,532.8971786499022,9906.490949213972
C021_A20_SY15_P01_S05_02DBS,291,98,23.7465470574803,0.24480976347917835,5.2808990478515625,0.840885429215253
C021_A20_SY15_P01_S05_02DBS,292,35,60.88740678265174,1.790806081842698,24.45653533935547,47.23976804516098
C021_A20_SY15_P01_S05_02DBS,293,179,36.26479209335688,0.2037347870413308,5.913398742675781,0.6507019482041311
C021_A20_SY15_P01_S05_02DBS,298,12,0.9950689798644939,0.09046081635131763,0.40264892578125,0.006463012481819735
C021_A20_SY15_P01_S05_02DBS,299,21,4.358127995514641,0.21790639977573206,2.9311981201171875,0.2017277134627277
C021_A20_SY15_P01_S05_02DBS,302,15,43.244141548205505,3.0888672534432504,22.656394958496094,54.22505954458534
C021_A20_SY15_P01_S05_02DBS,303,80,15.041931912480415,0.1904042014238027,3.1093292236328125,0.38496377490981176
C021_A20_SY15_P01_S05_02DBS,304,10,22.18574987831296,2.4650833198125515,16.33514404296875,33.496339814141386
C021_A20_SY15_P01_S06_01DBS,1193,599,863.4161003898082,1.4438396327588765,191.51443481445312,2032.40653443079
C021_A20_SY15_P01_S06_02DAS,1872,599,1760.1695281255252,2.9434273045577344,320.68212890625,3484.85586977956
C021_A20_SY15_P01_S06_02DBS,281,599,815.3836693441568,1.3635178417126368,146.36119842529297,721.4819106718263
C021_A20_SY15_P01_S07_01DBS,1345,599,2051.2947689800985,3.430258811003509,732.9551620483398,31322.178001530512
C021_A20_SY15_P01_S07_01DBS,1346,45,165.6526747610297,3.7648335172961294,143.10629272460938,2150.0527398998393
C021_A20_SY15_P01_S07_01DBS,1348,49,12.491300436356973,0.2602354257574369,3.106973171234131,0.33234552349508373
C021_A20_SY15_P01_S07_01DBS,1349,50,170.348973844068,3.4765096702871023,151.90475463867188,1857.8026585545817
C021_A20_SY15_P01_S07_01DBS,1351,23,212.26595485453902,9.648452493388136,112.50656127929688,852.5647543133007
C021_A20_SY15_P01_S07_01DBS,1358,94,212.58357599092972,2.2858449031282766,73.27088928222656,155.9080545556039
C021_A20_SY15_P01_S07_01DBS,1360,75,140.0731405049612,1.8928802770940703,70.05575561523438,390.700030728656
C021_A20_SY15_P01_S07_02DAS,859,600,2216.194269877542,3.6998234889441437,963.1905822753906,43241.93423707897
C021_A20_SY15_P01_S07_02DAS,892,23,50.400953225700356,2.2909524193500164,29.0845947265625,40.51628964350565
C021_A20_SY15_P01_S07_02DBS,3726,599,1141.574375561885,1.9089872501034868,515.5960464477539,10684.215664010013
C021_A20_SY15_P01_S07_02DBS,3730,59,182.1902917894598,3.141211927404479,172.16598510742188,1461.2198078801591
C021_A20_SY15_P01_S07_02DBS,3732,79,102.14856614685618,1.3095970018827716,48.67878723144531,83.4843583055965
C021_A20_SY15_P01_S07_02DBS,3737,18,5.969292949805239,0.3511348794003082,2.5998311042785645,0.2901350060578645
C021_A20_SY15_P01_S07_02DBS,3739,79,119.01899603961708,1.5258845646104753,57.92707824707031,101.82361114618463
C021_A20_SY15_P01_S08_01DAS,71,599,2217.652727729003,3.708449377473249,827.3630523681641,30380.537878477746
C021_A20_SY15_P01_S08_01DAS,78,16,23.971038820955002,1.5980692547303335,11.31051254272461,6.272866476731794
C021_A20_SY15_P01_S08_01DBS,3460,600,1552.3995291038434,2.591651968453829,596.002815246582,11400.285340838229
C021_A20_SY15_P01_S08_01DBS,3462,41,7.3782227820009085,0.1844555695500227,2.458322763442993,0.17507630867037416
C021_A20_SY15_P01_S08_01DBS,3469,452,92.3745090804475,0.20482152789456207,5.11439323425293,0.6717603394000531
C021_A20_SY15_P01_S08_02DBS,336,591,1490.44510516024,2.52617814433939,741.6043090820312,16391.788169394044
C021_A20_SY15_P01_S08_02DBS,343,246,52.7488021153079,0.21530123312370572,6.646926403045654,1.2507971006888858
C021_A20_SY15_P01_S08_02DBS,346,46,7.959773834873823,0.17688386299719605,2.8380446434020996,0.2854812036381793
C021_A20_SY15_P01_S09_01DAS,160,599,2170.0838343527703,3.6289027330313885,494.2864761352539,8778.551711506332
C021_A20_SY15_P01_S09_01DAS,161,524,215.14529289418815,0.4113676728378358,11.310699462890625,2.0874891115441407
C021_A20_SY15_P01_S09_01DAS,165,32,271.25335404000674,8.750108194838926,293.5379180908203,2636.495809030419
C021_A20_SY15_P01_S09_01DAS,166,10,47.60966241739284,5.289962490821427,30.967254638671875,77.41073797104706
C021_A20_SY15_P01_S09_01DAS,176,42,185.8631677869269,4.533247994803095,84.3183822631836,236.624437297103
C021_A20_SY15_P01_S09_01DAS,178,32,10.994557609559797,0.3546631486954773,3.584446907043457,0.7222359829512609
C021_A20_SY15_P01_S09_01DAS,182,19,131.94431410003412,7.330239672224118,123.47317504882812,807.5202088282654
C021_A20_SY15_P01_S09_01DAS,183,56,386.7197175587064,7.03126759197648,136.96021270751953,818.485594631108
C021_A20_SY15_P01_S09_01DAS,193,56,388.3908525934818,7.0616518653360325,216.43307495117188,2696.241387828251
C021_A20_SY15_P01_S09_01DAS,194,19,49.63548479003385,2.7575269327796583,45.72865295410156,124.40002204114062
C021_A20_SY15_P01_S09_01DAS,201,41,245.12146213641708,6.128036553410427,87.90602111816406,431.62133107376053
C021_A20_SY15_P01_S09_01DAS,202,27,102.09446325512646,3.926710125197171,90.72021484375,351.8264633518914
C021_A20_SY15_P01_S09_01DAS,203,22,44.208230210570974,2.1051538195509987,35.06147766113281,83.8985544372935
C021_A20_SY15_P01_S09_01DAS,205,15,28.911188483138172,2.0650848916527265,20.6513671875,39.54834793043736
C021_A20_SY15_P01_S09_01DAS,206,10,113.77265777669656,12.64140641963295,59.21462960541248,245.5808224392577
C021_A20_SY15_P01_S09_01DBS,2181,599,1968.3896209709737,3.2916214397507924,390.5104064941406,7586.695845152505
C021_A20_SY15_P01_S09_01DBS,2182,12,3.077356136451857,0.27975964876835063,1.48834228515625,0.10312589971322775
C021_A20_SY15_P01_S09_01DBS,2183,11,8.318945073783773,0.8318945073783773,5.678985595703125,1.1765005428128499
C021_A20_SY15_P01_S09_02DBS,257,600,1925.2592975583273,3.214122366541448,393.308349609375,6191.827679480428
C021_A20_SY15_P01_S09_02DBS,259,10,10.05948250214296,1.1177202780158844,8.49725341796875,6.830613791344803
C021_A20_SY15_P01_S10_01DAS,904,599,1758.2143958158101,2.9401578525347993,641.1867904663086,30338.184699003585
C021_A20_SY15_P01_S10_01DAS,905,12,2.018064448600894,0.18346040441826308,2.0860671997070312,0.15517087684646766
C021_A20_SY15_P01_S10_01DAS,907,415,112.84476006255007,0.27257188420905815,12.666755676269531,1.5429024485523573
C021_A20_SY15_P01_S10_01DBS,2821,599,2618.7142250057846,4.3791207776016465,983.0452194213867,62742.87648522397
C021_A20_SY15_P01_S10_01DBS,2822,599,78.0681762763605,0.13054878975980017,6.038007602095604,0.8631472352883104
C021_A20_SY15_P01_S10_01DBS,2823,595,80.93315192888011,0.13625109752336717,10.075927734375,1.890323830914376
C021_A20_SY15_P01_S10_01DBS,2824,245,78.98827043163477,0.32372241980178185,11.684310913085938,4.067404252046704
C021_A20_SY15_P01_S10_01DBS,2825,33,3.196502476184282,0.09989070238075881,1.9273223876953125,0.19272378373111165
C021_A20_SY15_P01_S10_01DBS,2826,72,11.934351257808316,0.1680894543353284,3.897308349609375,0.6774954227054686
C021_A20_SY15_P01_S10_01DBS,2833,12,2.3753276172866435,0.21593887429878578,2.315643310546875,0.2360340904237495
C021_A20_SY15_P01_S10_01DBS,2834,72,68.15418886530917,0.9599181530325235,15.250640869140625,10.268482426642066
C021_A20_SY15_P01_S10_01DBS,2835,47,3.716442569825797,0.08079222977882168,1.0379486083984375,0.04953635672036509
C021_A20_SY15_P01_S10_01DBS,2836,20,4.9319863875985765,0.2595782309262409,2.930206298828182,0.39214661850769594
C021_A20_SY15_P01_S10_01DBS,2839,10,0.971821034979963,0.10798011499777366,0.734100341796875,0.0396421870868653
C021_A20_SY15_P01_S10_01DBS,2841,25,1.6045410431779075,0.06685587679907948,0.8823089599609375,0.02189098145440221
C021_A20_SY15_P01_S10_01DBS,2842,33,3.9209212962909072,0.12252879050909085,2.3846588134765625,0.2924213289664639
C021_A20_SY15_P01_S10_01DBS,2843,68,118.57438653159299,1.7697669631581043,17.507186889648438,20.41160280384409
C021_A20_SY15_P01_S10_01DBS,2844,16,3.364556454797988,0.2243037636531992,2.764007568359375,0.23951515205772012
C021_A20_SY15_P01_S10_01DBS,2847,18,1.8323802124485051,0.1077870713205003,0.6750030517578125,0.01723434534685594
C021_A20_SY15_P01_S10_02DAS,12,599,2108.6226399275256,3.526124815932317,735.6685485839844,18189.379101617447
C021_A20_SY15_P01_S10_02DAS,13,549,128.97036728532206,0.23534738555715704,9.412322998046875,4.519637439382477
C021_A20_SY15_P01_S10_02DBS,3690,599,2153.8099099740493,3.601688812665634,784.2210388183594,36095.92194453778
C021_A20_SY15_P01_S10_02DBS,3691,599,92.76946057238877,0.15513287721135247,6.076129768043771,0.8883196915102848
C021_A20_SY15_P01_S10_02DBS,3692,596,56.05094788095249,0.09420327374949998,5.619293212890625,0.7793709424258898
C021_A20_SY15_P01_S10_02DBS,3693,373,146.7281230650226,0.39443043834683494,31.752151489257812,13.970079543640042
C021_A20_SY15_P01_S10_02DBS,3695,119,14.44275614340694,0.12239623850344865,4.7073211669921875,1.3771276125148644
C021_A20_SY15_P01_S10_02DBS,3698,16,2.0871053307369065,0.13914035538246045,1.300445556640625,0.1111017608345719
C021_A20_SY15_P01_S10_02DBS,3699,60,7.411148394732439,0.125612684656482,2.8162078857421875,0.38864212394245745
C021_A20_SY15_P01_S10_02DBS,3709,120,26.397393864555774,0.22182683919794768,5.6522064208984375,1.26490748786361
C021_A20_SY15_P01_S10_02DBS,3711,19,2.3983062663374044,0.13323923701874468,1.82940673828125,0.21515101092349007
C021_A20_SY15_P01_S10_02DBS,3713,18,1.1858466750312255,0.06975568676654267,0.979583740234375,0.057731187663811405
C021_A20_SY15_P01_S11_02DAS,455,594,1896.4429128324198,3.1980487568843503,888.0018272399902,27807.233775999997
C021_A20_SY15_P01_S11_02DAS,458,439,765.659972368081,1.7480821286942487,42.485015869140625,44.322693642060244
C021_A20_SY15_P01_S11_02DBS,2533,600,2496.650183047147,4.168030355671364,1015.0688552856445,46126.2520875797
C021_A20_SY15_P01_S11_02DBS,2550,588,447.4764119973327,0.7623107529767167,34.54121419787407,31.43323676520986
C021_A20_SY15_P01_S11_02DBS,2552,23,8.630325150333277,0.3922875068333308,5.6112213134765625,2.4836389297330737
C021_A20_SY15_P01_S11_02DBS,2553,17,26.721522144978547,1.6700951340611592,13.079612731933594,9.983680781486576
C021_A20_SY15_P01_S11_02DBS,2554,40,13.25500322612927,0.3398718775930582,4.1306304931640625,0.8849756858187903
C021_A20_SY15_P01_S11_02DBS,2555,10,10.007834371540874,1.1119815968378748,8.564697265625,3.206530709005892
C021_A20_SY15_P01_S12_01NAS,2766,600,953.263979011369,1.591425674476409,257.5136947631836,2409.6948416724604
C021_A20_SY15_P01_S12_01NAS,2771,260,2019.9323949532973,7.798966775881457,266.9529130458832,1982.5083032031157
C021_A20_SY15_P01_S12_01NAS,2772,77,871.382915902927,11.46556468293325,185.49526977539062,1390.734861152325
C021_A20_SY15_P01_S12_01NAS,2773,17,42.798968770568216,2.6749355481605135,26.53497475385666,36.77298818065316
C021_A20_SY15_P01_S12_01NAS,2775,117,643.3743819576425,5.546330878945194,305.2348864078522,7115.507591094329
C021_A20_SY15_P01_S12_01NAS,2777,10,109.24437005495089,12.138263339438987,41.0312585234642,166.9861106264143
C021_A20_SY15_P01_S12_01NAS,2783,22,66.2866188114667,3.15650565768889,24.100027084350586,26.46536008163927
C021_A20_SY15_P01_S12_02NAS,257,600,1055.9582813427098,1.762868583209866,370.2270812988281,15734.157488518917
C021_A20_SY15_P01_S12_02NAS,274,59,599.1042407839092,10.329383461791538,176.73440599441528,796.7663943808778
C021_A20_SY15_P01_S12_02NAS,276,49,816.8515964668142,17.017741593058627,336.2351930141449,3371.277454149508
C021_A20_SY15_P01_S12_02NAS,278,123,1177.3932103596705,9.650764019341562,361.599764585495,4383.455384099488
C021_A20_SY15_P01_S12_02NAS,279,55,235.7609583636216,4.3659436734004,71.34435796737682,149.5649966843067
C021_A20_SY15_P01_S13_02NBS,3036,599,884.9663963212704,1.4798769169252013,259.5476608276367,3171.180623856475
C021_A20_SY15_P01_S13_02NBS,3039,23,80.15148597260227,3.6432493623910123,45.76545715332031,189.2983225517138
C021_A20_SY15_P01_S13_02NBS,3041,50,70.28289264531341,1.434344747863539,26.5682373046875,38.047190135443145
C021_A20_SY15_P01_S13_02NBS,3042,18,89.90697337099188,5.288645492411287,45.979129791259766,152.69181797582317
C021_A20_SY15_P07_S01_01DAS,938,600,1485.3229809965537,2.479671086805599,295.05731201171875,5796.423900642218
C021_A20_SY15_P07_S01_01DAS,940,78,77.91260946958073,1.011852071033516,21.362701416015625,13.617841511791593
C021_A20_SY15_P07_S01_01DAS,941,68,72.31700501103481,1.079358283746788,23.813621520996094,17.78539047015371
C021_A20_SY15_P07_S01_01DAS,942,35,34.03645656351846,1.00107225186819,16.118568420410156,11.094563775676948
C021_A20_SY15_P07_S01_01DAS,943,23,43.36562952332101,1.9711649783327732,17.967132568359375,13.660165444472764
C021_A20_SY15_P07_S01_01DBS,1777,599,1354.7075692947533,2.265397273068149,266.32682037353516,4436.201135004521
C021_A20_SY15_P07_S01_01DBS,1778,183,41.72531375217248,0.22925996567127738,4.74853515625,0.5685521283526858
C021_A20_SY15_P07_S01_01DBS,1779,44,35.920418222333176,0.8353585633100739,16.019638061523438,9.446196266298305
C021_A20_SY15_P07_S01_01DBS,1783,50,33.941549794438615,0.6926846896824207,11.050430297851562,5.331058448214456
C021_A20_SY15_P07_S01_01DBS,1785,93,14.803286936390403,0.1609052927868522,3.5614776611328125,0.3730061527346369
C021_A20_SY15_P07_S01_01DBS,1787,102,158.87052219266863,1.572975467254145,25.664825439453125,37.28083734905279
C021_A20_SY15_P07_S01_01DBS,1788,63,10.202352277308764,0.16455406898885103,3.0438156127929688,0.33279620588608216
C021_A20_SY15_P07_S01_02DAS,8,600,1407.4159477398866,2.3496092616692597,299.9278106689453,4200.277653322306
C021_A20_SY15_P07_S01_02DAS,9,85,95.39846190375677,1.1356959750447235,21.118789672851562,10.915617017237313
C021_A20_SY15_P07_S01_02DAS,11,166,183.86328582092992,1.1143229443692722,25.411277770996094,23.893633627056452
C021_A20_SY15_P07_S02_01DAS,3140,600,1385.380346874022,2.3128219480367647,313.20770263671875,6866.649929570774
C021_A20_SY15_P07_S02_01DAS,3143,29,19.549993747716115,0.6982140624184326,9.327682495117188,3.9714595676963085
C021_A20_SY15_P07_S02_01DAS,3145,27,20.17042974723778,0.7757857595091454,5.8731536865234375,1.6064592726732732
C021_A20_SY15_P07_S02_02DAS,1999,18,55.11420368814655,3.2420119816556796,58.808223724365234,131.45136336591077
C021_A20_SY15_P07_S02_02DAS,2000,600,1462.73794513726,2.441966519427813,311.76776123046875,4590.4215120934705
C021_A20_SY15_P07_S02_02DAS,2005,22,10.666612205710166,0.5079339145576269,5.737037658691406,1.5253868714015666
C021_A20_SY15_P07_S02_02DAS,2006,48,35.234567726540824,0.7496716537561877,19.323802947998047,18.268140125749873
C021_A20_SY15_P07_S02_02DAS,2007,11,42.427469233266756,4.242746923326676,40.888206481933594,101.36800413788438
C021_A20_SY15_P07_S02_02DBS,1440,599,1052.8786106407888,1.7606665729779076,252.93984985351562,2011.1920510943005
C021_A20_SY15_P07_S03_01DAS,3591,599,1665.55810347843,2.785214219863595,331.7812805175781,8229.034076015283
C021_A20_SY15_P07_S03_01DAS,3592,55,2.993279603518954,0.05543110376886952,0.9324722290039062,0.02495504396687649
C021_A20_SY15_P07_S03_01DAS,3594,17,0.7276120698278136,0.04547575436423835,0.4304924011230469,0.010511590451365467
C021_A20_SY15_P07_S03_01DAS,3599,35,2.679490373928035,0.07880854040964809,1.00531005859375,0.05225438624195177
C021_A20_SY15_P07_S03_01DBS,3128,271,1130.8290386861804,4.188255698837705,354.6243438720702,9399.463249966686
C021_A20_SY15_P07_S03_01DBS,3133,328,695.7123797986709,2.127560794491348,292.2703094482422,9890.472678137781
C021_A20_SY15_P07_S06_01DAS,788,599,1558.9976690213346,2.607019513413603,447.86737060546875,8308.49908373354
C021_A20_SY15_P07_S06_02DAS,2766,599,2061.926670363083,3.4480379103061587,435.77173614501953,9330.480542227102
C021_A20_SY15_P07_S06_02DBS,80,599,2088.1392572758514,3.4918716676853703,432.8135299682617,9457.537559399583
C021_A20_SY15_P07_S06_02DBS,87,11,36.18003984515811,3.6180039845158114,21.084449768066406,30.11656270467018
C021_A20_SY15_P07_S07_01DAS,153,600,1408.6392221521226,2.35165145601356,328.0107727050781,5802.243813241854
C021_A20_SY15_P07_S07_01DBS,2288,156,751.6223556719756,4.849176488206294,419.1766815185547,13153.362078643977
C021_A20_SY15_P07_S07_01DBS,2289,447,1197.2212618955382,2.6843526051469464,404.9901580810547,5431.744796251282
C021_A20_SY15_P07_S07_02DAS,2948,599,1345.6445878286047,2.250241785666563,286.5799102783203,4125.413424126201
C021_A20_SY15_P07_S07_02DBS,558,599,1699.4758578077035,2.8419328725881328,345.49830627441406,5265.834667706294
C021_A20_SY15_P07_S08_01DBS,346,600,1432.8687161498149,2.392101362520559,343.87803649902344,4901.42145179704
C021_A20_SY15_P07_S08_02DAS,1789,599,2021.289754849189,3.3800832020889446,511.60324478149414,9393.978161004932
C021_A20_SY15_P07_S08_02DAS,1790,29,18.61791688494717,0.6649256030338275,10.23529052734375,2.839643105107064
C021_A20_SY15_P07_S08_02DAS,1791,10,18.40751028956413,2.045278921062681,14.457714080810547,9.893236914742737
C021_A20_SY15_P07_S08_02DAS,1792,44,14.519162335006545,0.337654938023408,6.72784423828125,1.1629866815632988
C021_A20_SY15_P07_S08_02DAS,1793,121,23.019498356320486,0.1918291529693374,3.82952880859375,0.36149577033844615
C021_A20_SY15_P07_S08_02DBS,287,599,1476.828896431575,2.4696135391832357,331.9564743041992,6107.08281106092
C021_A20_SY15_P07_S09_01DAS,1401,599,1113.8466296002684,1.8626197819402481,270.6039123535156,3180.5830680750623
C021_A20_SY15_P07_S09_01DAS,1405,14,32.86509653933673,2.528084349179749,15.837677001953125,18.14220857511545
C021_A20_SY15_P07_S09_02DAS,859,600,1163.8246431051282,1.9429459818115662,296.3553924560547,3199.616540001895
C021_A20_SY15_P07_S09_02DAS,879,66,79.28186849859682,1.2197210538245664,25.909515380859375,13.21727080288479
C021_A20_SY15_P07_S09_02DAS,881,57,88.88788799274298,1.5872837141561245,21.599014282226562,18.372329415046465
C021_A20_SY15_P07_S09_02DBS,949,599,1479.6121622365574,2.4742678298270193,353.9005432128906,6557.215977571784
C021_A20_SY15_P07_S09_02DBS,950,11,2.000556972245697,0.20005569722456967,1.33978271484375,0.17578363597146734
C021_A20_SY15_P07_S10_01DAS,2702,600,1579.5883685179238,2.6370423514489545,425.0988311767578,7826.664981316379
C021_A20_SY15_P07_S10_01DBS,1331,599,1766.3148025653081,2.9537036832195787,482.5977783203125,10837.038893277191
C021_A20_SY15_P07_S10_02DAS,469,600,1082.8073660353368,1.8076917629972233,396.05908203125,6063.348281455623
C021_A20_SY15_P07_S11_01NAS,2804,600,1276.4640506086089,2.1309917372430864,422.76194763183594,12472.964677250215
C021_A20_SY15_P07_S11_02DAS,3128,600,1457.1845789152005,2.43269545728748,398.6095275878906,7774.747003882885
C021_A20_SY15_P07_S11_02DAS,3130,10,23.556235603233546,2.617359511470394,25.436004638671875,26.567189681588232
C021_A20_SY15_P07_S12_01NBS,1068,600,1363.0568702412804,2.2755540404695833,807.3616104125977,24772.596904250215
C021_A20_SY15_P07_S12_01NBS,1072,52,52.451640096309625,1.0284635313001886,28.44666290283203,24.70965179972696
C021_A20_SY15_P07_S12_01NBS,1073,18,3.736057480565142,0.2197680870920672,2.2414779663085938,0.2505157002368956
C021_A20_SY15_P07_S12_02NAS,2110,600,1888.010789972756,3.1519378797541835,795.5218887329102,25505.78592371434
C021_A20_SY15_P07_S12_02NAS,2111,66,241.09272593923592,3.7091188606036294,146.06092834472656,1141.172840543097
C021_A20_SY15_P07_S12_02NAS,2117,25,71.18651511403229,2.966104796418012,52.39478302001953,187.8553958905153
C021_A20_SY15_P07_S12_02NBS,100,601,2347.971945244689,3.913286575407815,825.9752616882324,35437.30852398728
C021_A20_SY15_P07_S12_02NBS,115,26,27.2105887061253,1.088423548245012,11.375417709350586,8.303648109322745
C021_A20_SY15_P07_S12_02NBS,120,87,59.35261878157415,0.6901467300183041,15.239523887634277,5.691545589426665
C021_A20_SY15_P07_S13_01NBS,483,600,1521.270718459207,2.539684004105521,402.9067916870117,5386.977574844521
C021_A20_SY15_P07_S13_01NBS,484,23,26.058824665166732,1.1844920302348514,16.48544692993164,13.141187064717656
C021_A20_SY15_P07_S13_01NBS,487,42,18.910226504909186,0.4612250367051021,13.29593276977539,3.902109764064914
C021_A20_SY15_P07_S13_02NAS,160,601,1639.7262299774643,2.7328770499624406,479.95269775390625,11512.613628990557
C021_A20_SY15_P07_S13_02NAS,207,12,17.41446991900438,1.5831336290003981,15.142650604248047,26.047725651279308
C021_A20_SY15_P07_S13_02NBS,1815,600,1071.2870160340199,1.7884591252654756,280.7886161804199,2591.506307840403
C021_A20_SY15_P07_S13_02NBS,1817,57,38.958510788391976,0.6956876926498567,11.795894622802734,5.00000141345517
C021_A20_SY15_P07_S14_01DAS,2457,600,944.6594666859987,1.577060879275457,322.46228790283203,6411.2417922175055
C021_A20_SY15_P07_S14_02DBS,1621,600,941.4736399135763,1.571742303695453,226.94022369384766,1821.7154119765214
C021_A20_SY15_P07_S14_02DBS,1630,18,35.18309155446421,2.069593620850836,33.64006042480469,78.58119761284705
C021_A20_SY15_P07_S14_02DBS,1633,43,8.901909245698802,0.21195022013568576,4.343658447265625,0.5121005468398913
C021_A20_SY15_P07_S14_02DBS,1634,18,7.454335630295514,0.4384903311938538,4.4094085693359375,0.728384323352028
C021_A20_SY16_P01_S01_02DBS,1696,599,612.0026030961859,1.0234157242411135,192.08301544189453,2453.0516022225443
C021_A20_SY16_P01_S02_02DBS,1980,600,607.6441852850281,1.0144310271870252,118.48387145996094,815.1937534432062
C021_A20_SY16_P01_S02_02DBS,1992,49,53.679282319922024,1.1183183816650422,31.584609985351562,35.4953608122074
C021_A20_SY16_P01_S02_02DBS,1994,28,41.56052179411813,1.5392785849673383,17.7706298828125,14.732440297927809
C021_A20_SY16_P01_S02_02DBS,1996,15,90.81965992594127,6.487118566138662,96.6448974609375,414.7366796722408
C021_A20_SY16_P01_S02_02DBS,1997,48,196.27050671125932,4.175968227899134,87.35371398925781,241.25082514738855
C021_A20_SY16_P01_S03_02NAS,1455,599,906.6799671607263,1.5161872360547262,134.82806396484375,703.7778512624288
C021_A20_SY16_P01_S03_02NAS,1456,26,31.09443933771287,1.2437775735085148,10.656936645507812,3.493152709650606
C021_A20_SY16_P01_S03_02NAS,1458,21,15.758231669785435,0.7879115834892717,6.5227203369140625,1.649282327942896
C021_A20_SY16_P01_S03_02NAS,1460,142,161.1845362668579,1.1431527394812617,29.620147705078125,30.494111192459417
C021_A20_SY16_P01_S03_02NAS,1464,34,18.979070436718892,0.5751233465672392,6.432170867919922,2.1213907330439756
C021_A20_SY16_P01_S03_02NAS,1467,13,1.123476652823345,0.09362305440194542,0.7789008617401123,0.06537068739136587
C021_A20_SY16_P01_S03_02NAS,1471,15,4.709663704857527,0.3364045503469662,3.1108932495117188,0.5942960650673035
C021_A20_SY16_P01_S03_02NAS,1474,83,31.7371572392985,0.3870385029182744,8.323226928710938,2.4227190981696376
C021_A20_SY16_P01_S04_02DBS,314,600,650.8006441621042,1.086478537833229,117.37472534179688,1052.2298248007169
C021_A20_SY16_P01_S05_02DAS,3091,599,663.921053006944,1.1102358745935519,155.40308380126953,757.7294092964502
C021_A20_SY16_P01_S05_02DAS,3092,599,101.62457019664345,0.1699407528371964,9.428359985351562,0.9051523276727973
C021_A20_SY16_P01_S05_02DBS,2445,599,826.1765770187097,1.3815661823055347,207.98558044433594,2210.6038955644462
C021_A20_SY16_P01_S05_02DBS,2447,62,16.776357983470035,0.27502226202409896,5.4431915283203125,0.7231543718665456
C021_A20_SY16_P01_S05_02DBS,2450,82,95.33409781718329,1.1769641705825098,19.40912628173828,29.36461348604602
C021_A20_SY16_P01_S05_02DBS,2451,20,5.613192562741918,0.2954311875127325,3.1693191528320312,0.7345328166161198
C021_A20_SY16_P01_S05_02DBS,2452,285,51.617019958133824,0.1817500702751191,6.7978363037109375,1.1447321967136175
C021_A20_SY16_P01_S05_02DBS,2456,17,13.936155631293222,0.8710097269558263,7.5342254638671875,3.8476916698249104
C021_A20_SY16_P01_S07_02DAS,3169,599,519.5425344838541,0.8688002248893881,139.9652557373047,635.422096193941
C021_A20_SY16_P01_S07_02DAS,3170,15,52.07324840848985,3.719517743463561,21.68765640258789,33.88424202942963
C021_A20_SY16_P01_S08_02DAS,1836,599,519.5425344838541,0.8688002248893881,139.9652557373047,635.422096193941
C021_A20_SY16_P01_S08_02DAS,1837,15,52.07324840848985,3.719517743463561,21.68765640258789,33.88424202942963
C021_A20_SY16_P01_S09_02DBS,1717,600,983.9876068254831,1.642717206720339,326.3627395629883,1700.7399687795453
C021_A20_SY16_P01_S10_02DAS,60,599,901.9889972293097,1.508342804731287,315.4964294433594,9535.31247132331
C021_A20_SY16_P01_S10_02DAS,61,424,74.30520236205415,0.1756624169315701,5.227012634277344,0.7657271574005329
C021_A20_SY16_P01_S10_02DBS,2110,600,923.8805111971949,1.5423714711138479,356.76556396484375,6999.874920036475
C021_A20_SY16_P01_S10_02DBS,2118,599,95.65993593823607,0.15996644805725097,5.675263900309801,0.8168593183352806
C021_A20_SY16_P01_S10_02DBS,2119,541,264.7234260113843,0.49022856668774867,26.934844970703125,11.17879906135874
C021_A20_SY16_P01_S10_02DBS,2120,16,2.4347935857381575,0.16231957238254383,1.734222412109375,0.16048673705427063
C021_A20_SY16_P01_S10_02DBS,2121,598,74.69664329529502,0.12512000551975716,7.6626129150390625,1.1768724037629954
C021_A20_SY16_P01_S10_02DBS,2125,33,3.285169342734595,0.1026615419604561,1.441253662109375,0.0921323572861029
C021_A20_SY16_P01_S10_02DBS,2140,18,2.1897278723518676,0.12880752190305103,1.9705810546875,0.22151404175473333
C021_A20_SY16_P01_S10_02DBS,2143,59,7.568228871582843,0.13048670468246282,2.61907958984375,0.286100790872838
C021_A20_SY16_P01_S10_02DBS,2144,10,0.765613523516398,0.08506816927959977,0.5066070556640625,0.011754089372698218
C021_A20_SY16_P01_S10_02DBS,2145,11,0.5736883368967108,0.057368833689671085,0.43011474609375,0.012593300089486375
C021_A20_SY16_P01_S10_02DBS,2148,31,3.8106673640118554,0.12702224546706184,1.6689300537109375,0.13837781948552047
C021_A20_SY16_P01_S10_02DBS,2152,49,4.894035724587253,0.10195907759556777,1.8134918212890625,0.09781427242180667
C021_A20_SY16_P01_S11_02DAS,2621,599,479.4042267389926,0.8016793089280813,122.31029510498047,897.8236433577314
C021_A20_SY16_P01_S11_02DAS,2622,508,833.3250699956473,1.6436391913129138,40.9442138671875,52.85521237248631
C021_A20_SY16_P01_S11_02DBS,1334,600,628.3950974647848,1.0490736184720948,249.21857833862305,2448.8601505217234
C021_A20_SY16_P01_S11_02DBS,1341,555,468.118735791112,0.8449796674929819,57.3811559677124,18.02375040954447
C021_A20_SY16_P01_S11_02DBS,1344,11,7.56353109425403,0.756353109425403,8.220840454101562,8.368994634775522
C021_A20_SY16_P01_S12_02NBS,791,599,563.1395687428534,0.9417049644529321,99.1415786743164,359.59081900866164
C021_A20_SY16_P01_S12_02NBS,792,277,87.61370261686834,0.31744095151039253,31.06116485595703,5.208484140538161
C021_A20_SY16_P01_S12_02NBS,793,10,60.000879643595056,6.666764404843895,60.35380554199219,212.5036584989191
C021_A20_SY16_P01_S12_02NBS,795,17,21.45443688901854,1.3409023055636589,17.267822265625,16.352733210758807
C021_A20_SY16_P01_S12_02NBS,797,39,50.58945322538596,1.3313014006680515,18.818809509277344,12.808651466374329
C021_A20_SY16_P01_S12_02NBS,798,11,18.29619043097,1.829619043097,11.148304685950308,6.158947806877821
C021_A20_SY16_P01_S12_02NBS,799,41,42.25047526749538,1.0562618816873846,10.87939453125,6.806996757483377
C021_A20_SY16_P01_S13_02NBS,2657,600,390.96819097850533,0.6527014874432476,75.64881134033203,278.21008188595977
C021_A20_SY16_P01_S13_02NBS,2660,31,2.4672978753623904,0.08224326251207968,1.730489730834961,0.12829383877352418
C021_A20_SY16_P07_S01_01DAS,464,600,177.11405905208184,0.29568290325890123,83.69839477539062,322.1872267796741
C021_A20_SY16_P07_S01_01DAS,465,93,52.75970670723416,0.5734750729047191,8.355815887451172,3.8711727073676556
C021_A20_SY16_P07_S01_01DAS,466,325,235.2320433763893,0.7260248252357694,19.729644775390625,12.028120213698458
C021_A20_SY16_P07_S02_01DAS,1964,601,305.7042426344092,0.5095070710573486,103.54553985595703,242.28050820532897
C021_A20_SY16_P07_S03_01DAS,469,600,620.2301370123777,1.035442632741866,241.8743133544922,1308.104759458891
C021_A20_SY16_P07_S03_01DAS,478,322,16.951478300897396,0.05280834361650279,1.9222526550292969,0.09977996953612486
C021_A20_SY16_P07_S03_01DAS,479,56,2.576615475954671,0.04684755410826675,1.3900146484375,0.08382434848753367
C021_A20_SY16_P07_S03_01DBS,3470,599,604.14786207839,1.0102807058167056,228.7484359741211,1385.2549900643976
C021_A20_SY16_P07_S06_01DBS,97,599,851.056976154071,1.4231722009265402,194.9331817626953,2096.5327089811735
C021_A20_SY16_P07_S07_01DAS,1395,600,303.65324219880387,0.5069336263752986,93.61953735351562,271.4499677800023
C021_A20_SY16_P07_S07_01DBS,1333,599,251.8357274107509,0.421129978947744,80.19866943359375,395.16903398885523
C021_A20_SY16_P07_S08_01DAS,1915,599,1306.750162949611,2.1852009413873095,285.4339256286621,2428.539182555297
C021_A20_SY16_P07_S08_01DAS,1916,23,3.01370005713294,0.13698636623331548,1.451202392578125,0.0691812789324664
C021_A20_SY16_P07_S08_01DAS,1921,29,2.3665156741508837,0.08451841693396013,1.000335693359375,0.05441145738642153
C021_A20_SY16_P07_S08_01DAS,1924,11,1.5493160804262671,0.1549316080426267,1.382171630859375,0.11693812064703338
C021_A20_SY16_P07_S09_01DAS,960,600,904.7958584314965,1.5105106150776235,197.4545135498047,1300.2749841619286
C021_A20_SY16_P07_S09_01DBS,3748,599,969.705939448369,1.621581838542423,279.2602996826172,2759.466838266385
C021_A20_SY16_P07_S10_01DAS,2180,599,387.8150805309002,0.6485202015566893,143.39761352539062,624.1587503314005
C021_A20_SY16_P07_S10_01DBS,2096,599,535.802012581809,0.8959899875949983,153.92858123779297,1498.8046657208286
C021_A20_SY16_P07_S11_01DAS,2179,600,406.43413328227143,0.6785210906214882,207.745849609375,5102.585217333526
C021_A20_SY16_P07_S12_01NAS,3146,601,228.25051974968804,0.3804175329161467,71.71602249145508,309.8799063074771
C021_A20_SY16_P07_S12_01NAS,3149,275,274.2266275949624,1.0008271080108118,102.50468444824219,149.33292201144704
C021_A20_SY16_P07_S12_01NAS,3150,124,108.70402603071453,0.8837725693554027,39.465301513671875,48.067695551518405
C021_A20_SY16_P07_S12_01NBS,756,600,240.89439862956124,0.4021609326036081,121.76985931396484,1484.166957133587
C021_A20_SY16_P07_S14_01DAS,2458,600,563.0690287896693,0.9400150731046233,249.09537506103504,5230.068886447723
C021_A20_SY16_P07_S14_01DBS,912,600,606.8545986879718,1.0131128525675657,160.9543228149414,1295.0473074458387
C021_A20_SY16_P07_S14_01DBS,916,16,6.731126320864286,0.44874175472428574,3.27178955078125,0.677202566046617
C021_A20_SY16_P07_S14_01DBS,921,12,2.1674468832686102,0.19704062575169184,0.7371978759765625,0.03233462554958903
C021_A20_SY16_P07_S14_01DBS,923,16,1.9503820904986804,0.13002547269991202,1.2451019287109375,0.08565712974632136
C021_A20_SY16_P07_S14_01DBS,924,80,138.13265395233918,1.7485146069916353,44.07377624511719,69.86827657668236
C021_A20_SY16_P07_S14_01DBS,926,67,89.98029520077947,1.3633378060724162,31.763916015625,29.637033576437055
C021_A20_SY16_P07_S14_01DBS,931,16,9.804569031422139,0.6536379354281425,4.402099609375,1.2953867336618714
C021_A20_SY17_P01_S01_01DAS,1185,599,687.4608457650628,1.1496000765302055,293.02598571777344,6417.890224920934
C021_A20_SY17_P01_S01_01DAS,1186,481,61.48759503986021,0.1280991563330421,5.030517578125,0.4958173852192108
C021_A20_SY17_P01_S02_01DAS,3182,599,532.1682412385372,0.889913446887186,235.6595230102539,3824.7164936562335
C021_A20_SY17_P01_S02_01DAS,3183,19,2.1578072158738006,0.1198781786596556,1.167877197265625,0.10400895210927212
C021_A20_SY17_P01_S02_01DAS,3184,11,1.146023357361408,0.1146023357361408,0.73614501953125,0.048851602903205504
C021_A20_SY17_P01_S02_01DAS,3186,24,3.6591419661984674,0.15909312896515077,1.598480224609375,0.09396640513861915
C021_A20_SY17_P01_S02_01DAS,3188,107,19.088765354471835,0.1800826920233192,4.4130859375,1.1023180081858597
C021_A20_SY17_P01_S02_01DAS,3190,223,33.14059049873654,0.14928193918349794,5.5522308349609375,0.8620286453772614
C021_A20_SY17_P07_S01_01DAS,1858,600,354.3608462060655,0.5915873893256519,194.59779357910156,3748.3901351011314
C021_A20_SY17_P07_S01_01DAS,1859,413,288.7456959152329,0.7008390677554196,17.08591079711914,5.7981025635889
C021_A20_SY17_P07_S01_01DAS,1860,25,9.643824028027058,0.4018260011677941,4.912853240966797,1.1853981426085813
C021_A20_SY17_P07_S01_01DBS,2187,599,342.21794919138046,0.5722708180457867,218.4626007080078,2813.51439169625
C021_A20_SY17_P07_S01_01DBS,2189,166,138.59467110826253,0.8399677036864396,13.649101257324219,7.701914404387168
C021_A20_SY17_P07_S01_01DBS,2195,125,339.6109791928967,2.738798219297554,134.87883758544922,781.8844208180353
C021_A20_SY17_P07_S01_01DBS,2201,49,11.537853179623731,0.24037194124216107,3.3794479370117188,0.35180106761946583
C021_A20_SY17_P07_S01_02DAS,2238,599,269.04321057258363,0.4499050344023138,60.75700378417969,247.28460987499437
C021_A20_SY17_P07_S01_02DAS,2239,600,300.3973166016451,0.501498024376703,22.20543670654297,17.276655628302453
C021_A20_SY17_P07_S01_02DBS,469,600,427.2778009948373,0.7133185325456383,81.52253723144531,81.6440019164026
C021_A20_SY17_P07_S01_02DBS,481,324,336.79077579367686,1.0426959002900211,24.566696166992188,16.960074104323315
C021_A20_SY17_P07_S01_02DBS,482,214,237.03993044209915,1.1128635232023434,43.99260711669922,166.7537137753807
C021_A20_SY17_P07_S02_01DBS,368,599,467.0368508796491,0.780998078394062,203.37811279296875,3384.499902732075
C021_A20_SY17_P07_S03_01DBS,305,600,804.0341103150286,1.3422940072037204,392.9004821777344,8940.054994817483
C021_A20_SY17_P07_S03_02DAS,3161,598,666.6781837723331,1.1167138756655497,209.53390502929688,2540.492305476514
C021_A20_SY17_P07_S03_02DBS,99,591,642.2255429813414,1.0885178694599007,204.92529296875,2795.4303970503006
C021_A20_SY17_P07_S06_01DAS,2155,599,919.0821268930097,1.5369266336003506,365.3173599243164,5628.632261315843
C021_A20_SY17_P07_S06_01DBS,2242,41,31.404641674290232,0.7851160418572558,15.74114990234375,5.351214042124835
C021_A20_SY17_P07_S06_01DBS,2276,599,1012.4798858488379,1.6931101770047456,376.3283157348633,7029.452540180933
C021_A20_SY17_P07_S06_01DBS,2277,42,20.825217065580294,0.5079321235507389,6.188896179199219,1.1730438811420272
C021_A20_SY17_P07_S06_01DBS,2285,15,10.537240310588519,0.7526600221848943,5.584877014160156,1.48625159706403
C021_A20_SY17_P07_S06_02DBS,2094,599,848.829973671626,1.4194481165077357,270.3619689941406,7176.133337469554
C021_A20_SY17_P07_S07_01DAS,1886,599,597.291136543234,0.9988146096040702,193.664794921875,2441.3494258565815
C021_A20_SY17_P07_S07_01DBS,2661,598,559.2689778931754,0.9367989579450173,227.14773559570312,3652.6615347158286
C021_A20_SY32_P01_S05_02DAS,1318,599,1445.7222776357999,2.4175957819996654,769.8550567626953,57844.883894770974
C021_A20_SY32_P01_S05_02DAS,1321,338,67.62334608998034,0.2006627480414847,9.044815063476562,1.3448766497243247
C021_A20_SY32_P01_S05_02DAS,1323,13,2.3655649482998014,0.19713041235831677,2.0277328491210938,0.31240344034940465
C021_A20_SY32_P01_S05_02DBS,282,599,1664.7308247606065,2.783830810636466,1013.5086517333984,100596.40516970323
C021_A20_SY32_P01_S05_02DBS,283,599,92.29262023183477,0.15433548533751634,6.5084686279296875,0.790086775534124
C021_A20_SY32_P01_S05_02DBS,284,59,65.72578194707359,1.13320313701851,18.922378540039062,8.638136473150842
C021_A20_SY32_P01_S07_02DBS,1702,599,776.7587851655444,1.2989277343905425,362.0249328613281,10292.763960654582
C021_A20_SY32_P01_S07_02DBS,1704,65,313.72890597370866,4.902014155839198,129.67581176757812,332.3168810159326
C021_A20_SY32_P01_S07_02DBS,1706,101,181.68409369530144,1.8168409369530145,87.87135314941406,371.9568285446088
C021_A20_SY32_P01_S07_02DBS,1708,71,166.36962109237228,2.3767088727481753,84.84895324707031,250.93718119493116
C021_A20_SY32_P01_S08_02DAS,1501,600,1068.1138400484385,1.7831616695299475,487.8125762939453,13638.84642189908
C021_A20_SY32_P01_S08_02DBS,2805,599,658.253527749016,1.1007584076070502,299.63585662841797,9693.16298729711
C021_A20_SY32_P01_S08_02DBS,2806,380,101.15078169896934,0.26688860606588216,6.556396484375,0.757084692564141
C021_A21_SY15_P01_S01_01DAS,1575,599,1423.2454396073763,2.380009096333405,359.9159812927246,2515.8062581331806
C021_A21_SY15_P01_S01_01DAS,1576,236,26.406329707858546,0.11236736045897254,4.08868408203125,0.538128528419501
C021_A21_SY15_P01_S01_01DAS,1580,16,2.294778123386997,0.1529852082257998,1.34039306640625,0.13421561487120925
C021_A21_SY15_P01_S01_01DAS,1583,13,1.8043199510591457,0.15035999592159546,1.072998046875,0.06110648587125645
C021_A21_SY15_P01_S01_01DBS,1799,599,1397.483453610308,2.3369288521911504,333.2732849121094,4432.8179827257245
C021_A21_SY15_P01_S02_01DAS,1199,599,1482.0736165100807,2.4783839740971247,314.21065521240234,5350.963835919202
C021_A21_SY15_P01_S02_01DAS,1200,253,112.82089385162683,0.44770195972867793,18.043701171875,2.7304049359796125
C021_A21_SY15_P01_S02_01DAS,1203,13,120.32912598547567,10.027427165456306,110.55825805664062,650.3571322446485
C021_A21_SY15_P01_S02_01DAS,1210,80,22.310411124832875,0.2824102674029478,6.8236083984375,1.3579593909233516
C021_A21_SY15_P01_S02_01DAS,1213,18,143.55034602460543,8.444138001447378,108.08863830566406,444.42623583304004
C021_A21_SY15_P01_S02_01DAS,1231,144,37.63929031343835,0.2632118203736948,6.79608154296875,1.2621254200407468
C021_A21_SY15_P01_S02_01DAS,1232,134,16.493594042847338,0.12401198528456644,3.4984893798828125,0.25294954140668935
C021_A21_SY15_P01_S02_01DBS,2704,599,1105.3318318510248,1.8483809897174328,325.743896484375,2909.3505822524
C021_A21_SY15_P01_S02_01DBS,2707,18,46.452119022858085,2.7324775895798874,50.46321105957031,100.41596597845573
C021_A21_SY15_P01_S02_01DBS,2709,49,4.176889431768188,0.08701852982850393,1.738037109375,0.21737513870857297
C021_A21_SY15_P01_S03_01NBS,3617,598,2130.878457300359,3.5693106487443202,349.6068572998047,7082.929077821603
C021_A21_SY15_P01_S03_01NBS,3622,54,52.84731578607534,0.9971191657750065,16.07672119140625,6.844334667864727
C021_A21_SY15_P01_S03_01NBS,3626,20,41.81405079731569,2.200739515648194,27.04791259765625,35.24670509564989
C021_A21_SY15_P01_S03_01NBS,3631,40,48.55518429656417,1.2450047255529275,19.57135009765625,11.168541538251446
C021_A21_SY15_P01_S03_01NBS,3632,26,124.90019785882166,4.996007914352866,57.08310699462885,93.6439463624862
C021_A21_SY15_P01_S03_01NBS,3636,188,104.31163891022331,0.5578162508568091,13.043701171875,4.394275351397008
C021_A21_SY15_P01_S05_01DBS,3602,600,2139.293212362037,3.5714410890852037,552.421760559082,13817.022167949126
C021_A21_SY15_P01_S05_01DBS,3608,555,108.57570199214153,0.19598502164646486,8.09906005859375,0.9794007772210558
C021_A21_SY15_P01_S05_01DBS,3610,10,8.685011043168698,0.9650012270187442,4.8002471923828125,1.2978492648806423
C021_A21_SY15_P01_S05_01DBS,3611,40,116.71190015002041,2.992612824359498,26.0953369140625,60.082422294024575
C021_A21_SY15_P01_S05_01DBS,3616,10,6.811397978664753,0.756821997629417,2.7034149169921875,0.5227796629164367
C021_A21_SY15_P01_S06_01DAS,2371,599,1533.4566370531593,2.5643087576139787,354.0521545410156,3524.578315434529
C021_A21_SY15_P01_S07_01DAS,3571,599,2707.615610453763,4.527785301762146,775.0979499816895,25241.389137709208
C021_A21_SY15_P01_S07_01DAS,3578,38,46.648933698356224,1.2607819918474654,13.14011001586914,4.8239648269339925
C021_A21_SY15_P01_S07_01DBS,2227,599,2345.526005081764,3.9222842894343883,874.7168807983398,28494.673195542073
C021_A21_SY15_P01_S07_01DBS,2228,91,23.95520492318586,0.266168943590954,4.49465274810791,0.6403976014047347
C021_A21_SY15_P01_S07_01DBS,2230,41,235.98713271057358,5.899678317764339,233.39939880371094,2552.754842563455
C021_A21_SY15_P01_S07_01DBS,2235,223,44.253411409952626,0.19933969103582264,4.564786434173584,0.6101739348438886
C021_A21_SY15_P01_S08_01DBS,497,599,1913.0527681602125,3.199084896588984,510.0904541015625,7682.334022932353
C021_A21_SY15_P01_S08_01DBS,498,32,8.52771791697944,0.27508767474127227,2.699671983718872,0.2973590729646425
C021_A21_SY15_P01_S08_01DBS,503,189,52.38331145237201,0.27863463538495753,6.575274229049683,1.3420667147518246
C021_A21_SY15_P01_S08_01DBS,512,67,16.72039015978224,0.25333924484518544,3.4427342414855957,0.41545410294555224
C021_A21_SY15_P01_S09_01DBS,1012,599,1697.419101912054,2.838493481458284,366.1558532714844,7483.205301071869
C021_A21_SY15_P01_S09_01DBS,1017,19,12.141829387243487,0.6745460770690825,8.730598449707031,3.3253600565681793
C021_A21_SY15_P01_S10_01DAS,308,599,1539.2622473231227,2.574017135991844,712.6272277832031,15268.79094320325
C021_A21_SY15_P01_S10_01DAS,309,283,57.760779856553384,0.20482546048423186,11.440582275390625,2.7282761766594827
C021_A21_SY15_P01_S10_01DAS,312,175,25.64729906229378,0.14739827047295276,4.604240417480469,0.4193366110766769
C021_A21_SY15_P01_S10_01DBS,1509,599,2450.799444654335,4.098326830525644,1269.8838806152344,82788.37380013106
C021_A21_SY15_P01_S10_01DBS,1510,599,163.22657252359002,0.2729541346548328,13.30470463540405,3.5688514450536406
C021_A21_SY15_P01_S10_01DBS,1511,595,81.77809273058352,0.13767355678549414,7.7277679443359375,1.2301187765659645
C021_A21_SY15_P01_S10_01DBS,1513,257,40.485125346625026,0.158145020885254,7.73211669921875,0.9217473618936145
C021_A21_SY15_P01_S10_01DBS,1518,16,15.848188048577276,1.0565458699051518,8.37445068359375,5.612073293348658
C021_A21_SY15_P01_S10_01DBS,1522,42,4.774711968421011,0.1164563894736832,2.3440093994140625,0.29132238134864274
C021_A21_SY15_P01_S10_01DBS,1523,12,0.8355193963469689,0.07595630875881536,0.5175628662109375,0.01839503471920681
C021_A21_SY15_P01_S10_01DBS,1524,36,2.58812650951313,0.07394647170037513,1.43511962890625,0.09196056908389616
C021_A21_SY15_P01_S10_01DBS,1528,18,1.0321385142222597,0.06071403024836822,0.5425262451171875,0.01724422279239437
C021_A21_SY15_P01_S10_01DBS,1531,262,110.0565126651754,0.4216724623186797,21.864334106445312,9.583547724313549
C021_A21_SY15_P01_S10_01DBS,1533,95,8.025455071034699,0.08537718160675212,2.863861083984375,0.412261154893992
C021_A21_SY15_P01_S10_01DBS,1534,15,4.942073492225495,0.3530052494446782,2.9829864501953125,0.4289503243524168
C021_A21_SY15_P01_S11_01DAS,1861,177,870.1519754597452,4.944045315112189,628.0034790039062,24446.540107299854
C021_A21_SY15_P01_S11_01DAS,1867,23,99.66758426026772,4.530344739103078,38.054351806640625,97.68254051813135
C021_A21_SY15_P01_S11_01DAS,1869,392,763.526355394767,1.9527528270965908,45.459869384765625,111.66898173184772
C021_A21_SY15_P01_S11_01DAS,1870,426,1061.6812178656364,2.4980734538014975,504.8867950439453,7859.106405960992
C021_A21_SY15_P01_S11_01DBS,497,600,2284.719213436068,3.8142223930485275,913.9040069580078,43582.79481037993
C021_A21_SY15_P01_S11_01DBS,513,581,452.77205384141763,0.7806414721403753,29.45815944671631,19.746977103068545
C021_A21_SY15_P01_S11_01DBS,515,132,54.74256411301682,0.41788216880165513,12.010551452636719,9.42257093447439
C021_A21_SY15_P01_S11_01DBS,517,84,21.220939940429506,0.2556739751858977,6.7151031494140625,1.487630243122739
C021_A21_SY15_P01_S11_01DBS,518,29,23.654544337745737,0.8448051549194906,16.605194091796875,6.315247487119542
C021_A21_SY15_P01_S11_01DBS,521,27,35.878305426426984,1.3799348240933456,13.61602783203125,7.322772858255583
C021_A21_SY15_P01_S11_01DBS,523,23,3.267301815332209,0.14851371887873677,1.6893768310546875,0.14279698074701996
C021_A21_SY15_P01_S11_01DBS,524,12,16.617088467554236,1.5106444061412942,7.20062255859375,1.85208478320985
C021_A21_SY15_P01_S11_01DBS,527,19,21.517577197021748,1.1954209553900972,9.72418212890625,4.768398369690843
C021_A21_SY15_P01_S12_01NAS,3471,597,1067.1441509034119,1.790510320307738,398.6988983154297,9239.818258643812
C021_A21_SY15_P01_S12_01NAS,3473,72,748.9558013465964,10.548673258402767,165.89107257127762,813.8229996846478
C021_A21_SY15_P01_S12_01NAS,3478,87,1244.7606086252204,14.47396056540954,356.5351039171219,2968.0086611679776
C021_A21_SY15_P01_S12_01NAS,3479,113,544.4574378613952,4.861227123762457,113.20351934432983,425.9770661309672
C021_A21_SY15_P01_S12_01NAS,3480,52,1105.1379445830983,21.669371462413693,270.9831998348236,2249.952499492876
C021_A21_SY15_P01_S13_01NAS,1762,599,1146.4238407804141,1.9170967237130672,189.03192901611328,780.0889889983985
C021_A21_SY15_P01_S13_01NAS,1764,35,36.26437858794966,1.0665993702338135,28.54243469238287,19.30963906943915
C021_A21_SY15_P01_S13_01NAS,1765,21,37.21265963867366,1.8606329819336829,37.04081726074219,52.51975160103414
C021_A21_SY15_P01_S13_01NAS,1774,29,41.22887704458355,1.4724598944494125,54.322174072265625,143.90051491016203
C021_A21_SY15_P01_S13_01NAS,1775,77,19.162810834109184,0.2521422478172261,4.2066802978515625,0.4952081845671775
C021_A21_SY15_P01_S13_01NBS,2935,600,1837.268812794584,3.0672267325452154,404.92681884765625,8290.858204179507
C021_A21_SY15_P01_S13_01NBS,2936,86,142.29472615800452,1.6740556018588768,73.22649765014648,64.09216619702805
C021_A21_SY15_P01_S13_01NBS,2937,22,20.526519518376343,0.9774533103988735,13.838897705078125,10.379723606030804
C021_A21_SY15_P01_S13_01NBS,2940,33,78.46558747019301,2.4520496084435317,31.993091583251953,61.016042896266775
C021_A21_SY15_P01_S13_01NBS,2941,11,1.9896739502026846,0.19896739502026844,2.042612075805664,0.4207416390804122
C021_A21_SY15_P07_S01_01DBS,2682,600,1171.6838701202198,1.9560665611355923,228.38784790039062,1707.6495198835455
C021_A21_SY15_P07_S01_01DBS,2685,17,2.350558538751353,0.14690990867195955,1.8997726440429688,0.2011130630263453
C021_A21_SY15_P07_S01_01DBS,2688,71,16.12920493185499,0.23041721331221413,2.7604293823242188,0.22975113370905298
C021_A21_SY15_P07_S01_01DBS,2689,26,7.110370628868308,0.2844148251547323,3.5150070190429688,0.5019624366682608
C021_A21_SY15_P07_S01_01DBS,2690,20,5.446763973782714,0.28667178809382704,2.4131622314453125,0.2324275824020151
C021_A21_SY15_P07_S01_01DBS,2692,12,2.6971611443044154,0.24519646766403777,1.4873580932617188,0.11018909782635294
C021_A21_SY15_P07_S02_01DAS,2949,600,2171.3428142341695,3.624946267502787,350.50130462646484,8284.976428931855
C021_A21_SY15_P07_S02_01DAS,2952,32,19.07870032692854,0.615441946029953,7.695110321044922,2.0655410792104334
C021_A21_SY15_P07_S02_01DAS,2954,23,14.05562017498722,0.6388918261357828,8.403793334960938,3.958684700346053
C021_A21_SY15_P07_S02_01DAS,2956,29,30.37622288923543,1.0848651031869796,15.58945083618164,16.685106044437575
C021_A21_SY15_P07_S02_01DAS,2957,13,34.51366016631428,2.8761383471928568,25.223163604736328,52.567083691372694
C021_A21_SY15_P07_S02_01DBS,1570,599,1444.7481853338516,2.415966865106775,275.6542739868164,3480.3707696224146
C021_A21_SY15_P07_S03_01DAS,1964,600,1961.6447047762672,3.2748659512124663,300.4942855834961,4602.399686122025
C021_A21_SY15_P07_S03_01DAS,1967,75,3.921760502515949,0.05299676354751283,1.0624732971191406,0.025521444170011613
C021_A21_SY15_P07_S03_01DAS,1969,81,4.310899556983101,0.053886244462288756,1.2107582092284872,0.044530874967751606
C021_A21_SY15_P07_S03_01DAS,1970,156,7.792041094614442,0.05027123286848027,1.4197578430175781,0.08451483483948385
C021_A21_SY15_P07_S03_01DAS,1971,19,1.0572120796679796,0.05873400442599887,0.5119056701660156,0.0093788249173699
C021_A21_SY15_P07_S06_01DBS,714,600,1704.289795389477,2.8452250340391934,408.19261169433594,5144.769445603252
C021_A21_SY15_P07_S06_01DBS,715,24,58.90013420043868,2.5608754000190728,36.7904052734375,101.9477091275701
C021_A21_SY15_P07_S06_01DBS,718,20,94.79572708131562,4.989248793753454,72.7439193725586,140.42154933949874
C021_A21_SY15_P07_S07_01DAS,2349,599,1166.056944114844,1.949928000192047,266.8353271484375,3743.110786564907
C021_A21_SY15_P07_S08_01DBS,1428,599,1307.5445467660275,2.186529342418106,291.83827209472656,3755.0161832442195
C021_A21_SY15_P07_S10_01DAS,833,599,1138.079914761268,1.9031436701693443,368.3371124267578,5094.864311978215
C021_A21_SY15_P07_S10_01DBS,335,599,1188.8972294090113,1.9881224572057046,419.5003662109375,5228.417995291682
C021_A21_SY15_P07_S12_01NBS,469,600,1380.4765043550517,2.304635232646163,724.9671325683594,24376.06297659069
C021_A21_SY15_P07_S12_01NBS,475,71,56.25751688087864,0.8036788125839806,23.988840103149414,23.18968147543501
C021_A21_SY15_P07_S14_01DAS,2242,601,1005.6480439107494,1.6760800731845824,379.3077697753906,4719.971843396259
C021_A21_SY15_P07_S14_01DAS,2263,21,18.166732676962088,0.9083366338481044,9.8717041015625,2.7330002657342654
C021_A21_SY15_P07_S14_01DBS,2489,600,1326.9174993960482,2.2152212009950722,393.55682373046875,5515.753918211629
C021_A21_SY15_P07_S14_01DBS,2492,13,20.985308176602214,1.7487756813835178,25.104248046875,25.04742758301191
C021_A21_SY15_P07_S14_01DBS,2494,26,15.192867704551317,0.6077147081820526,6.710601806640625,1.3745452245689114
C021_A21_SY15_P07_S14_01DBS,2496,11,15.679648831563533,1.5679648831563533,17.619842529296875,19.386387197223826
C021_A21_SY16_P07_S01_01DBS,2661,600,403.6465027221666,0.6738672833425152,121.20832824707031,376.44985410885477
C021_A21_SY16_P07_S01_01DBS,2665,93,16.383957189788404,0.1780864911933522,2.793182373046875,0.1929053285158148
C021_A21_SY16_P07_S01_01DBS,2669,68,11.415956279981248,0.17038740716389922,2.6834869384765625,0.25391624655265543
C021_A21_SY16_P07_S01_01DBS,2670,12,4.515350742260329,0.4104864311145754,2.208404541015625,0.26230065693016513
C021_A21_SY16_P07_S02_01DAS,816,601,354.9125104860259,0.5915208508100431,88.37653350830078,106.3837054513967
C021_A21_SY16_P07_S02_01DBS,89,599,275.8582167388636,0.4613013657840528,54.62615966796875,95.39879182142663
C021_A21_SY16_P07_S02_02DBS,257,599,283.8594057690557,0.4746812805502603,99.27671813964844,1696.224014726535
C021_A21_SY16_P07_S03_01DAS,3407,600,558.5969898138753,0.9325492317426967,142.78814697265636,606.2117095434029
C021_A21_SY16_P07_S03_01DAS,3414,31,0.9445587242286037,0.03148529080762012,0.5184440612792969,0.017887041258842117
C021_A21_SY16_P07_S03_01DAS,3416,104,4.081988749526938,0.03963095873327124,0.9225540161132812,0.015332228384207851
C021_A21_SY16_P07_S03_01DAS,3417,40,1.5987457626898511,0.04099348109461157,0.6088104248046875,0.014295363796627575
C021_A21_SY16_P07_S03_01DAS,3418,16,0.3713327877645288,0.02475551918430192,0.22990036010742188,0.00201654593109879
C021_A21_SY16_P07_S03_01DBS,671,599,384.0399766236613,0.6422073187686643,100.5360336303711,694.3410260288762
C021_A21_SY16_P07_S03_02DAS,1440,600,431.5688254566201,0.7204821793933558,144.00245666503906,2232.250938049399
C021_A21_SY16_P07_S03_02DAS,1445,150,11.161835243012847,0.07491164592626072,1.7820510864257812,0.08235384049731723
C021_A21_SY16_P07_S06_01DAS,420,600,604.9545982723105,1.0099408986182146,100.13556671142578,182.5483839835082
C021_A21_SY16_P07_S06_01DBS,1717,599,548.4488937169672,0.917138618255798,71.7318115234375,143.2113286704115
C021_A21_SY16_P07_S06_01DBS,1718,18,38.68745879956092,2.275732870562407,34.148353576660156,72.81820185566885
C021_A21_SY16_P07_S06_01DBS,1721,27,51.21262636305309,1.969716398578965,30.122695922851562,43.00580097377794
C021_A21_SY16_P07_S06_01DBS,1722,26,63.512963129022225,2.540518525160889,47.75978088378906,84.29606391318714
C021_A21_SY16_P07_S07_01DAS,3048,599,347.4259493752534,0.5809798484536011,51.07196044921875,120.00897073381107
C021_A21_SY16_P07_S07_01DBS,3049,600,516.3865258678104,0.8620810114654598,59.80793762207031,105.82770725706678
C021_A21_SY16_P07_S07_02DAS,989,600,408.15238109645327,0.6813896178571841,58.62715148925781,418.85632357652787
C021_A21_SY16_P07_S07_02DBS,2353,600,1199.0229876262586,2.0017078257533534,98.259033203125,715.6214931369659
C021_A21_SY16_P07_S08_01DAS,1808,599,218.67782020879685,0.3656819735933058,27.944473266601562,20.34844935366494
C021_A21_SY16_P07_S08_01DAS,1812,25,3.077357184812522,0.1282232160338551,1.4293212890625,0.09284379709661007
C021_A21_SY16_P07_S08_01DAS,1814,36,3.2420674740867357,0.09263049925962102,2.281646728515625,0.2839476359019309
C021_A21_SY16_P07_S08_01DBS,2186,600,237.01521935149563,0.3956848403196922,47.021934509277344,13.9899447315488
C021_A21_SY16_P07_S10_01DAS,3430,599,439.94228435586604,0.735689438722184,153.20587158203125,1873.8561930501983
C021_A21_SY16_P07_S10_01DBS,2856,600,726.1068034388019,1.212198336291823,102.15142822265625,321.4034294741368
C021_A21_SY16_P07_S11_01NAS,1477,511,995.4132538227103,1.9517906937700202,112.42332458496094,542.321665523357
C021_A21_SY16_P07_S11_01NAS,1480,92,309.0980912257563,3.3966823211621575,56.386444091796875,76.68774350434461
C021_A21_SY16_P07_S12_01NBS,2180,601,693.068904537692,1.1551148408961533,69.55294799804688,182.67162386097834
C021_A21_SY16_P07_S13_01NAS,3442,600,991.5802796549353,1.6553927874038987,88.15491485595703,205.7405341864714
C021_A21_SY16_P07_S14_01DAS,1698,601,589.5154530157786,0.9825257550262976,170.1258087158203,297.5275859535442
C021_A21_SY16_P07_S14_01DBS,2097,600,1007.571829715186,1.682089865968591,181.59051513671875,3646.6110691446484
C021_A21_SY17_P01_S01_01DAS,1497,599,786.1708858724361,1.3146670332314985,214.45458221435547,4338.121209220189
C021_A21_SY17_P01_S01_01DAS,1499,25,2.10255796941187,0.08760658205882792,1.388275146484375,0.06765726430118084
C021_A21_SY17_P01_S01_01DAS,1500,223,39.689451659051045,0.1787813137795092,6.43701171875,1.3663990113405673
C021_A21_SY17_P01_S01_01DBS,1871,599,976.1578601591632,1.6323710036106407,264.07147216796875,5686.276408904259
C021_A21_SY17_P01_S02_01DAS,3257,599,501.256697962466,0.8382219029472675,164.3855972290039,2078.558477812666
C021_A21_SY17_P01_S02_01DAS,3258,595,149.5624251547845,0.25178859453667424,12.23248291015625,3.3619428061457883
C021_A21_SY17_P01_S02_01DAS,3259,563,54.98013498265399,0.09782942167732027,4.2201385498046875,0.26233479530268156
C021_A21_SY17_P01_S02_01DAS,3262,11,0.7750965801883254,0.07750965801883254,0.7698211669921875,0.04552320699199788
C021_A21_SY17_P01_S02_01DAS,3280,14,1.2729871328851827,0.09792208714501406,0.9995269775390625,0.031124479151615987
C021_A21_SY17_P01_S02_01DAS,3282,10,0.5755913175073404,0.06395459083414894,0.4911956787109375,0.022848966896999622
C021_A21_SY17_P01_S02_01DAS,3283,11,0.6299739491225348,0.06299739491225348,0.4258880615234375,0.011645055537627748
C021_A21_SY17_P01_S02_01DAS,3289,11,2.169987967562906,0.2169987967562906,2.43438720703125,0.22172873436804277
C021_A21_SY17_P01_S03_01NAS,3717,599,757.4865750673096,1.2666999583065377,231.48663330078125,4509.079160514887
C021_A21_SY17_P01_S03_01NAS,3718,297,185.6657448428626,0.6272491379826439,35.110382080078125,19.20056802181725
C021_A21_SY17_P01_S03_01NAS,3722,26,16.910850270026316,0.6764340108010526,5.826759338378906,0.9533024522930192
C021_A21_SY17_P01_S03_01NAS,3724,35,22.754221335920228,0.6692418039976538,6.760593414306641,1.929207442958996
C021_A21_SY17_P07_S02_01DAS,1798,600,417.2654898819447,0.6966034889514936,190.3609619140625,4408.716600275887
C021_A21_SY17_P07_S02_01DBS,3172,599,355.6939709415564,0.5948059714741746,193.22567749023438,1716.817468103641
C021_A21_SY17_P07_S03_01DBS,1964,599,712.9778617340149,1.1922706717960116,326.81224060058594,10793.80456229011
C021_A21_SY17_P07_S06_01DBS,2801,599,747.6649469402631,1.2502758310037845,229.59963989257812,4785.849382228458
C021_A21_SY17_P07_S07_01DBS,305,600,624.2947964191646,1.0422283746563683,208.74041748046875,3261.583406932582
C021_A21_SY32_P01_S05_01DAS,1821,599,1018.4552608083218,1.7031024428232806,650.0737838745117,42543.08520285997
C021_A21_SY32_P01_S05_01DAS,1825,189,46.54877547202438,0.24759986953204458,9.139869689941406,1.2150700329474444
C021_A21_SY32_P01_S05_01DBS,369,599,1387.9923482946367,2.321057438619794,910.8430023193359,80239.00268739004
C021_A21_SY32_P01_S05_01DBS,370,595,156.6970092220554,0.2637996788250091,7.772247314453125,1.2018342258039918
C021_A21_SY32_P01_S06_01DAS,1438,599,1192.8895974409756,1.994798657928053,773.9939517974854,64182.061557158624
