video,track_id,frame_count,move_distance,avg_speed,max_speed,min_speed,std_speed,movement_range,trajectory_variance,hand_motion_sum,hand_motion_mean,hand_motion_std,hand_motion_max,body_motion_sum,body_motion_mean,body_motion_std,body_motion_max,upper_body_angle_mean,upper_body_angle_std,upper_body_angle_max,upper_body_angle_min,arm_extension_mean,arm_extension_std,arm_extension_max,arm_extension_min
C021_A18_SY16_P07_S01_01DAS,420,601,272.0805700139941,0.4534676166899901,5.72183337895243,0.0043144951231618,0.6203488918740672,76.7104263305664,771.502033857309,0.3919791873190313,0.0066437150393056,0.0094628869888553,0.0480371539258467,0.1437446771590068,0.0024363504603221,0.0024797736742959,0.0122837947834196,16.984309061624636,6.098911413997163,29.260223717175727,7.190340855508747,0.1132313049029358,0.0453450145424776,0.1645154232097866,0.0441238503914041
C021_A18_SY16_P07_S01_02DAS,3202,601,381.5372384734477,0.635895397455746,17.272270685280603,0.0085841809717868,1.4136527624274144,88.74622344970703,318.8147208644931,0.677959011152862,0.0114908306975061,0.0178870334657634,0.1075705340258342,0.1403340596459595,0.0023785433838298,0.0023335031770861,0.0107458690112475,14.475459007829794,34.346976702229426,121.1153340878647,-179.2141646095019,0.1461753446942938,0.0380835561094907,0.1867910237962643,0.0603880285817858
C021_A18_SY15_P07_S11_02NAS,2211,601,701.615215637397,1.1693586927289967,32.38468989981828,0.0039966668997895,1.9598914406072592,253.31124877929688,1655.3144014661732,1.685561341331747,0.0306465698423954,0.0213392030787841,0.1098056157072414,0.3053509578504964,0.0055518355972817,0.0063020553120739,0.0348690252978497,-29.50781079301788,16.919109344439914,11.064091839742606,-53.9668551119491,0.1147569788092467,0.0295813138448064,0.1800337783280823,0.0582319793259694
C021_A18_SY16_P07_S13_02NAS,257,601,551.9951140489176,0.9199918567481952,25.441860101456165,0.0175988833061016,1.4038957303982806,78.6489028930664,112.65891158260598,1.2170826816694715,0.0206285200282961,0.0300845980879611,0.1237010660093695,0.2154404669392883,0.003651533337954,0.0034449064606218,0.017171722367349,11.198950282500896,4.444460079394474,19.42824602262545,2.042774961204301,0.17246046390738,0.0235355563254192,0.1905132836031187,0.0801588885258333
C021_A21_SY16_P07_S02_01DAS,816,601,354.9125104860259,0.5915208508100439,13.733307505273894,0.0029621314633378,0.849244743658782,88.37653350830078,106.3837054513967,0.6041489442210699,0.0102398126139164,0.0220211979577973,0.1297504262971774,0.1362189575743756,0.0023087958910911,0.003375861478899,0.018562043274904,-3.2638625827968277,11.393285870812692,12.34731909369394,-19.64821263192974,0.1039086606655789,0.054906711414276,0.1674669465753591,0.0401775887251481
C021_A21_SY15_P07_S14_01DAS,2242,601,1005.6480439107494,1.676080073184582,10.417267687298262,0.0141699218782862,1.755599188782114,379.3077697753906,4719.971843396259,1.3846489406521358,0.023468626112748,0.0211629029478969,0.0795356728031166,0.4864432821261645,0.0082448013919688,0.0068809621227226,0.0306829436764752,-38.23901488604199,66.63056306689681,170.30600825711855,-179.03400485419488,0.1889000069431682,0.0313627909565903,0.2553322329309725,0.0437786952105358
C021_A18_SY15_P07_S12_03NAS,756,601,1441.6466607031962,2.402744434505328,15.151273498159435,0.0082712911833233,2.508036094935689,660.8546142578125,23896.193467198627,1.282517392436614,0.0217375829226544,0.0167563944421704,0.085170715007641,0.7954548751970983,0.0134822860202898,0.012616622488316,0.0488915868915393,-15.905995926260395,66.95068432725269,169.20165854853,-177.24447559480453,0.1621720368858417,0.0545900116767705,0.2669419696575627,0.0715235028070418
C021_A18_SY15_P07_S13_03NBS,3202,601,991.9088514762414,1.6531814191270688,49.08563721103347,0.0093244342533341,2.649151385124215,507.3728485107422,10544.220667872009,1.285867833911245,0.0217943700662922,0.0401544571723491,0.2140978125987536,0.4729588915268727,0.0080162523987605,0.0076886393711722,0.0307350931296641,4.5926809569967,30.15199945761837,41.77733881608451,-108.54051493562125,0.1211226591610015,0.0433228029048638,0.2019300178799209,0.0425495391823261
C021_A18_SY16_P07_S12_03NBS,3146,601,231.2952508045147,0.3854920846741911,28.604645296212706,0.0019110072332963,1.2822395276640903,63.13615417480469,161.5590571475934,0.4421017891565992,0.0074932506636711,0.0086439764686824,0.0480239232618973,0.1182130435966983,0.0020036109084186,0.0019111217548233,0.0091330646824396,6.103367544239704,2.5032315114582824,12.724107587945294,-0.4864965767153019,0.1088631554817639,0.0467430151879672,0.1761890092150226,0.0590956026583546
C021_A21_SY16_P07_S12_01NBS,2180,601,693.068904537692,1.1551148408961538,12.015404142889894,0.0260229074195263,1.134783253267471,69.55294799804688,182.67162386097837,1.1717756487433693,0.0198606042159893,0.0216157871740102,0.1185771972626871,0.1504402246491417,0.0025498343160871,0.0021461414847154,0.0119479983858297,-11.66122375958643,14.57591138003649,9.87080025160916,-36.831866816039,0.1117428545222223,0.0413692221716869,0.1769729197711217,0.0283423909319102
C021_A21_SY16_P07_S14_01DAS,1698,601,589.5154530157786,0.9825257550262968,71.0001582882544,0.0050686748310917,3.2196095817922594,170.1258087158203,297.5275859535442,1.7302952327849257,0.0293270378438123,0.0346694250294972,0.155755562602333,0.2056078005318322,0.0034848779751158,0.0023181597705985,0.0124447566846504,-17.83070570456257,41.58900651014733,29.05250360798184,-178.89101918458107,0.1806253750695449,0.0481781742537441,0.2277338678388139,0.0569386818198339
C021_A19_SY16_P07_S01_01DAS,2719,601,2086.185964474013,3.476976607456688,26.703977051792712,0.0107802264835162,3.9749291871228807,277.50147247314453,2874.594641622948,1.3254099095495089,0.0224645747381272,0.0212056702337546,0.1030018734392244,0.5890679214949012,0.0099842020592356,0.0107728944076267,0.0516802898416841,8.539000671714344,10.02619574432853,31.23729763237285,-13.79785838126372,0.1693288644613449,0.0199355253641977,0.2044351831142402,0.0991389251454818
C021_A18_SY15_P07_S01_02DBS,2383,601,954.3755374401812,1.5906258957336348,8.802895835651432,0.0025392477261398,1.6211580335275462,239.17179107666016,2722.490562303797,0.8063445908632083,0.0136668574722577,0.0121103886801661,0.0473875012556796,0.4195660007133559,0.0071112881476839,0.0065972794480852,0.0223740352632645,28.33566458787931,43.99309753662663,179.7185874602575,-173.51703624700673,0.1249053888849899,0.0386023990405064,0.1888916699419594,0.0677230345233703
C021_A20_SY16_P07_S02_01DAS,1964,601,305.7042426344092,0.5095070710573483,30.30116984791197,0.011396121895361,1.4334755793302218,103.54553985595705,242.28050820532897,0.2982915209362168,0.0050557884904443,0.0041153907927076,0.0169617834308157,0.1578996690617972,0.0026762655773185,0.0037680112410898,0.0210315947735732,6.469319226055723,8.527631167150567,12.533843168737224,-27.362937061717247,0.1632785976917781,0.0056018318873844,0.1753489658214938,0.1420441072292022
C021_A20_SY16_P07_S12_01NAS,3146,601,228.25051974968804,0.3804175329161466,7.071721617920388,0.0081535671672855,0.5098088483633144,71.71602249145508,309.8799063074771,0.6447098302683522,0.0109272852587856,0.0099396136897526,0.044481507161947,0.1552424992644819,0.0026312288010929,0.0026950101609607,0.0181329673636646,-9.392464581832485,11.477939891257977,4.290421585997929,-41.31589031579287,0.1404149891936533,0.0461400778952247,0.2110849022990116,0.0799142796024577
C021_A19_SY15_P07_S01_02DAS,2628,601,1804.3161955386745,3.0071936592311235,41.63893798884583,0.0627512320173674,2.4697207039252884,411.87915802001953,7291.39661368773,1.3211322605059583,0.0223920722119653,0.0124916700212633,0.0571830335773901,0.9158120893319912,0.0155222388022371,0.0063904054317149,0.0311637523166496,9.419905320335609,9.652881484274042,28.71325670670128,-12.021354607710876,0.1592981184034458,0.0203871519325841,0.191122062434586,0.1020781598564227
C021_A18_SY16_P07_S14_01DAS,3675,601,492.5796293087941,0.8209660488479897,35.99164453602887,0.0045508618920675,1.9351155506302435,121.05420684814452,307.3811815301079,1.309560456568189,0.0221959399418337,0.035244997648134,0.1540520186889299,0.2112729555276161,0.0035808975513155,0.0023487363332079,0.0126110290634096,-14.0803773362794,54.55748567668487,176.55066770335867,-158.16899650720018,0.1812529015917804,0.0435884187533815,0.22532144763943,0.0928392193756774
C021_A18_SY16_P07_S13_03NBS,2276,601,295.80318156509315,0.4930053026084883,16.320601177728303,0.0097408576652696,0.9738896400363942,162.35494232177734,2680.178002288592,0.463999058710454,0.0078643908256009,0.0128061708434135,0.0558487700366356,0.1830715117310707,0.0031029069784927,0.0028742580408012,0.0130644871609218,19.719915789292603,6.91838746952307,36.60213020862271,-2.703304477572396,0.0962512764992094,0.0399628747246779,0.1783942786535934,0.0671192640840897
C021_A20_SY15_P07_S13_02NAS,160,601,1639.7262299774643,2.732877049962444,35.93063909878452,0.056361051571295,2.986475780979414,479.9526977539063,11512.613628990555,2.029986019224365,0.034406542698718,0.028587837044023,0.2061428068933468,0.7893287245622778,0.0133784529586826,0.0114683578356158,0.0423938508379803,-2.0268219736058297,29.365066861092824,114.11088923621392,-56.21752609531541,0.1268311393117994,0.0533561019272784,0.2139933607883906,0.0373179091163589
C021_A19_SY15_P07_S14_01DBS,2467,601,1297.4352038230656,2.1623920063717765,44.3898246545355,0.0201176587762536,2.892899202022772,393.3590545654297,2152.216079772743,0.915338556196898,0.0155142128168965,0.0174671326352227,0.089468212591805,0.4020288897324364,0.0068140489785158,0.0053328961318304,0.0248146103045619,30.082442356774145,68.36238508953124,173.54940565856404,-177.15364881223442,0.215196543697279,0.0237456144800234,0.2504575848501478,0.1166203487300743
C021_A19_SY16_P07_S02_01DAS,3146,601,1541.1581449758755,2.568596908293127,43.34685083971612,0.0209332178935942,4.11414128988593,403.1945495605469,5083.578629530416,1.2427414742424554,0.0210634148176687,0.0279648480828585,0.1393767721081385,0.5088864711364792,0.008625194426042,0.0099208721471581,0.0431773911642488,-0.8143466858808563,15.750585345382678,17.92621801436513,-53.874718577539184,0.1520975359922159,0.0216947283896833,0.2085341057437128,0.0692189569335678
C021_A19_SY16_P07_S13_01NAS,3022,601,1285.3783503778034,2.14229725062967,48.42323366961018,0.0599900218618939,2.7555454428821786,201.25511169433597,1603.7854167550613,1.0718202625077895,0.0194876411365052,0.0142195485333498,0.0725899351046862,0.5509757874753713,0.0100177415904612,0.0074716134170316,0.0300503599880635,10.829220990701582,10.790502252282662,36.935329863582645,-15.956145370087608,0.1843145281010104,0.0209833322238188,0.211963577053034,0.0994694998739315
C021_A19_SY17_P07_S01_01DAS,3758,601,1270.6565989875508,2.1177609983125856,38.55393317848522,0.0133362602039528,3.1624454559538875,310.1788787841797,3773.496594303249,1.0727175603758825,0.0181816535656929,0.0229133791120322,0.1008242581485895,0.509983775760614,0.0086437928095019,0.0143630433246263,0.0818782521530145,37.7914803243396,24.131975959689463,65.02065782605061,-10.03759819830777,0.1158893562810533,0.0515477953333843,0.2066484580861141,0.0630418201013274
C021_A20_SY15_P07_S12_02NBS,100,601,2347.971945244689,3.913286575407812,27.416692854426824,0.0517239752410354,3.69976882405059,825.9752616882324,35437.30852398728,2.8477684476230647,0.0482672618241197,0.0392339992802198,0.2116558115263291,1.1645055588934443,0.0197373823541261,0.0117186007928527,0.0443313281767917,-7.042680318009544,60.18470839461357,160.8541992692635,-179.37504982327977,0.146817502919488,0.0560022748202224,0.2324039804172466,0.0260232661703618
C021_A18_SY16_P07_S01_03DAS,2962,600,428.4723332798893,0.715312743372103,4.938023300767187,0.0084770916408856,0.7615671925898277,97.1087417602539,271.99983990603147,0.5850999720634673,0.0099169486790418,0.012635819066531,0.0579930151393078,0.21796993432003,0.0036944056664411,0.0032275834548573,0.016850563206714,20.800849092249752,67.97654252127272,179.36147436787283,-179.86712006501776,0.1204751118916086,0.0545523033922868,0.1912466573153217,0.0338330162594199
C021_A18_SY16_P01_S06_01DAS,2994,600,679.6140081035066,1.1345809818088604,63.30197912190348,0.0198959221274123,2.896198516231356,147.90780639648426,990.8352312205544,2.074748714632633,0.0351652324514005,0.0443807474621461,0.2154525415442501,0.4374549300966672,0.0074144903406214,0.0074446162606025,0.0322189408905908,5.138065062025486,9.05913090321618,22.58120699232838,-15.085616315896363,0.1215302516586173,0.0792326317067209,0.3164709341409829,0.0148055690452619
C021_A18_SY16_P01_S06_01DBS,1915,600,548.6465949368774,0.915937554151715,51.599112242212726,0.0205100830274433,2.6025875608795626,159.60192108154297,336.7005331451712,0.8255812060761416,0.0139929017979007,0.0271710028632986,0.1545381283943025,0.207469469767056,0.003516431690967,0.0021468914438671,0.01021809117825,34.16632446830947,58.36550247279661,161.4774873418228,-165.57204711553635,0.1627643051029443,0.048443457175551,0.2047519533168204,0.085395180272293
C021_A21_SY16_P07_S07_02DBS,2353,600,1199.0229876262586,2.0017078257533534,51.04570837953926,0.0114489328953261,3.0451272175512525,98.259033203125,715.6214931369659,0.3303591549782059,0.005599307711495,0.0162101323989364,0.1261431793134243,0.091304100542442,0.001547527127838,0.0014120477353753,0.0074212723537831,3.538208747607256,2.0266175013646155,7.438892805469163,-0.5964445595402836,0.0832496188471773,0.0601992144548869,0.1624755914161839,0.0302409410765427
C021_A18_SY16_P01_S13_02NBS,2578,600,571.4747590610092,0.9540480117879954,47.87232734899313,0.0048829615093382,3.158077316753961,221.886833190918,1093.0099577576157,0.7631341892541769,0.0129344777839691,0.0182039638155207,0.1069986746477155,0.2249807949025569,0.0038132338119077,0.0031558632044778,0.0158403013131968,87.2261145087198,21.66944764107489,164.238458759522,55.4795601245055,0.1918072528634059,0.0528432325193496,0.2508916233063015,0.1039975434282192
C021_A21_SY16_P07_S07_02DAS,989,600,408.15238109645327,0.6813896178571832,12.677191715390526,0.0079548503225908,1.0495892194594243,58.62715148925781,418.8563235765279,0.7882075039287838,0.0231825736449642,0.065263274166337,0.3022290127711053,0.3878990141031747,0.0114087945324463,0.0379681570483674,0.1657427730857751,0.4931762145239861,30.21306342216942,23.24741384903416,-173.4755046982507,0.0395633643955454,0.0323703152101181,0.1450205846222428,0.0221282507771236
C021_A21_SY16_P07_S06_01DAS,420,600,604.9545982723105,1.0099408986182152,26.37195312470189,0.0303496288376459,1.4386460517701758,100.13556671142578,182.5483839835082,1.6876430659648012,0.0286041197621152,0.0318097634779552,0.1589409739635785,0.1587347462737088,0.0026904194283679,0.0016479707265867,0.0090906239752048,-0.7907423928598664,17.732077357236477,31.925576743934258,-26.18536331630025,0.091371993338251,0.0359378577062592,0.1543673223262353,0.020475803157886
C021_A21_SY16_P07_S07_01DBS,3049,600,516.3865258678104,0.8620810114654598,19.20889972540604,0.0308338145437847,0.9531249212306068,59.80793762207031,105.82770725706678,5.399919306844852,0.0915240560482178,0.1525006032442804,0.4226953096527795,2.5198525949739667,0.0427093660165079,0.0765951316201282,0.2034779507111766,-1.6038697540986453,60.5098889285024,176.68025551240845,-179.03006742560578,0.094175550747927,0.0575328905430962,0.1730263083156437,0.0232226060955996
C021_A18_SY16_P01_S06_02DAS,3154,600,433.9782536147692,0.7245045970196483,53.88074773546517,0.0014651814707228,2.457194730348804,183.20462036132807,434.5250733514976,1.8069819113710972,0.0306268120571372,0.0315806693594293,0.1474085946298031,0.3016180489652137,0.0051121703214443,0.0055501518441344,0.0302912592962501,7.82452837368157,3.884373018595684,14.379585708763551,-3.205112466936295,0.0556919467971613,0.0545357963833806,0.2021455681623499,0.0046259454708953
C021_A18_SY16_P01_S08_02DAS,2211,600,688.3658555056184,1.1491917454183949,43.91616468011942,0.0314110428500328,2.479671656000562,152.761474609375,526.0275171212279,1.3030093492326016,0.0220849042242813,0.0212968130822795,0.1110417593432251,0.3156192406520977,0.0053494786551203,0.0041566554808971,0.0164690518138021,-7.086810404852492,11.806354070188258,13.841362079839431,-43.44529287249857,0.1378175836757624,0.0281989527342595,0.1790107724635427,0.0525265980118299
C021_A18_SY16_P07_S07_02DAS,1821,600,637.5710096891535,1.0643923367097723,13.860298626889412,0.0182049056234168,1.420862684278386,63.63914489746094,145.79833293824092,1.0503970551551465,0.0328249079735983,0.0263101208610348,0.0965906452794234,0.1388882231174419,0.00434025697242,0.0029399454871542,0.011656365236019,-16.953551135380483,38.815083236748166,10.685450976990946,-130.42715858080214,0.0696196502166787,0.041267120108007,0.1418883361836554,0.0197643077561524
C021_A18_SY16_P07_S06_02DAS,2674,600,1036.3828042525174,1.7301883209557876,23.296894701056992,0.0145590458671278,1.9068772516895884,119.09015655517578,328.50771468834,2.114692286563239,0.0358422421451396,0.0233382955257176,0.0889193053287003,0.4658636315220757,0.0078959937546114,0.0060850645030197,0.024926174557574,17.588950490475437,14.517872878073009,54.439070217630615,0.7844342309688239,0.0987149077560089,0.0302318649383144,0.167663546141002,0.053241477568016
C021_A18_SY16_P07_S03_03DAS,257,600,442.7869240279435,0.7392102237528274,31.338341830815622,0.0060062720381846,1.6096261907516762,142.37125396728516,320.33843305669336,0.9108660796850528,0.0154384081302551,0.0125687969313247,0.0602446558435493,0.2321682162553671,0.0039350545128028,0.0047349053460713,0.0216471554512984,0.6546894077196538,8.656469291282582,15.06054588426885,-35.403283745787185,0.1732021554192587,0.0190377764664111,0.2310273750582727,0.1461346994249255
C021_A18_SY16_P07_S03_02DAS,2242,600,1627.0100109522298,2.7162103688684955,125.1794359406652,0.0076435758398622,6.056738376036515,323.1878204345703,927.596191553901,1.3634753858817237,0.02310975230308,0.0279482680810434,0.1744503564966211,0.3595892338338862,0.0060947327768455,0.0045814172279534,0.0241366802698264,-24.31141420999287,43.729703668950414,8.983993111300855,-157.1533556764374,0.1633880665832799,0.0364461412697022,0.237254571469112,0.0668106741324614
C021_A18_SY16_P07_S03_01DBS,466,600,429.0262574085265,0.716237491500044,41.25099492611958,0.0132423104397234,1.866127355452216,144.70729064941406,647.757726190151,0.5998899983556053,0.0101676270907729,0.0108500207087805,0.0503914687351418,0.2445390112152868,0.0041447290036489,0.0048437154387171,0.0237162067331935,-4.653273323703962,10.158477616335688,10.67335173065937,-22.38069125713073,0.1912568450921253,0.0254313696479308,0.2149289644938761,0.1314881587888228
C021_A21_SY15_P01_S05_01DBS,3602,600,2139.293212362037,3.5714410890851984,20.618431520576173,0.0469029170837476,3.0312043413769065,552.421760559082,13817.022167949126,1.9958790403097253,0.0338284583103343,0.0291112751505503,0.1438160097214066,0.9375856784850954,0.015891282686188,0.0115514938328852,0.0532011980511315,31.904851432086343,66.10012683292568,177.26741996653968,-134.85851338750498,0.1401247569305252,0.0645563779634994,0.2532001658550895,0.0457457629172723
C021_A21_SY15_P01_S11_01DBS,497,600,2284.719213436068,3.814222393048523,29.92197226556866,0.0110125995811786,3.9282348079031135,913.9040069580078,43582.79481037993,2.0484574704191787,0.0347196181426979,0.030988540777274,0.132695806216199,1.0902345286115556,0.0184785513323992,0.0159450747241754,0.0734141169405251,11.29271678910393,89.07367818607614,179.46800287417489,-179.15440877366254,0.1641085244745682,0.0783839413095432,0.321266587046335,0.0119907251658357
C021_A17_SY15_P01_S11_01DBS,1915,600,1542.174997697433,2.5745826338855307,51.72716360028513,0.0232457335055095,3.666780315491109,835.4433212280273,20086.74545435968,1.0992685281603325,0.0186316699688191,0.0219529236439328,0.0867809867403014,0.607221632414423,0.0102918920748207,0.0119899717410342,0.0466094059628689,24.146831913423945,81.42719529685711,179.8681508290369,-176.3858957436836,0.1963772019016176,0.0378080473083227,0.3095273655431546,0.1509291842516719
C021_A18_SY15_P07_S14_02DBS,3318,600,957.1671372578206,1.5979417984270805,8.575996820687148,0.0210991316129222,1.6932187668516308,430.2432632446289,5489.6092659936585,1.194439876024416,0.0205937909659382,0.0242381643724219,0.131551644213283,0.7961422741486216,0.0137265909335969,0.0342453105865384,0.1933194872297834,16.336359505407987,67.40485249922531,174.7313132873575,-179.2909948466668,0.1517268344615817,0.0501390482978423,0.284341605339784,0.0808171194816738
C021_A18_SY15_P07_S14_03DAS,1103,600,819.5287008581843,1.368161437158905,10.331300326764008,0.0134277430447637,1.6644265094802233,399.2868270874024,3591.719522103186,1.307770610632678,0.0221656035700453,0.0268345165310729,0.1329754732726043,0.3962773982151967,0.006716566071444,0.0060195797190262,0.0291985484897153,-35.752540675459635,55.990207679309336,9.44632847369326,-178.515120182752,0.1268253237341023,0.0468018457528197,0.226234159812848,0.0349364237267518
C021_A18_SY15_P07_S14_03DBS,3407,600,1056.466969066607,1.763717811463451,15.415052730343088,0.0098302609498477,2.212311757452473,454.2024765014648,4348.576764218635,1.018984147535872,0.0172709177548452,0.0214322064665778,0.0910833102393121,0.5182741515694701,0.0087843076537198,0.0098627959062263,0.0390109542559376,17.415005939132204,59.808313768833386,175.1070956906578,-175.3501760504786,0.1416805051675491,0.0690044324761243,0.2753512315449407,0.0761582287862734
C021_A18_SY16_P07_S08_03DAS,1185,600,249.27390543581612,0.4161500925472726,42.65425723230052,0.008495710216284,1.9350678673233548,119.92222595214844,222.58055176764387,0.6215977492796323,0.0105355550725361,0.0139510253470921,0.0677700914487232,0.1355823698738139,0.0022980062690476,0.0020531125846717,0.0104187622696655,-18.873780678589657,6.811818122923436,-2.1098463992393848,-29.144175121342176,0.2263236245517189,0.0155086948974719,0.2444465626230191,0.1787338830606502
C021_A21_SY15_P01_S13_01NBS,2935,600,1837.268812794584,3.067226732545216,37.14255504476538,0.0861769427053761,3.1334817435107363,404.92681884765625,8290.858204179507,3.8646213027090814,0.0715670611612793,0.1189294856105404,0.4792970671932789,2.9253493255069,0.0541731356575351,0.1222679370003625,0.4165848410008601,43.36046348746571,80.41958699136005,175.28684542580982,-171.90691679851892,0.1569620666654905,0.0445305836513342,0.2522747448217277,0.0570542370128056
C021_A18_SY16_P07_S08_01DBS,368,600,332.02640500665603,0.5543011769727145,26.346768616597306,0.0075077932878044,1.2600862209922612,113.36449432373048,586.7466226706373,0.2572612512360686,0.0043603601904418,0.0038243627052782,0.0182334934199203,0.1525996395183053,0.0025864345681068,0.0037025945819131,0.021724484388254,1.655386899751656,3.2072257976082263,8.946012062281389,-8.261226955178168,0.2062187091992482,0.0030259844694137,0.2145320379683872,0.1981545160773469
C021_A18_SY15_P07_S13_03NAS,1820,600,698.8230891165035,1.1666495644682873,9.242051548214992,0.0168335514883744,1.5043943329745402,331.7561340332031,1668.8179206833456,0.905754626727876,0.0153517733343707,0.0159278425215885,0.0734010702660148,0.3753640089271079,0.0063621018462221,0.0080719462325006,0.0313545918711717,7.613662684189509,24.927788592490742,166.82022874037867,-31.147391396390137,0.1069827607901307,0.0609322979002127,0.2133746046707333,0.0452640602792835
C021_A18_SY15_P07_S14_01DBS,2078,600,1171.531809645753,1.9558127039161144,17.474844357955217,0.0287265751626368,1.9500442084359688,474.73563385009766,7709.498492409935,1.608122852974455,0.0272563195419399,0.0425498517678906,0.2444257873239002,1.2207639209460597,0.0206909139143399,0.058139410895664,0.3472544658854552,37.029250188706605,69.01011787855795,170.96094657143064,-164.89601982279527,0.164154438425254,0.0548222702957094,0.2753237971080305,0.0980836871098497
C021_A18_SY16_P07_S11_03NAS,1493,600,357.21237593821564,0.5963478730187232,13.373680403691322,0.0107084198718928,0.9747995333124808,96.82470703125,392.5825436919012,0.6747155814309261,0.0114358573123885,0.0120057508755111,0.064114478759114,0.1528367005165845,0.0025904525511285,0.0030383572134711,0.0206059934768249,-10.435668303797517,6.940040788898826,2.640253641125096,-20.927395436057,0.0666184389357115,0.0479597040012414,0.166073661425774,0.0061271275786117
C021_A18_SY16_P01_S04_02DAS,1481,600,203.69066457565268,0.3400511929476671,27.41929604307153,0.002471923828125,1.2651843455151752,102.11590576171876,441.83947188405,0.7720230126920424,0.0130851358083397,0.0105733992105498,0.0443956343516199,0.089153545296342,0.001511077038921,0.0019538800038535,0.0133692515637611,-0.5259331791781289,2.9360559539019544,5.282481701755445,-5.656558668953575,0.1377492945910786,0.0164336585581746,0.1715424569797404,0.0973508890362652
C021_A21_SY15_P07_S01_01DBS,2682,600,1171.6838701202198,1.956066561135592,42.67945904133421,0.0301915453193078,2.2172900791941967,228.38784790039065,1707.6495198835455,1.3183985138891503,0.0223457375235449,0.0285779560189696,0.1216498038467226,0.4281780900482981,0.0072572557635304,0.0054178682391402,0.0229920591775079,11.418516492168116,38.98186559824983,145.38788550544157,-176.87332964740156,0.1174223408654327,0.0567668457697414,0.1839637364598095,0.0343783461388389
C021_A18_SY16_P07_S02_01DAS,2478,600,280.5248142262245,0.4683218935329296,5.584047994209748,0.0112015128021438,0.6833100759337598,81.16962432861328,265.0296342446586,0.4560577418019302,0.007729792233931,0.0120243571700665,0.0577921985681195,0.1648390389415522,0.0027938820159585,0.003529897679825,0.0164776150754048,-50.04270928475418,81.15034065985535,12.139286911782955,-179.68138883797636,0.1181759571358506,0.0468942246469848,0.1722294358012692,0.0495201047318756
C021_A21_SY15_P07_S02_01DAS,2949,600,2171.342814234169,3.624946267502789,16.580965422988793,0.1164142179082334,2.596881614621845,350.50130462646484,8284.976428931855,1.9983129600735283,0.0338697111876869,0.0231893283431691,0.1091625179074673,1.1254886851243346,0.019076079408887,0.0084830352210808,0.0371362715570035,20.40769007184857,41.53516773291773,164.7473249263822,-39.3315070341969,0.1653327797799356,0.0424677068465348,0.2095495435103694,0.0415932670491197
C021_A21_SY15_P07_S03_01DAS,1964,600,1961.6447047762672,3.274865951212464,19.143795295864017,0.0819539034727377,2.4130718946402747,300.4942855834961,4602.399686122025,1.9306931690376277,0.032723613034536,0.0363955636480905,0.2024347030780514,0.9149174823565884,0.0155070759721455,0.0090153870718519,0.0350920052764178,-7.430786840562583,19.65363881860858,25.36742929269549,-67.01730635507357,0.173754110513962,0.0597765657338205,0.2401995820617875,0.0687852266316411
C021_A21_SY15_P07_S06_01DBS,714,600,1704.289795389477,2.8452250340391947,15.969209503974,0.0688500995743524,2.5346485304665283,408.192611694336,5144.769445603252,2.008361392459941,0.0340400236010159,0.0336608440913363,0.1736128712855077,0.6794230662766196,0.0115156451911291,0.0118873118717137,0.0413374486862822,20.82843320773237,42.14845140698879,174.3569514430191,-27.56530270826092,0.111883182899628,0.0489146070601824,0.1959935188172089,0.0320087579718935
C021_A18_SY16_P07_S02_03DBS,97,600,202.1968319260237,0.3375573154023767,14.797913958782605,0.0086084456937448,0.7757255975249172,67.21089172363281,38.12777429296319,0.1699209495722197,0.0028800160944444,0.0040234272850611,0.020214677071145,0.1048011087920305,0.0017762899795259,0.0022276096626672,0.0113599436628799,18.379534756686223,4.983990612093192,34.50402528118673,1.9402591730359435,0.151246878997656,0.0069580701596275,0.1751755251837538,0.1443527528244362
C021_A21_SY15_P07_S12_01NBS,469,600,1380.4765043550517,2.304635232646165,13.21615312442227,0.0499064677077855,2.5507253676768205,724.9671325683594,24376.06297659069,1.2452656707159306,0.0211061978087445,0.0181499550956634,0.0759197390520872,0.6943703990428992,0.0117689898142864,0.0115549041855504,0.0406330552478904,-9.776691088050702,14.541610890638731,18.41928027222165,-50.179454064481725,0.1092335145784405,0.0529479181300422,0.1973536686305354,0.037238396560323
C021_A21_SY15_P07_S14_01DBS,2489,600,1326.9174993960482,2.2152212009950745,12.924030963664546,0.0366050080893317,1.8057756100098925,393.5568237304688,5515.753918211629,1.6528345968695128,0.0280141457096527,0.0376581649053674,0.1640443855141903,0.4958167183987851,0.0084036731931997,0.0070954484532164,0.0292211160981416,42.21693307379708,69.04169736023665,177.78021767696958,-13.318101985340824,0.1578059477186159,0.0656074693946888,0.260254886959451,0.0634869601485292
C021_A21_SY16_P07_S01_01DBS,2661,600,403.6465027221666,0.6738672833425154,12.803014013115678,0.0068096780499024,1.3285511007893067,121.20832824707033,376.4498541088548,0.6175292516861004,0.010466597486205,0.0257890403236029,0.1295552895371802,0.1380778441776542,0.002340302443689,0.0027947069092858,0.0146159673635942,22.624044395599693,23.11959345086685,141.92401421255755,-0.7194309645573866,0.1401470009328679,0.0374462364751282,0.181550374239828,0.0432372424123835
C021_A18_SY16_P01_S11_01DBS,1401,600,661.8211306802979,1.1048766789320497,43.65537278084295,0.0209492504628923,2.132631258741518,238.1495361328125,4430.208067479111,1.1016758104258533,0.01867247136315,0.0209478274582888,0.0945584698112546,0.2735819592863915,0.0046369823607862,0.0046038570809439,0.0249604255483706,6.22727338823711,30.02199667528397,60.548968485880735,-146.91840983252067,0.1719465685238126,0.0210355829947032,0.1950136194754868,0.0927671812649194
C021_A18_SY16_P01_S04_01DAS,3758,600,485.0998162998478,0.8098494429045872,27.242515648194704,0.0071270959985639,1.4470172482355934,153.11256408691406,1302.576343164612,0.8950261600379398,0.0151699349158972,0.0151705211931641,0.0705558052212879,0.2204371676818587,0.0037362231810484,0.0048135836750475,0.0236889039608618,-3.768279967155829,5.130664625590289,10.990708062654605,-20.706441137887552,0.1161421778477465,0.0334799230622445,0.1936022176539822,0.0565182218546434
C021_A18_SY16_P01_S04_01DBS,1708,600,406.7140386370247,0.6789883783589725,5.527981373000584,0.0105395743259558,0.8048526338044735,95.64469146728516,723.4790606061069,0.6787324282338852,0.0115039394615912,0.0145264363657211,0.0797491890402257,0.2288847049660319,0.0038794017790852,0.0041974190070694,0.0208350314239367,9.118706720134336,7.810946392434868,46.51311352221389,-0.6261254233968425,0.1166413506350868,0.0369342841971526,0.1968485817672562,0.0788099492686487
C021_A21_SY16_P07_S03_01DAS,3407,600,558.5969898138753,0.9325492317426968,36.84077695830182,0.0012019626216618,1.9784042992184117,142.78814697265636,606.2117095434029,1.1208118410672006,0.0189968108655457,0.024056535670329,0.1530659795207957,0.1528731910351319,0.0025910710344937,0.0025302097231636,0.0166373104040683,-2.475685571120525,7.157339273738149,10.93550283766728,-18.087902148501207,0.122480019235334,0.0266022098902724,0.1852688566243927,0.0635116283100198
C021_A21_SY16_P07_S03_02DAS,1440,600,431.5688254566201,0.7204821793933559,42.90783464083763,0.0204076035856264,2.0676728821308306,144.00245666503906,2232.250938049399,1.1779112710422643,0.0199645978142756,0.0136959040793857,0.0600338793943166,0.143468214055685,0.0024316646450116,0.0022847010098156,0.0106961052721438,1.7246551031994704,5.042126483865985,11.557823826299185,-8.808687862286943,0.1458228235462568,0.0223012650033502,0.1923218240988216,0.0966812384004471
C021_A18_SY16_P07_S13_01NAS,1999,600,376.1808403239797,0.6280147584707505,4.755715679769059,0.0119442794988098,0.7504467002977102,73.86949157714844,176.83313807053574,0.3744256102327004,0.006346196783605,0.007577354488063,0.0430074565921095,0.2655646014151588,0.0045010949392399,0.005809251260732,0.028514266485626,9.951790541746382,6.130749108486306,26.418821539768494,-6.022986103831336,0.1863104673894904,0.0103930176004423,0.1992148191561127,0.1346679385469114
C021_A18_SY16_P07_S12_03NAS,1061,600,320.269252298944,0.5346732091802078,7.077007171293103,0.0149758076907898,0.7013294143956963,81.49974822998047,492.9605822675453,0.7444996653251399,0.0126186383953413,0.0137051266967605,0.0766030718654953,0.1895805987069264,0.003213230486558,0.0040769233905372,0.0206421347824429,-17.21484251292697,8.547578487740708,-2.2307631835653443,-33.37085378265213,0.1550036973748781,0.0289194167382085,0.2012910376894698,0.0707073926318447
C021_A20_SY32_P01_S08_02DAS,1501,600,1068.1138400484383,1.7831616695299477,56.906819674334535,0.0269623493567177,2.958326366305865,487.8125762939453,13638.84642189908,0.9532696585883512,0.0164356837687646,0.0154236727342935,0.0876705750098344,1.0402098396602768,0.0179346524079358,0.0342219653390193,0.1969645836854468,-25.276412807553356,68.13989140144324,174.1152563422942,-179.3677290565744,0.1578636898278417,0.0230135302231456,0.1875150762156173,0.0253450580912861
C021_A18_SY15_P07_S12_01NAS,2428,600,1390.8201782395888,2.321903469515173,16.65440180261063,0.0160199137068568,2.3668779419671777,570.8003234863281,14592.138901413437,1.438744438282732,0.0243854989539446,0.0178530164206516,0.0737576005022191,0.733838683769617,0.0124379437927053,0.0110082454442341,0.0417936115934324,-12.588960365424212,53.5341347402542,56.76281093037806,-175.16129405230834,0.1525709014529158,0.0643026941463025,0.2779558584299657,0.0649314807556857
C021_A17_SY15_P07_S06_01DAS,3675,600,1140.206452999411,1.903516616025728,17.318708404466953,0.0123145919817689,2.770636487990316,414.86058807373047,4014.995175319728,0.7199238661262711,0.012202099425869,0.0171728886393825,0.0798144827321503,0.5101510538789072,0.0086466280318458,0.0116535549207606,0.0407582904871444,-0.7765536989732476,29.79393330758035,96.44163119809978,-158.03458564382842,0.1053802454357459,0.0418081538778083,0.19215265456474,0.047402536969385
C021_A18_SY15_P07_S12_03NBS,3531,600,1122.991659125929,1.874777394200212,16.104981791346706,0.0041487704648988,2.7770264725378624,731.7143020629883,22130.159665626285,1.5978776004405038,0.0270826711939068,0.0430272310471363,0.2734450532819508,0.6623976784939175,0.011227079296507,0.0122182049682938,0.038972158130824,3.0329927479250074,50.97247250470824,150.35152735035115,-168.62208278026597,0.1187548960791324,0.0584522784433658,0.2375469753240773,0.0286046941093969
C021_A18_SY15_P07_S13_01NAS,2792,600,1197.2044442958254,1.9986718602601443,16.935569226032765,0.0120134283609196,2.0302708184604485,401.6314849853516,12809.776407897489,1.61246093498515,0.0273298463556805,0.0214884365564755,0.1023552459335366,0.6783331040534564,0.0114971712551433,0.0089209378936512,0.0354557643378666,2.3275836233288127,26.67108736707375,90.73789611006175,-81.40541502259693,0.1448215374897406,0.0401500515732884,0.2238946745444848,0.076267550416548
C021_A18_SY15_P07_S10_02DAS,833,600,867.6533567350378,1.448503099724605,23.50006844603119,0.0121473762073163,1.935067189616834,327.6054077148437,2752.855342842391,1.2634984877233968,0.0214152286054813,0.0220391180165995,0.1329231166832125,0.4246582128098093,0.0071975968272849,0.0073354880656992,0.025431815336283,2.487241655986322,25.55959887573096,28.6381647564271,-75.01285964422706,0.149079816716465,0.0511604219678642,0.2050400309128857,0.0237018001175828
C021_A18_SY16_P07_S12_02NAS,958,600,1274.50657433604,2.127723830277195,9.568144271260396,0.0271018989558048,2.120450534271687,106.72174072265624,447.7781792282976,6.718758125745396,0.113877256368566,0.0891689532122564,0.2785929682241052,0.3462688958104358,0.00586896433577,0.0030152185374742,0.0157785154752294,-21.114204536090917,23.30347200900237,43.00891085213284,-59.71069101467632,0.1172240616994073,0.0548608038568577,0.2113587359535794,0.0283293799972455
C021_A18_SY16_P07_S12_02NBS,714,600,633.3553852199932,1.0573545663105066,10.722600524886523,0.0084560679179999,1.2820948849545306,102.68318176269533,495.40947025133016,1.1177947254026883,0.0189456733119099,0.0188639601071778,0.0851151377621476,0.2087620614892502,0.0035383400252415,0.0025831459886838,0.0117068111577427,0.8787923506574237,6.166889758199517,14.222499344601768,-8.950384260561158,0.104936555126763,0.0646833692147137,0.1868376488131463,0.0216757326138785
C021_A18_SY16_P07_S12_01NAS,1427,600,281.296152387913,0.4696096033187192,4.310699778565299,0.0083584883255286,0.584137672918209,70.05682373046875,534.9256454457851,1.6069524155140753,0.0272364816188826,0.0261523557926527,0.1230632929192889,0.2288590289548204,0.0038789665924545,0.0035435091309643,0.0186104687357139,-7.338294074078869,7.262245553145893,1.5790222765335171,-48.6010214081507,0.1646840190058461,0.028474406773265,0.2139530278671245,0.0699913997393029
C021_A18_SY15_P07_S12_01NBS,2519,600,1396.049987784415,2.33063437025779,27.76629366940727,0.0283211767541619,2.6848928995177133,697.5939559936523,26600.649722661023,2.5928265113415807,0.0439462120566369,0.0588819940726558,0.2623960739757896,0.8131599916386046,0.0137823727396373,0.0101682772957627,0.0356943489962775,-2.2164701195652734,59.67045850155762,155.2244570445047,-168.82099129967298,0.1328693357428433,0.0482475424011494,0.2105579506862537,0.0258427267831997
C021_A18_SY16_P07_S08_03DBS,3600,600,175.86552833836384,0.2935985448052818,20.63224851759485,0.0093118627733431,0.9472690248740904,80.5885238647461,301.0840303196492,0.6084624036636053,0.0103129220959933,0.0237748272798175,0.120228432701352,1.061275912275211,0.0179877273266984,0.0575613202953399,0.24719803229497,3.4555476438293358,38.269236770118766,172.3044332267898,-173.0972983186463,0.1948976738612627,0.0317798293712338,0.2120735643450267,0.0398228069311208
C021_A18_SY16_P07_S10_01DAS,897,600,486.4789066157326,0.8121517639661641,49.09403169818886,0.0080303137684398,2.296959982677688,178.1586151123047,497.65603285226814,1.1353913524882948,0.0192439212286151,0.0314695875719285,0.143288851357739,0.1930818574240083,0.0032725738546442,0.0039844506928735,0.0239525803157018,8.210730043994456,16.67203661459883,35.31009529104381,-11.50941801426435,0.1395617560462589,0.0523078570853667,0.1926238329023741,0.004901782797328
C021_A18_SY16_P07_S10_03DAS,859,600,280.81934637935166,0.4688135999655285,33.902927189735685,0.0060345375953787,1.5712290638504838,125.98768615722656,519.0363646107909,0.675385089563528,0.0114472049078564,0.0116345264275886,0.0747067891575795,0.1391105079675257,0.0023578052197885,0.0037096187681065,0.0183170733020145,-14.5427437690849,6.25672664458738,-0.4743766770215225,-26.037067851678486,0.0946775265924529,0.0205791893867678,0.1440530578415296,0.0569601397384056
C021_A18_SY16_P07_S14_03DAS,2890,600,308.9991564619099,0.5158583580332388,5.110769587715921,0.0177121943876334,0.6429027494875684,137.07038116455078,1569.221959066104,0.8801546481597499,0.0149178753925381,0.0199184421331391,0.1104848582165659,0.2221818820025922,0.0037657946102134,0.0036087912542337,0.0202674750864984,-4.568920139392096,20.60212228987088,25.65602000953072,-136.65379139107915,0.1470974644759905,0.077935383989937,0.2262019140822266,0.0328485034357547
C021_A20_SY16_P07_S14_01DBS,912,600,606.8545986879718,1.013112852567566,6.97435630062056,0.030407892522978,1.012002308365936,160.9543228149414,1295.047307445839,0.799506277665877,0.0135509538587436,0.0193979743573929,0.1424432595860041,0.2923670275658615,0.0049553733485739,0.0037654567656717,0.0154332840886707,40.596516108664765,67.78091258039028,170.52711826937633,-89.02689008375165,0.1548500225615033,0.0814268796314998,0.234959057375866,0.0403264337841177
C021_A18_SY15_P01_S02_02DAS,581,600,1441.2143537739032,2.4060339795891568,42.431295856387045,0.0173286258447336,2.841591245209677,382.8298568725586,5880.418346891704,2.197020578839328,0.0378796651524022,0.0515372726629268,0.2306672492061511,0.946839867303592,0.0163248252983377,0.0263084766055603,0.1478003946479104,-16.98017213814593,102.26754485939831,179.08883791235385,-179.30120897766673,0.1140123802523754,0.0359491817763783,0.1739201156343695,0.018438354908359
C021_A20_SY17_P07_S01_01DAS,1858,600,354.3608462060655,0.5915873893256516,6.783372708374766,0.0123718201496578,0.9559124966495548,194.5977935791016,3748.3901351011314,0.4134069647782176,0.0070068977081053,0.0085044650005315,0.0618140869976802,0.3392401523505428,0.0057498330906871,0.0127260896483532,0.0701759568530459,43.88985665891309,13.433510135506625,65.13239582244724,12.62608384176531,0.1079029296506059,0.0326385883877669,0.1676446280239757,0.0736769384248424
C021_A17_SY15_P07_S10_01DAS,2793,600,1289.0595391358097,2.1520192639996845,23.856587701698565,0.0169370634050862,2.3960248713433865,345.7630920410156,4914.7625844556,1.4203766926190726,0.0240741812308317,0.0162308389123473,0.0741460275933797,0.6102879181452859,0.0103438630194116,0.0099810179313415,0.0372858624524989,-21.29486501593624,32.81244143579702,17.9976815060185,-179.30085755897176,0.1317038496615195,0.0551564237071194,0.2113390379216715,0.0481357037019404
C021_A17_SY15_P07_S11_01DAS,2793,600,457.0926629420208,0.7630929264474474,5.653541425943129,0.0084392553728732,0.8407696189140406,139.40577697753906,951.6208647287036,1.51449593794792,0.0256694226770833,0.0229760318039221,0.1344758384170467,0.2065191549760912,0.0035003246606117,0.0034444977788401,0.0150787722917039,-23.02790542529301,7.679459673297263,-2.773517347998317,-35.17553218554343,0.0876218999740592,0.0493544449660387,0.1863944414519643,0.0326475405149727
C021_A18_SY17_P07_S06_01DAS,2766,600,494.1122749160208,0.824895283666145,32.15487674435261,0.0048470138505321,1.8927113185826532,169.85453033447266,4147.558566612681,0.5752092916142789,0.0119835269086308,0.0161567731043365,0.0903763938345463,0.3545083223180548,0.0073855900482928,0.0166174531659776,0.0817408341788399,16.30965194467785,22.717881655893464,76.95956574184117,-41.748470747323445,0.0814241796438768,0.0203324578927751,0.1702230059885604,0.0522534696178697
C021_A18_SY15_P07_S07_01DAS,989,600,1266.153328712662,2.1137785120411707,17.75149579006767,0.0503827677559591,1.9814748447565675,270.5804443359375,3140.486972713245,2.508605267204636,0.0440106187228883,0.0620922201358596,0.3174117886903323,1.5816242061287409,0.0277477930899779,0.0479934405734118,0.2073902138540005,8.765461281816878,76.17732189372317,174.48104684945696,-176.88481438293792,0.092449703889663,0.0503419384331877,0.1700964426007207,0.0143664717447538
C021_A17_SY15_P07_S13_01NAS,1334,600,1658.9067227484916,2.769460305089299,15.627319502107346,0.0294570527648265,2.6766837471239864,420.63746643066406,12538.240012991737,1.7307855444935525,0.0293353482117551,0.0307018041312674,0.1511848081192268,0.8365955828010108,0.0141795861491696,0.0098951026875614,0.0369318325841902,20.579280445811506,51.7214445283251,177.00158374819125,-125.58891668606022,0.1583638373840258,0.0348837993593748,0.2034312565427487,0.0849750319345506
C021_A20_SY17_P07_S03_01DBS,305,600,804.0341103150286,1.3422940072037202,54.68410549997363,0.0069229178105974,2.9464021081800444,392.9004821777344,8940.054994817483,0.8678837528476417,0.0147098941160617,0.0156877196911857,0.0714650504230769,0.7333582943391175,0.012429801598968,0.0209123976528919,0.1243346553114475,-65.57801740595558,48.37088690072678,59.35731745025469,-161.97379318369502,0.1558829207595729,0.0413905466626327,0.2314336315903924,0.0916318122132508
C021_A17_SY15_P07_S03_01DAS,2371,600,1265.0651805131752,2.1119619040286723,64.10048475794812,0.0084116211256369,3.296817193949615,406.9954833984375,5327.358423451311,1.7432857115769642,0.029547215450457,0.0273338208943874,0.1612747939353292,0.625271228533218,0.0105978174327664,0.0095201038851302,0.0282859305880869,-1.280357225168358,13.887041203922712,21.95770585667597,-47.68279833878351,0.1943820410244442,0.0340463500736576,0.2506496288971617,0.1054887105600254
C021_A18_SY17_P07_S01_01DAS,816,600,708.2621824532596,1.182407650172385,11.84349223303838,0.0260700329624698,1.3436447293201317,210.46631622314453,2806.823738846082,0.5008922257552771,0.0084896987416148,0.0172410312724246,0.1106977470100909,0.3866525191795701,0.0065534325284672,0.0133020922707836,0.0754303955035188,63.4847764406735,24.60347295123237,101.21906296221,7.529388982853144,0.0915259696785119,0.0222277198710837,0.201486503816291,0.0587211894991059
C021_A18_SY15_P07_S09_01DBS,2968,600,1342.64077625807,2.2414704111153068,23.78439881467188,0.002371563879756,2.7238597105955025,370.94525146484375,3933.812372606343,1.1389435930685488,0.0193041286960771,0.0175934787775005,0.0696142863154218,0.7939368326135959,0.0134565564849762,0.0123059371277061,0.055934466195603,-7.924139854659206,45.80965888892227,169.26681618688374,-178.6798693328935,0.2190142041623697,0.0630310993228833,0.3365377957161399,0.1440226048157556
C021_A17_SY15_P07_S14_01DAS,3523,600,1178.279922039771,1.967078333956212,14.63414246082624,0.0148021343641611,2.0217797459744333,362.0875473022461,8823.307162705,1.8760295856502336,0.0317971116211904,0.0331770287510575,0.1671802554442819,0.380649091938805,0.0064516795243865,0.0055689199991883,0.0234203533528372,-59.56287823462146,58.66726246759195,19.62303085654825,-176.07541774108415,0.183593035358702,0.0390729914100939,0.2310848429006096,0.0786603263630099
C021_A17_SY15_P07_S14_01DBS,3079,600,1197.22561799942,1.9987072086801687,13.038559332281135,0.0311492631773256,1.9115451897001472,474.5096054077149,11936.05490221454,2.077863419458689,0.0352180240586218,0.048894816580655,0.2506483424221805,1.226671171646586,0.0207910368075692,0.0580175002243636,0.3274178853463119,25.55902534337745,67.68199168354563,178.48821830846472,-177.69359718962536,0.1451800061850995,0.075668563842394,0.2705477565691933,0.0359487182191373
C021_A20_SY17_P07_S01_02DAS,2239,600,300.3973166016451,0.5014980243767027,5.428684895906615,0.0056362910515705,0.7373265681517214,22.20543670654297,17.276655628302453,0.7161318211881219,0.0121378274777647,0.0160198081627086,0.1196074953822119,0.1827030423627018,0.003096661734961,0.0043584698747085,0.0273667729472385,60.012269052921205,14.486611690261409,91.7431249823504,37.56086867486295,0.0867750236895999,0.012769657342735,0.1284834459453609,0.0451712523271663
C021_A20_SY17_P07_S01_02DBS,469,600,427.2778009948373,0.7133185325456386,22.78872149116885,0.0073779361505183,1.156883977490739,81.52253723144531,81.6440019164026,0.9539903852024696,0.0161693285627537,0.0182645409264149,0.0826703638107576,0.1770807769940359,0.0030013691015938,0.0038997306684848,0.0234015494701889,109.0697290650254,97.7096157122822,179.1444226547442,-178.54192141032382,0.0647010925687387,0.0148377994648877,0.1026463028716151,0.0270754346671592
C021_A18_SY15_P07_S06_02DBS,3562,600,1511.632679403837,2.5235937886541526,17.77029923557672,0.0184474926097025,2.736000811345946,407.6238250732422,6478.14169201899,1.2788659445348516,0.0216756939751669,0.0196084577269907,0.0717113214600074,0.7955083489435588,0.0134831923549755,0.0124200337684645,0.0443441628337001,21.33503141885129,49.287528441352,177.93394729296494,-177.5267952837178,0.1329511352641164,0.0405479975251025,0.2004448761910671,0.088721360036111
C021_A18_SY15_P07_S06_01DBS,3049,600,1231.922183390193,2.05663135791351,24.40833806347148,0.0604874801220866,2.454688774347165,444.2370223999024,5303.778947580851,1.106490661332946,0.0187540790056431,0.0133666631787143,0.0510081260300928,0.6656550889537849,0.0112822896432844,0.0099121035868682,0.0400050127625348,43.18997574727968,39.18996065070372,133.50091672571125,-177.5781675569555,0.0935160663015927,0.0442699208311526,0.1979255133702684,0.0407668557725025
C021_A18_SY15_P07_S03_02DBS,3180,600,1519.4674721927856,2.53667357628178,23.724054301045825,0.0347231841616368,2.3394589513487345,324.961051940918,3707.264632357704,2.282469763209942,0.038685928189999,0.0316621201701014,0.1362795512334966,0.8874038584497769,0.0150407433635555,0.0103878334155754,0.0343656363463205,-24.52899990251761,38.24712778790565,64.80750311456498,-107.03589562215012,0.1654675554407458,0.0562217797107517,0.2573255281551527,0.0688194127114492
C021_A18_SY15_P07_S03_01DBS,1010,600,1350.015017027228,2.253781330596373,9.77494742737682,0.0584427800962998,1.6472670051794631,316.7551345825196,2260.101942958888,1.50347697572485,0.0254826606055059,0.0152104215713423,0.0720759224583044,0.870708494581954,0.0147577710946093,0.0080208086789306,0.0356522906929294,-22.807513200997217,24.294967157747514,41.877393408812,-56.77901114887912,0.1368302781517058,0.0583529538488325,0.2575174426440047,0.0637068723567796
C021_A20_SY16_P07_S09_01DAS,960,600,904.7958584314964,1.5105106150776233,34.19770025878003,0.0268599939868608,1.9209103639979788,197.4545135498047,1300.2749841619286,3.1440844836426507,0.0532895675193669,0.062131695211571,0.2194033934811234,2.783626407110631,0.0471801085950954,0.0679178427045787,0.2731056262604913,10.2423398306946,52.451797770931925,177.61299798622952,-161.3413453306694,0.1179100828797691,0.040851196217099,0.1694563911834155,0.0078107887203956
C021_A20_SY16_P07_S11_01DAS,2179,600,406.4341332822714,0.6785210906214879,4.066389501804671,0.0172313891134537,0.7575073791530471,207.745849609375,5102.585217333526,1.0341733136800082,0.0175283612488136,0.0168081263048051,0.0852258612278788,0.2308625706369738,0.0039129249260504,0.0038783997685121,0.0189156407774607,-9.12005681406783,10.026313647657846,3.624613619814982,-28.132013832138902,0.1286339153801121,0.0214197274251974,0.169567320086253,0.0618409624995069
C021_A18_SY15_P01_S04_01DBS,719,600,2651.402008698855,4.426380648912945,25.93646184246071,0.0462266771206475,4.611261118333332,641.4274597167969,14286.50739780551,2.020833816731868,0.034251420622574,0.0287393688661494,0.1419903471856073,1.145947428503848,0.0194228377712516,0.0146738723802601,0.0536421765704274,35.18666007912802,56.3620463033055,174.311117547699,-19.5276604419804,0.154152052506995,0.0497356418454397,0.2388192712114498,0.0827686995766321
C021_A19_SY15_P01_S06_01DBS,1708,600,1431.047769752309,2.3890613852292324,8.096938488845055,0.0214678093594483,1.6935051354896922,232.51151275634768,2966.822265653202,1.184340798753628,0.0200735728602309,0.0151939794055538,0.0911085481692502,0.7328018636042718,0.0124203705695639,0.0074501603625119,0.0427803453226686,32.33286178262782,67.90724560259939,178.6021189775153,-176.1076231105995,0.1986704793254418,0.0312598009861456,0.2365063874373878,0.1009579188809999
C021_A19_SY15_P01_S10_01DAS,2766,600,3173.6145627902133,5.298187917846764,39.363828637685046,0.0922022616258397,4.93579527129146,719.7545623779297,23476.56766774093,2.277046480905499,0.0385940081509406,0.0229459997575365,0.1109453606342456,1.0329222681366237,0.0175071570870614,0.0108626740673551,0.0453672899525349,-27.119726263103825,84.82759558741417,177.43740120525047,-178.46180038659642,0.1668157510084612,0.0420425777792764,0.246812930742972,0.067942907983623
C021_A18_SY15_P07_S01_03DAS,3600,600,565.3487801557746,0.9438210019295068,8.559208582825486,0.0120139298303576,1.0879068036806052,164.67758178710938,979.1708759252708,0.6422630938701586,0.0108858151503416,0.0145690158512394,0.0790976426739302,0.2774299703864837,0.0047022028879065,0.0045691861755084,0.0190211148560171,15.807170694877517,11.762729920981432,34.73648426873965,-9.153360660588078,0.1133952703722028,0.0505743155803801,0.1847236955672527,0.0520313981111095
C021_A18_SY15_P07_S02_03DAS,989,600,902.9482459661576,1.507426120143836,10.930932402610615,0.0108501149393675,1.5740692143135453,262.88604736328125,2697.5349117474216,1.0560129942729246,0.0178985253266597,0.0170202047148439,0.089237301857121,0.5293559157956211,0.0089721341660274,0.0080180774399416,0.0300665748665949,0.1683073091907192,22.196638740644605,44.19916019714991,-92.13624316324082,0.1423495206878434,0.0432931621205412,0.2041618989114295,0.0339052016043293
C021_A18_SY15_P07_S02_02DAS,1834,600,952.7583823432904,1.5905816065831215,20.562460482672755,0.0142908966614215,1.7819223975447636,249.14520263671875,2050.3185329879284,1.1466428974690064,0.0194346253808306,0.0198443137101826,0.0962661121918742,0.4173244772370674,0.007073296224357,0.0065038336817586,0.0233833040910493,-46.83649356149272,62.596342799560986,154.29942116707682,-140.79655766210135,0.1019505363622394,0.0477559203076057,0.205376291619458,0.0420603962972565
C021_A19_SY15_P01_S12_01NBS,762,600,1297.2486175421875,2.165690513426026,17.815530454489974,0.0420268554687943,2.472560624336502,339.0504302978516,5216.124186953791,2.1097444593045647,0.0370130606895537,0.0612641976691424,0.240509602709248,3.653314744160958,0.0640932411256308,0.1233267217857666,0.5486747056984443,17.951179785697033,54.92400683956035,129.87103846908497,-162.37828676388185,0.2071784647359044,0.0463087114427812,0.3009997693926123,0.0775567650008103
C021_A19_SY15_P07_S02_02DAS,2353,600,2394.2680742581206,3.997108638160467,53.004826497843126,0.0786083531612078,4.482044808164218,368.60621643066406,6844.860354212685,1.87920446247908,0.0318509230928657,0.0190206018557874,0.077171530841214,0.955531301070724,0.0161954457808597,0.0097907621022205,0.040153593004563,9.237708287335424,44.06233642348224,168.34123834692025,-81.32393682939862,0.1742796730985578,0.0253095589849321,0.2157040444135612,0.0858381325633001
C021_A20_SY16_P07_S12_01NBS,756,600,240.89439862956124,0.4021609326036078,9.178088014784745,0.0115324248003632,0.748327889648909,121.76985931396484,1484.166957133587,0.5670114041865713,0.0096103627828232,0.0096244268126938,0.0660949827253478,0.1574856526849005,0.0026692483505915,0.004323885981031,0.0268861273331132,8.686746286021597,4.525779908652272,21.094443829725098,-1.5379168914639043,0.1310912821865067,0.024375776022102,0.17393561014558,0.0896032590537592
C021_A20_SY16_P07_S07_01DAS,1395,600,303.65324219880387,0.5069336263752979,32.94804223092166,0.012740604597014,1.468696609767938,93.61953735351562,271.4499677800023,1.3803250046314075,0.0270651961692432,0.0455745792412087,0.1662082357740136,0.7307507746268204,0.0143284465613102,0.0363722715526822,0.1591062581887941,25.599867026647164,72.06551866226067,179.03495018577118,-177.1870128560875,0.1329359550194748,0.0201597680470513,0.156947720287897,0.015052403516033
C021_A19_SY15_P07_S03_02DBS,859,600,1945.514112189406,3.2479367482293946,22.029996492199263,0.0577062407567074,2.387491032363258,369.0745086669921,4913.604522539993,1.524816134245411,0.0258443412583967,0.0164587221456983,0.0666304314408046,0.9296716121306272,0.0157571459683157,0.0101632048972917,0.0352050134563389,2.648589838052984,15.325301315766604,48.24172009800084,-31.334355412004243,0.2148847921371794,0.0218450981571657,0.2554517021161852,0.1544818998471457
C021_A19_SY15_P07_S02_02DBS,2467,600,1920.389521358927,3.205992523136774,40.32125390744027,0.013186922359584,2.876946143168105,386.99227142333984,6042.103557740692,1.7285641046780116,0.0292976966894578,0.0212435430150372,0.0860813423616286,0.8524784400600894,0.0144487871196625,0.0087777251027618,0.0391709774433343,19.01948262600944,50.66459875415043,177.13428451131895,-176.60371985777277,0.1563239749485837,0.02525130043242,0.1967402891409762,0.0762439344579586
C021_A20_SY16_P01_S11_02DBS,1334,600,628.3950974647848,1.0490736184720952,78.85290166960513,0.0084989708654791,3.487854519965308,249.21857833862305,2448.8601505217234,1.4409628435289097,0.0244230990428628,0.0534987578415221,0.2082144639863372,1.4747997389362917,0.0249966057446829,0.0595034627105726,0.2183896646693366,17.136683707915275,48.94770050669174,176.0858040364985,-176.04135244617063,0.1714127073248559,0.0220170470718734,0.1867797274480202,0.0319118266172546
C021_A20_SY16_P01_S09_02DBS,1717,600,983.9876068254832,1.6427172067203386,97.07951286397883,0.0218155436059241,4.343395771945698,326.3627395629883,1700.7399687795453,1.301073958093159,0.0220521009846298,0.0176232635163667,0.0753799703678126,0.5444966428299816,0.0092287566581352,0.0093363631444392,0.0364880522840789,-2.4224916292807968,21.077449785063493,40.67178213921672,-43.68583121683336,0.1377295232572126,0.0370464714121978,0.1846610338488368,0.0628985945881376
C021_A20_SY16_P01_S13_02NBS,2657,600,390.9681909785053,0.6527014874432477,8.753853434553259,0.0161043940945913,0.810113978907475,75.64881134033203,278.21008188595977,4.774372411611102,0.0809215662984932,0.1399010702337397,0.5354145532542699,4.210392626555423,0.0713625868907698,0.1464858734779379,0.4178778298643888,66.76918613961975,84.94256172385552,169.74357982279267,-176.53070263040078,0.1695656124622738,0.0751445438006468,0.2556391059175217,0.0544521841866499
C021_A20_SY16_P07_S01_01DAS,464,600,177.11405905208184,0.2956829032589013,2.724871920511598,0.0045058922487406,0.3596313181949621,83.69839477539062,322.1872267796741,0.2719744562520481,0.0046097365466448,0.0037513992380615,0.0148598968518832,0.1661462695006305,0.0028160384661123,0.0027138737166278,0.0143349570014699,13.026951861693563,12.021869656141032,44.184818443224,1.4709582872040037,0.1507783757437567,0.0051532536387666,0.1663413004702224,0.1388647277038865
C021_A20_SY16_P07_S03_01DAS,469,600,620.2301370123777,1.035442632741866,25.077463015955036,0.0232217827854044,1.6164966118101636,241.8743133544922,1308.104759458891,1.2200908899704646,0.0206795066096688,0.0145382648517156,0.0597101278669989,0.3744693013303984,0.0063469373106847,0.0083759335656269,0.0412443088830139,-8.888311598957378,20.255066830957748,36.50601807867487,-54.0999856738493,0.1625308376499786,0.0258895601347624,0.2129719748783959,0.1155959559598925
C021_A18_SY15_P07_S07_02DBS,1493,600,1469.3779103944144,2.4530516033295764,17.622372273490996,0.0007653769655752,2.651716709929255,310.99127197265625,4773.809341077254,1.9201758663011483,0.0325453536661211,0.0387968121655826,0.1949456552075081,1.4737971288450311,0.0249796123533056,0.0498879566012643,0.2181117459705954,-3.597529452208461,33.85044823946896,144.96114514212763,-124.81418713816838,0.1194930376539828,0.0531721014253265,0.1843725014762392,0.0347843796151901
C021_A18_SY15_P07_S08_03DAS,2319,600,1903.687537387446,3.178109411331296,44.66663620637332,0.0116548784410388,3.7768420373510887,493.7369079589844,11209.872284273531,1.6847113349844534,0.0285544294065161,0.023009747139846,0.1131396049701116,1.047740076406746,0.0177583063797753,0.0144505973778975,0.044529076532652,-21.32682831540274,28.889002447935944,35.31754639774412,-102.13715827202796,0.2513986635896147,0.0428793053046671,0.335408156340653,0.1801466055207506
C021_A19_SY15_P01_S02_01DBS,160,600,1847.2710118498692,3.08392489457407,20.594383946018773,0.0581509868663137,2.381720146708503,445.3151473999024,10658.339440982649,1.3009797425501834,0.0224306852163824,0.0209615185566592,0.1545862531129309,0.955180767059554,0.0164686339148199,0.0275686491995689,0.2124099881945718,-20.89577811104608,65.31237702870277,174.7315881368915,-159.50016096842592,0.1013135793121071,0.0485408352318372,0.1581600586707978,0.008055406316815
C021_A19_SY15_P01_S04_01DAS,2353,600,3206.619472414969,5.353287933914802,41.48531057364474,0.3606315022301571,4.46754566690764,834.4088592529297,24442.6112470645,2.3068169054500114,0.0390985916177968,0.0222703338274398,0.1088678219546158,1.2954014495324384,0.0219559567717362,0.0142730744479404,0.0526409732552679,-11.682149092785028,50.91373268031336,176.89649028032235,-178.19135105314962,0.2007261172069458,0.0248895768055976,0.24962918252257,0.1393325171312052
C021_A18_SY15_P07_S03_01DAS,2000,600,1208.0242762832777,2.0167350188368567,19.014402705778444,0.0828817901034306,1.6143135181259685,291.9181671142578,1754.824757468892,1.3763284804672231,0.0233276013638512,0.0166836237113035,0.0881547281320494,0.7085346957148131,0.0120090626392341,0.0074170025187636,0.0326788271177386,-29.63801958056125,25.545937801494404,17.978225201728733,-72.63090042165845,0.1379143359609801,0.0528373319997298,0.2354085734130492,0.06595154508126
C021_A18_SY15_P07_S09_02DBS,3602,600,993.830449564516,1.6591493314933503,21.195986215273983,0.0137191894653388,2.666957324723175,331.050048828125,4181.077040931149,0.9556532761226804,0.0161975131546216,0.019292471679162,0.0916610940426408,0.5560150824354159,0.0094239844480578,0.0122627584868913,0.0491095083177064,-0.1388844513335535,38.938355176549976,160.07730826976763,-177.00088012361624,0.2628410480464769,0.0289361867496334,0.3437506139039107,0.1748682589137646
C021_A18_SY17_P07_S02_01DAS,305,600,428.15065996778577,0.7147757261565706,11.30392869362916,0.0116495733142296,1.3455530459810543,225.16238403320312,2923.142746267235,0.7456886894136842,0.0126387913459946,0.014374276342559,0.059500604096407,0.3276841916089528,0.0055539693493042,0.0144073892671601,0.0788831128126276,-80.82845937597737,42.065537369173,5.656903787885824,-177.65013469115772,0.1028034996224023,0.0199954043213422,0.1736136373552622,0.0675653038333866
C021_A18_SY17_P07_S02_02DAS,443,600,544.1403928459682,0.9084146792086276,9.058778136068744,0.0078579652595045,1.3642725209897133,228.1145248413086,3480.088933465937,0.8340497092234382,0.0141364357495498,0.0194684712617309,0.0933893645646249,0.3990797038340478,0.0067640627768482,0.0158267559027295,0.0877240577822837,-65.81518617710263,35.88458619352623,8.182564705671236,-111.65645993194846,0.107162643337889,0.0312475051184213,0.1919519037129135,0.0564586427628269
C021_A20_SY16_P07_S14_01DAS,2458,600,563.0690287896693,0.9400150731046236,10.600518074462514,0.0234671953451621,1.1747526962452266,249.09537506103504,5230.068886447723,1.008250112767648,0.0170889849621635,0.0119536728681351,0.0519974766386215,0.3165558789052817,0.0053653538797505,0.0048245962595023,0.0233054911084885,-17.280284394833764,31.8990619730014,15.02450686259198,-155.38760256265851,0.1959452971769655,0.0190422329836614,0.2270415924371429,0.1340574559321345
C021_A19_SY15_P07_S14_01DAS,2816,600,974.7325289663804,1.6272663254864452,13.067199804248183,0.0221068009425732,1.564598376128023,386.6674270629883,4633.62500037003,1.5188667414834836,0.0257435040929404,0.0243473013846181,0.0950056187434978,0.4842921897952119,0.0082083421999188,0.0065146405225714,0.0281804919426777,-45.78860406808139,64.8473975154188,179.16385510154717,-176.14534518747948,0.1790540488837365,0.057236810411016,0.2524747793905654,0.0068511736513009
C021_A19_SY15_P07_S13_02NAS,3009,600,1951.37678977682,3.257724189944607,13.427594072356694,0.0347977219848622,2.568058090342267,518.2789306640625,14449.74253123975,1.5835385231619712,0.0268396359857961,0.0185081969484551,0.0823298005224154,1.0385965008135791,0.017603330522264,0.009451960409871,0.0399989709682133,10.860194366163135,35.45531528792228,137.48925285105474,-98.9432416249524,0.1834530518324863,0.0235128796353178,0.2156335136823226,0.0995479183133625
C021_A19_SY15_P07_S12_02NBS,528,600,1812.3687384030864,3.0256573262155038,21.129612901683306,0.0226073172898479,2.887678065355256,496.1240463256836,12650.431501005058,1.341867385227501,0.0227435150038559,0.0129697794008498,0.0664864366753304,0.881965104880466,0.0149485610996689,0.0101420085157696,0.0467110998540719,-5.202687138684651,21.71955231031936,36.34390993870834,-125.68401160687516,0.1903477921316417,0.014191415768843,0.220279253340896,0.1525740172814212
C021_A19_SY15_P07_S12_02NAS,578,600,2327.2811482933203,3.885277376115721,19.932208541659133,0.0363178284727569,3.219079119009267,716.3379135131836,19206.313525080688,2.1586972099708874,0.0372189174132911,0.0230105205255929,0.1125545389393513,1.2413489170282035,0.021402567534969,0.0121554757032572,0.0581431631902549,-16.35171862024159,76.28521155931409,179.67451350119444,-171.7929746494751,0.1958053608756179,0.0299698136583643,0.2683417692796648,0.1203727534757843
C021_A19_SY15_P07_S11_02DAS,1672,600,1172.060621919483,1.95669552908094,12.037772172829834,0.0942618039278468,1.553813737888741,341.8453674316406,3832.852255099697,1.7099539025126786,0.0289822695341131,0.0194654368183699,0.0818874704478907,0.6331103795619155,0.0107306843993545,0.0063756260337747,0.0266130882255063,-11.003723351491434,30.494051298342782,159.1302428850787,-118.43818058635424,0.1333018706732214,0.0240609041295334,0.1770843465653435,0.0707247629773402
C021_A19_SY15_P07_S09_02DBS,1440,600,2044.309681831984,3.4128709212553967,25.499475681644224,0.0358927590206483,3.1247521313098123,378.9291534423828,10207.226803053252,1.854527746360877,0.0314326736671335,0.0207677601182806,0.0997981327506727,0.9691758175349504,0.0164267087717788,0.0102816654475829,0.0450398824239074,14.222201917010484,28.540153165894463,165.278970027791,-15.086642598421024,0.2652326273688044,0.0344549934193984,0.3318656117320948,0.162415242702499
C021_A18_SY15_P07_S01_01DBS,3419,600,824.6400778239831,1.3766946207412083,13.711112276584014,0.0100914598744246,1.5077102978343966,254.5341339111328,2458.4284560189003,0.7113006103767805,0.0120559425487589,0.0107625173250155,0.0421223031769432,0.3603747334782586,0.0061080463301399,0.0057953577440927,0.0242934442851173,24.13552588822325,64.58144262023981,178.25821220744038,-166.89018799973343,0.1102576718959149,0.0425705228069974,0.1835092866279249,0.0638069972690995
C021_A18_SY15_P07_S01_01DAS,719,600,1530.374122258662,2.554881673219802,14.074568454446084,0.0465742592805809,1.819621163694956,304.7495880126953,5246.24155584588,1.2785373010998309,0.0216701237474547,0.0150344232576635,0.0653053103430269,0.7740551123282586,0.0131195781750552,0.0062380869566711,0.0303439472034529,9.67883336122985,14.171159783622938,33.42069213563508,-24.455732052481487,0.1457231550448633,0.0417773160292602,0.1925351129025609,0.0515058089355598
C021_A20_SY16_P01_S10_02DBS,2110,600,923.8805111971948,1.5423714711138488,12.870957997130144,0.0110293921886532,1.7536442247148252,356.7655639648437,6999.874920036475,0.7005815608875797,0.0118742637438572,0.0119564296023854,0.0540917394403213,0.4938840206945782,0.0083709156049928,0.0078241914020519,0.0288965974969709,1.7504165702272634,9.99979953645616,25.380897535092757,-16.522094701220347,0.1667344600566614,0.0130851068888316,0.1917333861843385,0.1261534934185794
C021_A20_SY16_P01_S04_02DBS,314,600,650.8006441621042,1.0864785378332282,23.09410899419564,0.0164758819581522,1.3347009345883531,117.37472534179688,1052.2298248007169,0.6813962780036146,0.0115490894576883,0.0129634515557209,0.0627000070767322,0.3517687540385699,0.0059621822718401,0.0052935744846338,0.0234361717843396,20.067443724303143,18.55387192528581,42.5793963996674,-27.199896701974406,0.1731325866689258,0.0198050279905127,0.193061301821661,0.1104495672179118
C021_A19_SY16_P01_S02_01DBS,1509,600,1055.4711226823097,1.7620552966315677,48.0695547077577,0.0045351279965916,3.0920149930056016,257.7821731567383,1146.1190038393418,1.2349614516842424,0.0209315500285464,0.0213257357501074,0.0838653945192091,0.4218359803555115,0.0071497623789069,0.0081905600299856,0.0329427224077468,-6.645802722747607,27.40256171390437,47.15494156307726,-114.94692771951772,0.0994247088389339,0.0160925847209683,0.1424087030028649,0.0578318715957303
C021_A19_SY16_P01_S04_01DAS,1723,600,1477.5983137826652,2.4667751482181406,22.94529525593041,0.0199478774448005,2.653557350531759,264.67030334472656,2350.140924383616,1.5029755625632633,0.0254741620773434,0.0186840314856957,0.0853846790961988,0.7417315333018197,0.0125717209034206,0.0110602936460036,0.0426971964368481,-7.077898814859638,10.023779239515331,10.995692213464922,-27.903068170498983,0.178113710678761,0.0314053482670702,0.2362054497369495,0.106312523893424
C021_A20_SY16_P01_S02_02DBS,1980,600,607.6441852850281,1.0144310271870258,10.244434671084282,0.012220642131149,1.1862447925361166,118.48387145996094,815.1937534432062,1.6191721975142903,0.0274435965680388,0.0430247916125443,0.2124329462886508,0.5690338315354659,0.0096446412124655,0.0197711787041947,0.1227755133540713,8.873734035977089,58.07680900031707,176.4360385224614,-139.3731741196525,0.0843974365557821,0.0238905183568428,0.1308328418085487,0.0105381218263702
C021_A18_SY15_P01_S06_02DBS,1872,600,986.0148397987894,1.6461015689462253,41.63826882663216,0.0310370080409221,2.792844719691641,183.8989715576172,1246.1363556068875,1.6932087170833867,0.0286984528319218,0.0378355275561132,0.1461740016427849,0.2966019552006909,0.0050271517830625,0.0036835588481569,0.0159430961604366,27.693883736981693,89.84609487022617,179.76549133025475,-173.5616144913029,0.1382675482937488,0.044877027009678,0.2252912427049329,0.0828549754905294
C021_A19_SY16_P01_S08_01DAS,989,600,2073.784931557956,3.462078349846338,40.83806504912402,0.0974202212443396,3.7858701915501847,268.71934509277344,1786.7654860184784,1.2860831406731268,0.0217980193334428,0.014472279841435,0.0584908806479047,1.031030903245983,0.0174751000550166,0.011907988663694,0.0486580620585818,-0.9888878287139012,20.223207026802587,31.231541671861525,-37.1166893226542,0.1683715194953868,0.0145856543418895,0.1990135530022528,0.129339960767337
C021_A19_SY16_P01_S01_01DAS,1238,600,1812.8766130861443,3.026505197138805,24.174968810162188,0.0060988646906804,3.91131803423428,227.09075927734372,1520.038281931621,1.3234755045254525,0.0224317882122958,0.018452616868438,0.0894837004096872,0.5748940320832532,0.0097439666454788,0.0119055915397372,0.0549226723694103,5.609701796969874,11.717956010655408,21.997521351494058,-24.83314583758004,0.1457447245336478,0.0152986657003717,0.1826353739374535,0.1115040758052921
C021_A19_SY16_P07_S06_01DBS,2159,600,3104.570399264128,5.182922202444285,42.887621479121165,0.0840687937401253,5.176952809434256,347.8042984008789,3441.086820309132,3.32788474419006,0.0564048261727128,0.0380405405970571,0.169571168360121,0.8589834333805032,0.0145590412437373,0.0111404575876306,0.0492936792756897,4.911597738484571,13.12172815259857,38.18924948826707,-26.724736227775267,0.1440691330210269,0.0457275108139777,0.2126343552217265,0.0511112687982637
C021_A19_SY16_P07_S06_01DAS,1276,600,2673.9501508963835,4.464023624200974,34.17294699730563,0.0485380161333174,4.7117801366336405,314.7960662841797,3628.6152031655706,2.507422184691295,0.0424986810964626,0.0349605437399128,0.190224061458471,1.0559900228185302,0.017898135979975,0.0300745593699841,0.1853074378756988,0.1740154918070946,29.65089804760367,179.1076572964822,-112.80643253786278,0.143976508283827,0.0442153932606444,0.2152766599878052,0.008133511317507
C021_A19_SY16_P07_S02_01DBS,483,600,1112.774360292447,1.8577201340441531,40.54413046801351,0.0108966131289899,2.880996209930012,312.79920959472656,2464.3477075690566,0.7467848718328489,0.0126573707090313,0.0156345745002807,0.071363668972005,0.4850800974633274,0.008221696567175,0.0093908072225773,0.0403932481543043,11.619621787777712,12.658763021092426,28.901402202499483,-21.302202679689103,0.1514800542293328,0.0096524532754467,0.1733290894527545,0.1131365416832258
C021_A19_SY16_P01_S10_01DAS,483,600,2552.9031431088893,4.26194180819514,23.473445688908296,0.0371969094112903,4.063877941174867,301.1569519042969,2729.4167324617065,2.0056098167681893,0.0339933867248845,0.0260555237230186,0.1077782657666994,0.8870170389403781,0.0150341871006843,0.0124642984017468,0.0539336073964728,-33.47353378965781,63.5890176535804,173.60450080573665,-175.75795988850186,0.1486472109408437,0.0201616235357289,0.1801067727328678,0.0788391550817882
C021_A19_SY16_P07_S14_01DAS,3743,600,774.5977759531671,1.293151545831665,7.347322352276718,0.0039359690721342,1.3172672081603556,99.92306518554688,455.6610393382824,0.597407527407272,0.0101255513119876,0.0061387119255222,0.0292957695555157,0.3295230243185535,0.0055851360053992,0.0029816268275373,0.0138110168940706,-4.599080727527295,41.294241777036056,176.3744227913645,-171.5539921312132,0.2095459500405652,0.0084132163952674,0.2260919037887416,0.1924252398917669
C021_A19_SY17_P07_S02_01DAS,1501,600,1826.7543336432764,3.049673344980429,20.51442416862138,0.0374363902388014,3.502282334155968,263.0920867919922,2185.3561973428377,1.2218250002293656,0.0207088983089723,0.0222200489799428,0.103212866769594,0.7379402208658666,0.0125074613706079,0.0162733914641463,0.0798234308901139,-51.97143385057931,44.34643428887925,16.478880444586075,-124.00365701830964,0.1274951259952393,0.0415879470820698,0.1971063579958693,0.0768322985821396
C021_A19_SY16_P07_S12_01NAS,3066,600,2336.7967724051064,3.9011632260519313,43.351178514242925,0.0479132834464396,4.552651733109473,328.25982666015625,5447.501615246001,2.169429324568507,0.0367699885520085,0.021765698135341,0.0973242470774894,0.975998868698654,0.0165423537067568,0.0115305445117635,0.0536218039573851,-9.947047952737922,19.61207507781176,14.647982217894503,-136.46118573751843,0.1831242029454108,0.0268429430404405,0.2378602423794585,0.1036857003207005
C021_A19_SY16_P07_S08_01DBS,3507,600,1501.6690901381992,2.5069600837031705,46.49915999244823,0.0172294973285871,3.953389322710095,342.72083282470703,8327.324958059284,0.824740547958182,0.0139786533552234,0.0121799874095673,0.0510760229065905,0.3589901940121251,0.0060845795595275,0.0065045737643656,0.0367153851220017,4.344969897859041,6.228102955437854,18.248481770998357,-6.87220629174999,0.2066790690101836,0.0110939513947181,0.2269032142277362,0.1802723757129818
C021_A20_SY15_P07_S10_01DAS,2702,600,1579.5883685179238,2.6370423514489563,15.939135693604182,0.0888623574275238,2.475666787649888,425.0988311767578,7826.664981316379,1.8029856822743595,0.0305590793605823,0.0221180180789234,0.0938137682224898,0.8256476382438453,0.0139940277668448,0.0084158613886854,0.0322610793677431,-9.385092544653451,54.284250086009095,177.1369928108268,-169.28135117343658,0.1437543244622581,0.0506505553847712,0.2215786879556202,0.0520451380148353
C021_A20_SY15_P07_S09_02DAS,859,600,1163.8246431051282,1.9429459818115649,15.467947554847154,0.0200343019378078,2.1658208895981668,296.3553924560547,3199.616540001895,1.3800025109616796,0.0233898730671471,0.0209505535430577,0.1057097382215712,0.6199502289164551,0.0105076309985839,0.00890914500281,0.0360325647188611,5.981101088241044,29.91796136505244,141.08433891497862,-47.047646734186856,0.1054642443108873,0.0519908262968264,0.1921648879070184,0.0055694338805253
C021_A20_SY15_P07_S10_02DAS,469,600,1082.8073660353368,1.807691762997222,40.99251862645899,0.0036484782525018,2.4305501859719363,396.05908203125,6063.348281455623,1.285641041446919,0.0217905261262189,0.0235000025113193,0.0979706953840192,0.4950143182453645,0.0083900731905993,0.0060769187753244,0.0255257015575543,-3.76746366752263,19.455722722207945,27.050086076137276,-69.42496360837536,0.1608707404090903,0.0348234582029913,0.2088444752534606,0.0783066243375368
C021_A20_SY15_P07_S11_01NAS,2804,600,1276.4640506086089,2.130991737243085,19.17105213828313,0.0043266403340715,2.6778625763755377,422.761947631836,12472.964677250216,1.5837667004258196,0.0268435033970477,0.0167647553756795,0.0755625982407325,0.7267495866865562,0.0123177896048568,0.0093672853539231,0.0301398720823988,-19.766424583206344,32.736791138321365,13.808458368584086,-146.6999795073477,0.1235082153362109,0.0327465478686367,0.1811567961045442,0.0634650065991545
C021_A20_SY15_P07_S12_01NBS,1068,600,1363.0568702412804,2.275554040469584,21.107919426892902,0.0206070850176843,3.239271947189489,807.3616104125977,24772.59690425021,1.6549681096304418,0.0280503069428888,0.0314586084008427,0.1910906630008136,0.7094266141796284,0.0120241799013496,0.0129363724495552,0.0507895649786755,10.274129814274492,65.02265245952627,176.9297885721104,-164.7845941328811,0.1225246480663555,0.0540622055366978,0.2249687054443439,0.0422045002082397
C021_A20_SY15_P07_S11_02DAS,3128,600,1457.1845789152003,2.432695457287483,28.854788556789305,0.0538149282150444,2.3228546188698984,398.6095275878906,7774.747003882885,1.9150426886429237,0.0324583506549648,0.0265568372120136,0.1401161216101596,0.716290849955828,0.0121405228806072,0.0083307639896419,0.02996746893593,-19.233419192318323,42.30195722712128,179.32801294702065,-162.22418239246036,0.1166006178763321,0.0401209517674657,0.1873573947549577,0.0276184164699783
C021_A20_SY15_P07_S14_02DBS,1621,600,941.4736399135764,1.5717423036954532,9.201631243226505,0.0092467380431353,1.3754920146909402,226.94022369384768,1821.7154119765212,1.337474819043112,0.0226690647295442,0.0168724219291325,0.079458759891456,1.246917048968551,0.0211341872706534,0.0447259778513328,0.2092904937092835,14.97239808059217,76.59348838545466,179.30799436041212,-178.2130069664782,0.132223581296605,0.0727648270594384,0.2321309417513364,0.0167601577445325
C021_A20_SY15_P07_S13_01NBS,483,600,1521.270718459207,2.539684004105521,24.79842416195065,0.0080834866232486,2.8710482844644845,402.9067916870117,5386.977574844521,1.1362085977796237,0.0192577728437224,0.0163552016382225,0.0715248655431241,0.663830194197465,0.0112513592236858,0.0095788041335317,0.0398641015192369,7.040021480976224,101.25194930932123,179.44048186252144,-177.7477211194702,0.1371613790486852,0.0532213314650986,0.2225405166646219,0.0599778597430061
C021_A20_SY15_P07_S12_02NAS,2110,600,1888.010789972756,3.151937879754185,19.59936636206056,0.0323341346136397,2.9040947906933154,795.5218887329102,25505.78592371434,2.243649855705293,0.0380279636560219,0.0338575319665831,0.1644607499355707,0.9915077100238288,0.0168052154241326,0.0111934852958199,0.0507856688342793,-17.108345354491274,62.8470817560689,178.8689170022437,-179.48796547887343,0.1733643998173473,0.050262369535474,0.2580462596627513,0.0598001300308613
C021_A20_SY15_P07_S13_02NBS,1815,600,1071.28701603402,1.7884591252654751,11.508399954899437,0.034954512128219,1.6938910123558957,280.7886161804199,2591.506307840403,1.6646281237982254,0.02821403599658,0.0329672115836339,0.2140604962738007,0.4760492313305967,0.0080686310395016,0.0078973807571394,0.039672577352006,-16.942328884558442,45.38959364044275,24.155637260062814,-179.8771139205236,0.1139725888366055,0.0516946889804444,0.2067117085619994,0.0164160658969638
C021_A20_SY15_P07_S14_01DAS,2457,600,944.6594666859988,1.577060879275457,17.51037608263213,0.0209881870219559,1.850487164977055,322.46228790283203,6411.2417922175055,1.0947126596677894,0.018554451858776,0.0132075444013452,0.0595172322548069,0.4632302903184516,0.0078513608528551,0.0067127149088135,0.0269005198485399,-35.810384240603376,56.34542543984496,12.216590187154418,-176.75889421884384,0.1983153923868776,0.0229802513552871,0.2409240531260195,0.1235730033374188
C021_A20_SY15_P07_S02_02DAS,2000,600,1462.73794513726,2.4419665194278157,14.755052691223511,0.0320615626455133,2.321563640760331,311.76776123046875,4590.421512093471,1.5491675376643437,0.0262570769095651,0.0198686154686407,0.0908853562507402,0.7583933579243488,0.0128541247105821,0.008987065868307,0.0316322871926585,7.323279969601828,28.04623208941573,169.9013500143421,-21.297981554823156,0.1274371623390587,0.0616397641414886,0.2087152505952098,0.0197890138515199
C021_A20_SY15_P07_S07_01DAS,153,600,1408.6392221521226,2.35165145601356,13.453432378654044,0.028501314498103,2.324475584431995,328.0107727050781,5802.243813241854,2.6003352719019728,0.0440734791847792,0.0516548010800081,0.1955141561826283,2.2325032824382176,0.0378390386853935,0.058684309255512,0.2648630556102427,32.52172792589633,88.57607971738474,179.247160005185,-164.76794691276405,0.1313394729352182,0.0205025322210851,0.1636104033115063,0.0498944588853139
C021_A20_SY15_P07_S01_02DAS,8,600,1407.4159477398866,2.349609261669258,16.770286015503462,0.0549640559875456,1.7631501328811086,299.9278106689453,4200.277653322306,1.284125353340852,0.0217648364973025,0.0125579034859998,0.0637592901852328,0.7461517940463827,0.0126466405770573,0.0063603206576733,0.024498032795181,15.005894799672866,20.116271852781107,48.316328386630495,-70.14667283795741,0.1123853518481569,0.0545704497311896,0.1903361006177328,0.0102745888668918
C021_A20_SY15_P07_S02_01DAS,3140,600,1385.380346874022,2.3128219480367647,13.626345213640022,0.0195484934624869,2.1235167379856312,313.20770263671875,6866.649929570774,1.3755788307242187,0.0233148954360037,0.020951842240435,0.0949807519132589,0.7140974108756055,0.0121033459470441,0.0091696543411989,0.0333321855191276,4.084302495972858,18.71524077080708,50.809261720940725,-22.19526727153854,0.1632432874005223,0.0249526117184845,0.203463056116696,0.0825243685646352
C021_A20_SY15_P01_S01_02DAS,2918,600,1544.0771507058298,2.57775818147885,13.580769396214649,0.0322966103332999,2.1493487862150693,351.9663543701172,5454.190687566145,1.7157260613186969,0.0290801027342152,0.0214992672818703,0.1058077531441847,0.8723342127083512,0.0147853256391245,0.0075676268591697,0.0314775997470756,16.43763675793765,39.56857105747623,142.5238823360045,-140.89612300877462,0.1122276246506286,0.0520923104351042,0.1885411762619104,0.0317326164558414
C021_A20_SY15_P01_S01_02DBS,558,600,1362.1455935113877,2.274032710369596,14.587370891624923,0.0746303399230822,1.879121464743808,334.2032623291016,5160.494541850134,1.7775002488098308,0.0301271228611835,0.023258232755593,0.1152314856041199,0.748905560752064,0.012693314589018,0.0072420597018337,0.0283097825985286,34.96485773030968,61.63469262852927,178.03073887847555,-178.41903419372093,0.130948690835724,0.053515521645663,0.2257722081551257,0.0269713207066886
C021_A20_SY15_P01_S02_02DBS,1980,600,1192.5821287345311,1.990955139790538,16.600477117877112,0.0443762340886147,2.200039160004872,331.6168670654297,5754.04203400294,1.40967482119918,0.0238927935796471,0.0197440507905245,0.1232522913160891,0.7235311851574863,0.012263240426398,0.0315241480812361,0.2475699015124755,1.1486415713051237,40.44881851503589,46.31449162243946,-142.65143814067886,0.0790887946650864,0.0353656041740401,0.1369064482917204,0.010338126086782
C021_A20_SY15_P01_S04_01DAS,1,600,2422.26468750033,4.043847558431268,24.841567304838645,0.0581987817795116,3.711054102588367,634.3365783691406,23306.22633591597,1.5795598762943122,0.0267722012931239,0.0154038668500285,0.0629810645964534,1.2082834424715376,0.0204793803808735,0.0122735685582075,0.0452509168864099,-3.568475546702154,65.98597169136525,178.78283830648024,-179.92285444210782,0.1722110635105376,0.0226011897383414,0.2291450044326147,0.1297829287068527
C021_A20_SY15_P01_S04_01DBS,2719,600,2299.487739756536,3.838877695753816,36.9711410438687,0.0601036055265179,4.037703280326551,711.0839767456055,22791.577468305277,1.707885957691598,0.0289472196218914,0.0196265754326304,0.0788238932178881,1.1584316269122592,0.019634434354445,0.0144526791522361,0.0510021069466582,30.325486287905843,51.29332308162838,178.7225328690498,-30.923492533797308,0.1851174151912437,0.0220176288149306,0.2328075332147778,0.124410429855548
C021_A20_SY15_P01_S04_02DBS,1238,600,2212.6837434356985,3.6939628437991687,46.35866700133749,0.0202164674650444,3.675911915043523,615.0568466186523,12766.749682491498,3.833759417941212,0.0649789731854442,0.081501253654281,0.5009487466158786,1.4207462355394045,0.0240804446701594,0.0397260159471179,0.2356999816765864,19.672165994441805,51.16905049902099,175.51371159750474,-48.98554236292414,0.1120092758291251,0.0653747299848643,0.219314287684326,0.0122870437821196
C021_A20_SY15_P07_S08_01DBS,346,600,1432.8687161498149,2.392101362520559,32.87314864658531,0.033691782880143,2.2888097783012262,343.87803649902344,4901.42145179704,1.1075280306605195,0.0187716615366189,0.0138073748408637,0.0677620856422378,0.9096021214871612,0.0154169851099518,0.0080384011741869,0.0376692889002922,-0.2939102924274381,18.07771354303617,42.742954299522566,-31.672023893188157,0.2038943445678361,0.0206555284178514,0.2540509230413287,0.1529156075408374
C021_A19_SY17_P07_S03_01DAS,3748,600,1171.2692507052127,1.955374375133912,23.08206927056139,0.0028276145959224,3.0172846666096915,383.9168930053711,7776.1705564023005,0.6670927242460862,0.011306656343154,0.0175352383907346,0.0987609708535705,0.612868647323109,0.0103876041919171,0.0204182780410089,0.1066681363263047,-95.38457308551772,70.18342701981821,4.502809394424898,-177.58654389196934,0.1702686224550722,0.0352371076402606,0.2244394777078963,0.1084338662206158
C021_A20_SY15_P01_S09_02DBS,257,600,1925.2592975583275,3.2141223665414502,13.648044621639556,0.0100892793303323,2.735498781290145,393.308349609375,6191.827679480428,1.5053531086006615,0.0255144594678078,0.0197919365741396,0.0925655213628378,1.0309753492024205,0.0174741584610579,0.0110203280275275,0.0413688006118169,16.13412577470716,63.44806774011467,172.98901939851714,-172.9427474573941,0.1383835539425119,0.0366966631968028,0.2190664576373082,0.0636343645478441
C021_A20_SY15_P01_S05_01DAS,1585,600,1539.3556148297791,2.569875817745876,35.71648597550112,0.0609909283611069,2.666618270983716,537.7783050537109,14504.133784627762,2.564834530600599,0.0434717717050949,0.0474770420663546,0.2203754576412765,1.6379687228388884,0.027762181743032,0.0423060281609395,0.1716259556483412,4.103843095045365,68.92702845619256,170.1532268309249,-175.53254862760795,0.1626031297727691,0.041150581550443,0.2763953598040801,0.0379411998749423
C021_A20_SY15_P01_S11_02DBS,2533,600,2496.650183047147,4.168030355671365,32.91435723738218,0.0564205976847114,4.021606301669156,1015.0688552856444,46126.2520875797,2.4985101746888034,0.0423476300794712,0.0317110035154343,0.1321530231646137,1.13927339796028,0.0193097186094962,0.0166623389329091,0.0572858555762706,3.18332867414244,65.26727954657947,177.5098617862648,-175.846812121506,0.1440067892176761,0.0737557253701731,0.304203365401755,0.0375648031621536
C021_A20_SY15_P01_S12_01NAS,2766,600,953.263979011369,1.5914256744764093,29.55250904269501,0.0108126394534696,1.8476419180013144,257.5136947631836,2409.6948416724604,1.3382495259147984,0.0226821953544881,0.0186418511910404,0.0792847888743321,0.5214543064642765,0.0088382085841402,0.005298420627518,0.0269105582970404,-14.144115966007885,47.74615888782618,173.41038828643315,-151.2029959067745,0.1457472625677421,0.0420524425354974,0.2187592243070834,0.0624139825203323
C021_A20_SY15_P01_S05_02DAS,1318,600,1427.1963629966324,2.382631657757313,29.85146770909884,0.0563374996328779,2.819779851522531,386.0528335571289,4543.092924379006,1.577142958103423,0.0267312365780241,0.0189423836359678,0.0861961253736491,0.671608325767638,0.0113831919621633,0.007673560176765,0.0324227658796073,12.475025440176816,31.73815704811153,86.18929778570724,-103.95460318095483,0.1226089057323857,0.0487676558906446,0.2419862255081353,0.0272153819704194
C021_A20_SY15_P01_S12_02NAS,257,600,1055.9582813427098,1.7628685832098638,36.89665918788459,0.0085051154327029,2.811556672430586,370.2270812988281,15734.157488518917,1.4282860337205274,0.0242082378596699,0.0209556419668929,0.0899835050130716,0.5064346492753337,0.0085836381233107,0.00549727547438,0.0210948624700535,-2.041346700889624,51.6595299541622,176.1262730394528,-152.43156070719445,0.1053974592700846,0.06480403819039,0.2073496214710773,0.0043868281426922
C021_A20_SY15_P07_S01_01DAS,938,600,1485.3229809965535,2.4796710868056,11.714392798875071,0.0819413921955207,1.8295088601483631,295.05731201171875,5796.423900642218,1.1590603271542408,0.0196450902907498,0.0146488914468616,0.0659387084183897,0.8035973658627148,0.0136202943366561,0.0058943475302129,0.0257560345635619,11.58868325323422,11.543039390796428,27.48876149936618,-21.697723379275857,0.1622486365503676,0.0196667029620145,0.1906449739098413,0.0867321585777471
C021_A20_SY15_P01_S08_01DBS,3460,600,1552.3995291038434,2.591651968453826,21.738265795998892,0.0198388905094356,2.7125649320020755,596.002815246582,11400.285340838229,1.2227460124872591,0.0207245086862247,0.0148577147709404,0.0612169360193255,0.877982448834677,0.014881058454825,0.0094733639919955,0.0383601312809113,17.354557288905273,44.32605177534904,145.05642497834822,-50.10459149719995,0.1159137087120323,0.0194964611921433,0.1567122899231477,0.0638107909265439
C021_A20_SY15_P01_S07_02DAS,859,600,2216.194269877542,3.699823488944143,28.229158304599316,0.06233024267399,3.475771902948573,963.1905822753906,43241.93423707897,1.6740846287415785,0.0283743157413826,0.0211330264089609,0.1050796716878746,1.218242994917477,0.0206481863545335,0.0142634335543763,0.052919639704976,-13.562930679477166,57.61854270146517,130.3058032668422,-170.8042970421627,0.1498164817287044,0.0414719276775706,0.2252929376768004,0.0647438463181546
C021_A21_SY17_P07_S07_01DBS,305,600,624.2947964191646,1.0422283746563683,41.63629698180734,0.0213625717146396,2.2097904033366733,208.74041748046875,3261.583406932582,0.986118293878356,0.0167138693877687,0.0235394494935849,0.1346778807215915,0.3916846569864748,0.0066387229997707,0.0159521731779139,0.0970490766085484,26.90657855707651,91.51489681272156,177.577313369421,-178.58538322428603,0.0550077362993986,0.0413368208897795,0.1588072016257651,0.0045187906111156
C021_A21_SY17_P07_S02_01DAS,1798,600,417.2654898819447,0.6966034889514935,6.473891548318563,0.0036088971656686,1.1320990350545534,190.3609619140625,4408.716600275887,0.8002340036722421,0.0135632881978346,0.0252192021880654,0.1481006287607914,0.52025666239012,0.0088179095320359,0.0273579661921137,0.1799145726410928,-38.12277864455316,20.20772729175902,-6.757968315235338,-66.7965044632376,0.0730449752041922,0.0209592619927096,0.1418697280886602,0.037669994748689
C021_A21_SY16_P07_S10_01DBS,2856,600,726.1068034388019,1.2121983362918238,32.74472714229701,0.0144126108389651,2.7063736432168986,102.15142822265624,321.4034294741368,1.3424895082327752,0.0227540594615724,0.0319651566836808,0.1260288587965627,0.2271355136826011,0.0038497544691966,0.0039658998512237,0.021351927400527,-1.7975351504303465,11.52496242388512,19.940271733612047,-19.37125868839774,0.142756548717057,0.0703748116133596,0.212385741540778,0.0281850863471049
C021_A21_SY16_P07_S13_01NAS,3442,600,991.5802796549352,1.655392787403898,8.69009916742798,0.0228900552620143,1.3444002574807836,88.15491485595703,205.7405341864714,1.416617077869629,0.0248529311906952,0.0281476431754116,0.1544999813311405,0.254920855440939,0.0044722957094901,0.0022944474975123,0.0112173624136317,-16.335143201235347,13.967609043070407,21.850993437566057,-34.13756473819406,0.1041135009588841,0.0493356258920676,0.1894083004129745,0.044059164681171
C021_A21_SY16_P07_S14_01DBS,2097,600,1007.571829715186,1.68208986596859,30.27770212873405,0.0069979183923572,2.532324149861827,181.59051513671875,3646.611069144648,1.1769753600304855,0.0199487349157709,0.025483541657105,0.1084366578747319,0.2867606504086838,0.0048603500069268,0.004645979452221,0.0256119380227869,31.131071788178208,44.20871225013564,154.072822851568,-0.836428138212374,0.1537442732906989,0.0649078684818333,0.2288169860060979,0.0527149475615497
C021_A21_SY16_P07_S08_01DBS,2186,600,237.01521935149563,0.3956848403196925,20.431889969114312,0.0128302010518545,0.9263217919018656,47.021934509277344,13.9899447315488,0.8091118298163082,0.013713759827395,0.0138170207708409,0.0797684213980465,0.1289222861758566,0.002185123494506,0.0015292992445941,0.0071790565025671,-6.367447312456226,4.734301159846152,4.833570197652125,-13.281640119657112,0.1351549195426667,0.0663243182780656,0.2172810294604194,0.0368642730920146
C021_A21_SY16_P07_S03_01DBS,671,599,384.0399766236613,0.6422073187686644,7.774940730592457,0.0045211614324534,1.018128961056723,100.5360336303711,694.3410260288762,1.3493807593011984,0.0228708603271389,0.026230718109725,0.1685250756350435,0.1739330517121045,0.0029480178256288,0.0029390457784212,0.0165453410400714,2.5226873771229186,6.111170701346824,12.208421161667168,-11.080181640383136,0.1562120554341931,0.0413507067106568,0.2121832244522817,0.0616878868197882
C021_A17_SY15_P01_S08_01DBS,3192,599,1272.348829886759,2.127673628573176,20.96147013076317,0.0082074840634984,2.3819703387085207,641.8068542480469,21574.589170183262,1.6422104047845325,0.0278340746573649,0.0310613406847071,0.1499089127086669,0.6813965940978511,0.0115490948152178,0.0095380722335496,0.0325021707575945,0.4785762022610614,46.19122263603886,133.89861202921352,-83.0675715089844,0.1063182557418934,0.0307261672514023,0.1723941216377316,0.0295937227963423
C021_A17_SY15_P01_S10_01DAS,2994,599,1969.6231587061573,3.293684211883205,17.023131249708793,0.0104220684891787,3.69337347542296,963.6844177246094,95877.32844570604,2.4252318230752263,0.041814341777159,0.037767931400677,0.1842679938274152,1.2094193952409382,0.0208520585386368,0.037151416517972,0.1776508286238799,-54.56821285833594,79.22383336938704,179.45839361684386,-179.24413830273835,0.1433280295408853,0.0461133767258655,0.2191216870267509,0.0280038584737022
C021_A21_SY16_P07_S06_01DBS,1717,599,548.4488937169672,0.9171386182557985,6.508563228736543,0.012287203253577,0.8774811117389482,71.7318115234375,143.2113286704115,1.1117945583400697,0.0188439755650859,0.0275880671487787,0.1612490341289923,0.1835453933896373,0.0031109388710108,0.0022066748204625,0.0126849702789799,3.475884248353101,16.652344528499132,39.57453552476189,-21.42675377053113,0.1090908565569733,0.0413712424675946,0.1600012556201488,0.0399027486514674
C021_A21_SY16_P07_S07_01DAS,3048,599,347.4259493752534,0.5809798484536013,4.529266204052614,0.006393341573645,0.4519937288102069,51.07196044921875,120.00897073381108,1.8517721182023248,0.0370354423640464,0.0699914582417919,0.3650393411481193,1.221111975647028,0.0244222395129405,0.0397497143178279,0.172310828907359,-19.90567988724102,92.2297603944996,175.580711664184,-177.60102401617164,0.1509686755231623,0.0300388879494973,0.2018219291458927,0.0218160572569541
C021_A21_SY16_P07_S08_01DAS,1808,599,218.67782020879685,0.3656819735933058,3.9123457774652617,0.0059768162545706,0.3715997637452406,27.94447326660156,20.34844935366494,1.7218251492644556,0.0291834771061772,0.0215120613243129,0.0898365318853753,0.1585307125477016,0.002686961229622,0.0017294033775926,0.0092229383640571,-12.469489696401329,5.986805976118313,1.0013663873035583,-19.984153797416774,0.216531224392062,0.0265553440735782,0.2677054832422565,0.1638184696646576
C021_A18_SY16_P01_S08_01DAS,3297,599,653.2703924332949,1.0924254054068483,6.272890921656837,0.0148033376244399,0.9742407703256768,150.35140991210938,892.92520682181,1.0586498795617272,0.0179432182976563,0.0203925800693648,0.0902326415556582,0.3648644343009561,0.0061841429542534,0.0052050759159748,0.0243826825472432,-9.58793877383814,11.404490120001066,13.088182077031576,-38.710008971694585,0.1598140395385373,0.0298633211450545,0.1998368764075783,0.0812425291888268
C021_A21_SY16_P07_S10_01DAS,3430,599,439.9422843558661,0.7356894387221835,10.210088231384615,0.0193675151814926,0.9600437571400796,153.20587158203125,1873.8561930501985,1.1208388026542415,0.0189972678415973,0.0227656687237844,0.1069768710405006,0.2153833006313683,0.0036505644174808,0.0051159067687031,0.0285648655259279,-10.06377100031012,10.751820994503628,14.023291133329073,-30.045801338909516,0.1147966752385894,0.0536828303041141,0.1704587392109151,0.0233782796427311
C021_A18_SY16_P01_S10_01DBS,535,599,61.18458254293112,0.1023153554229617,1.1572307860220925,0.000669302740462,0.1200678698171478,6.924331665039063,0.9052070413630748,1.2252017269556434,0.0207661309653498,0.0173523115677433,0.0589553768073028,0.4921746892269271,0.0083419438852021,0.007719570780275,0.0306055865266452,-5.840484823746348,35.910046220456465,154.98507856464283,-158.8478127751622,0.1623116562057975,0.0205265034545413,0.2070127403194041,0.1103159308664218
C021_A18_SY16_P01_S13_01NBS,16,599,414.7491456485465,0.6935604442283385,24.73061984662565,0.0083225190008375,1.5521825694174574,81.6652603149414,708.717190193842,3.85692157686429,0.0653715521502422,0.1175782259604096,0.444812655105525,3.311133814766481,0.0561209121146861,0.1250145239289666,0.4075960573884055,82.97808895870341,75.32490268041867,174.3761314582651,-178.25255710408643,0.1791189739642139,0.0567433892369473,0.2519799153727031,0.0963704244823563
C021_A18_SY16_P01_S03_02NBS,1571,599,659.017473503027,1.102035908867938,4.37371850000091,0.0168117858994754,0.7072592074708842,90.86599731445312,282.34503444151363,1.1497004189757676,0.0194864477792502,0.0197616775222966,0.0888867377586166,0.3942028987354222,0.0066814050633122,0.0046299248964603,0.0210740534960774,17.65589308228018,13.30799235947622,35.016859946744546,-18.021690760754936,0.1532409340343804,0.0442808901322086,0.1954642726362248,0.0363451433188286
C021_A18_SY16_P07_S01_02DBS,2623,599,641.5669968434541,1.0728545097716622,12.689483992627274,0.0184629645221522,1.588918781157411,99.23033142089844,605.8947927996559,0.7500400565139982,0.0127125433307457,0.0186597261318746,0.0847728915808554,0.2253987114919665,0.0038203171439316,0.0040560846826271,0.0180579873300862,42.02993657301792,41.75073458616301,168.2516821531194,-27.224868311655925,0.1352528837635759,0.0385859648583023,0.1781925433780569,0.0639140900877512
C021_A18_SY16_P07_S02_01DBS,1748,599,333.9009056182387,0.5583627184251477,5.486761059867634,0.0044602669781484,0.7960915340642917,79.33406066894531,242.91830249748995,0.6691844171888793,0.0113421087659132,0.0223102319670318,0.1377815106935735,0.1450789598018665,0.0024589654203706,0.0028580131689594,0.0138272969327815,3.768170444939962,26.029723488397277,24.52130948647233,-72.46498015328288,0.1243714149857934,0.0427099464915347,0.1587900008652501,0.0435647688290083
C021_A18_SY16_P07_S03_01DAS,3146,599,277.5476399623108,0.4641264882312885,4.772847383838446,0.0071754769908129,0.5430199814957515,54.09847259521473,64.51181386072957,0.9883073542642716,0.016750972106174,0.0144468306316226,0.0562478698170507,0.1764195319025496,0.0029901615576703,0.0034043417113613,0.0191126230388353,-2.880084322996248,8.276144763296495,7.693639515274832,-31.786184825884984,0.1688651923594032,0.0197108453011405,0.194075143675429,0.1191402166921355
C021_A21_SY15_P07_S02_01DBS,1570,599,1444.7481853338516,2.4159668651067747,13.24083212497107,0.0601440457560262,1.7654774974822411,275.6542739868164,3480.370769622414,1.6540322529502811,0.028034444965259,0.0215937086837053,0.1007569902347665,0.7432578834075906,0.0125975912441964,0.007553308789978,0.031928341363506,38.020777302286085,77.15716193798015,178.64847207363516,-178.51788708752056,0.1412690594873852,0.0439318195145504,0.1957648818375715,0.0389996838582187
C021_A17_SY15_P01_S10_01DBS,623,599,2462.8493825302694,4.11847722831149,24.377009475122343,0.0352315898450527,4.501381734069789,1270.4107513427734,150087.62104785605,1.467947952048782,0.0248804737635386,0.0214986837247471,0.0790045813051265,1.2366310049445892,0.0209598475414337,0.0162993091616981,0.0525197875769119,4.663630960319494,64.79365453619442,177.9449926653441,-171.91433920348888,0.1968426463322758,0.0460584472868884,0.3156825212234571,0.1319848045623791
C021_A20_SY15_P01_S06_02DBS,281,599,815.3836693441568,1.3635178417126377,11.838852082044488,0.0642915655176851,1.130784075230724,146.36119842529297,721.4819106718263,1.1298664249071817,0.0191502783882573,0.0226903602346269,0.1539675016998853,0.3992089651927496,0.0067662536473347,0.0048734604722816,0.0197838457191843,28.087248227624325,56.00626542464551,166.99001064659842,-159.61422432163218,0.1644900015846992,0.0559777991162121,0.2150522083018609,0.0391376158967169
C021_A20_SY15_P01_S07_01DBS,1345,599,2051.2947689800985,3.430258811003509,19.10953364285445,0.0152109999937038,3.4904071018815768,732.9551620483398,31322.178001530512,1.4107567654478357,0.0239111316177599,0.018617436426855,0.0741611523261555,1.1181293304433078,0.0189513445837848,0.0121522190017158,0.0482030593284967,0.2123266578816375,78.26453322798324,179.90927621190616,-178.36925517279107,0.157805722365126,0.0183024058711253,0.1961068383276769,0.105018630179789
C021_A18_SY15_P01_S10_01DBS,673,599,2803.4435629707014,4.688032713997827,30.70508353743946,0.0364268020571219,4.929401653794454,1223.9787216186523,129943.8749277155,1.905714422309709,0.0323002444459272,0.0197814690830326,0.0854719733349833,1.438770075129118,0.0243859334767647,0.0156140808100765,0.0547214578291731,4.409457742938216,76.77801680823733,179.9599867727584,-179.55043982724507,0.1796458868904482,0.0296519963457854,0.2271896047876029,0.1147029466725437
C021_A20_SY15_P01_S07_02DBS,3726,599,1141.574375561885,1.9089872501034844,26.73849094178812,0.0154438243760742,2.4077863580125287,515.5960464477539,10684.215664010011,0.7460489930395334,0.0126448981871107,0.0124358916155383,0.0527344297604875,0.5879884277247296,0.0099659055546564,0.0073910237775627,0.0347425670437631,30.685942112542858,65.3237009660743,174.24703413261057,-154.49778047575867,0.156098828833403,0.0129461607468431,0.1938578776349584,0.1361113332293364
C021_A20_SY15_P01_S08_01DAS,71,599,2217.652727729003,3.708449377473247,23.157606242186205,0.1307416945431924,3.4818525974006,827.3630523681641,30380.537878477742,1.7609329521673345,0.0298463212231751,0.0204343012191855,0.0742819028508848,1.348332926285519,0.0228531004455172,0.0123344545263227,0.0471641197448243,11.957103914031292,60.73630843690926,158.2004569173013,-177.69090106956614,0.1844092866760157,0.0245572657779885,0.2373854128095695,0.1509456421669824
C021_A20_SY15_P01_S09_01DAS,160,599,2170.0838343527703,3.628902733031392,15.366136822856626,0.0984001732722731,2.5413008664495687,494.2864761352539,8778.551711506332,2.154801879709184,0.0365220657577827,0.0249303071565277,0.1123935700655924,1.176518202605372,0.0199409864848368,0.0083873754665394,0.0413118474748392,-27.849408614915152,100.02658721394312,179.26729091487945,-176.44642664898473,0.1921295332511411,0.0290281869478714,0.2497419617157546,0.1457562939204058
C021_A20_SY15_P01_S09_01DBS,2181,599,1968.3896209709735,3.291621439750796,14.45416276982882,0.0579778106406286,2.5520862504241824,390.5104064941406,7586.695845152505,1.3962776542835855,0.023665722953959,0.0157120494624172,0.0761361857297734,1.1466807203693308,0.0194352664469378,0.0097256071343996,0.041051721193392,9.212275784508028,58.334059311169504,179.0234634175863,-176.89602128222273,0.1693938383153902,0.0187728437084578,0.2176804862507823,0.1056335603339178
C021_A17_SY15_P01_S04_01DAS,1749,599,1421.5249722266267,2.377132060579644,15.92035605206866,0.0242996012210012,3.2601512469517937,521.9333190917969,8020.145720623404,1.4819352552674558,0.0251175466994484,0.0322953103051102,0.2129426200748346,0.6572823833742165,0.011140379379224,0.0124331489498477,0.0415840056524646,-2.642744836551403,43.07352305440722,151.70948245256812,-167.84747169763125,0.1059483279740366,0.0569506274768831,0.2216297624610888,0.0275483039229132
C021_A17_SY15_P01_S05_01DAS,2403,599,2008.6706722584336,3.3589810572883496,17.94965488315955,0.016559442213134,3.419671855226272,511.18860626220703,17124.651869018755,2.891280182527499,0.0490047488563982,0.0425454957316243,0.1737654946850372,0.9623010193805552,0.0163101867691619,0.0116446332158577,0.0395313610136751,11.7044425736554,53.34817580293096,158.2940551219677,-108.54616184317344,0.1381641421497393,0.0544854070203712,0.2281373322930446,0.0509301152308058
C021_A21_SY17_P01_S03_01NAS,3717,599,757.4865750673096,1.2666999583065377,9.617294249256402,0.0039992002417823,1.4100363886688194,231.48663330078125,4509.079160514887,1.773934928246132,0.0300666936990869,0.0338606982827553,0.1943197885597609,0.5599446161161009,0.0094905867138322,0.0151351359823023,0.0753859998912414,-67.49624274632588,60.17766054254329,20.5806270657172,-150.85357375911818,0.0717915891477073,0.023826659175285,0.1390414394832747,0.0098025088003027
C021_A21_SY17_P07_S02_01DBS,3172,599,355.6939709415564,0.5948059714741742,5.981350062643435,0.0019155706575287,1.0333047044836587,193.2256774902344,1716.817468103641,1.4011780764705937,0.025475965026738,0.023472241661355,0.1174078500142624,0.3747680222321453,0.0068139640405844,0.0120793668342462,0.0682003451776867,-15.258685337260925,12.885971344253193,-0.3185753592900482,-50.56619213282588,0.0760120035037669,0.0249457192078703,0.124394838376443,0.0226579939776884
C021_A21_SY17_P07_S03_01DBS,1964,599,712.9778617340149,1.1922706717960103,11.394508323214811,0.0074405961083784,1.6037451121832746,326.81224060058594,10793.80456229011,1.4206093600712395,0.0240781247469701,0.0284888536423392,0.1646033265618731,0.4974022251287317,0.0084305461886225,0.0175938871462631,0.0882361210537412,-34.36044547457604,28.281308247815048,-2.922356856264249,-95.7226443018149,0.1051698266243464,0.0211301037018318,0.1700816976776879,0.0590529452014777
C021_A21_SY17_P07_S06_01DBS,2801,599,747.6649469402631,1.2502758310037836,10.194035510775237,0.0329452238674206,1.5606347190126937,229.59963989257807,4785.849382228458,1.1044563980463096,0.0187195999668866,0.0291861723640854,0.1562003431073439,0.4549483642911659,0.0077109892252739,0.0157913502895062,0.0874586251750686,59.08272690970466,75.08309649384815,177.58507213390286,-19.75507372752652,0.0859904040368244,0.0321395619920049,0.1603335547096526,0.0412983837860371
C021_A21_SY32_P01_S05_01DAS,1821,599,1018.4552608083218,1.703102442823281,14.157191698513348,0.0049218583579766,2.6667406496932946,650.0737838745117,42543.08520285997,0.907356193818468,0.015378918539296,0.0223700702527642,0.1017555747586312,0.5422972123355813,0.0091914781751793,0.0125740716118432,0.0453699888129032,77.2464930181422,118.7057489152294,178.53148826367044,-177.47146703903314,0.1284010718308913,0.0421991549993271,0.2000665161844456,0.0215688267555911
C021_A20_SY15_P01_S04_02DAS,349,599,2007.632422484488,3.357244853652994,17.068787790138042,0.0094422811979498,3.008656830988301,572.1478881835938,12794.468681302213,3.814710646508692,0.0646561126526897,0.0812743399516413,0.4264140500720846,1.393088202204633,0.0236116644441463,0.0408831470319916,0.2362477981857558,-5.033933454062691,60.02244619290153,177.35124176830791,-177.86743061451892,0.1404264609268402,0.0499706944164187,0.2277210146415391,0.0358427205558355
C021_A20_SY15_P01_S10_01DAS,904,599,1758.21439581581,2.940157852534799,22.8711115450234,0.1553129141860678,2.3706787795716604,641.1867904663086,30338.184699003585,1.7062165493564905,0.0289189245653642,0.0270002250518158,0.1241440044492025,1.4252140426106532,0.0241561702137398,0.0324859724357887,0.1487415134645226,-39.98575768741731,85.61995396751023,179.96453116834485,-172.17122569143908,0.138919498654513,0.0390679577934419,0.1930228293377572,0.0071645583069062
C021_A20_SY15_P01_S10_01DBS,2821,599,2618.714225005785,4.379120777601647,22.832420957816137,0.0969933901592024,3.7029890279109168,983.0452194213868,62742.87648522397,1.6333819990325456,0.0276844406615685,0.0167805067454889,0.0820020112012056,1.3397582855585863,0.0227077675518404,0.0134573059623763,0.0603060677122618,-2.3888026720907978,70.0869316436439,178.33798669049568,-178.44877250792052,0.1676871081966547,0.0217931366675426,0.2201144703517187,0.1004844171868493
C021_A20_SY15_P01_S10_02DAS,12,599,2108.6226399275256,3.526124815932316,16.854760715526872,0.093016247727299,2.811695441333053,735.6685485839844,18189.379101617447,2.058054815887324,0.0348822850150393,0.0265497986710957,0.1256298453695814,0.9608846876002576,0.016286181145767,0.0114179121367289,0.0476578995107152,-56.27833195098637,82.31094097190562,178.36062922879702,-173.72999017717854,0.1210568770183433,0.0606632790250875,0.250522216644458,0.0486387479942957
C021_A20_SY15_P01_S10_02DBS,3690,599,2153.8099099740493,3.6016888126656337,24.89726233993239,0.0576447344247301,3.2586577343421546,784.2210388183594,36095.92194453778,2.53074255498583,0.0428939416099293,0.0421786988159808,0.2460279132251007,1.08912126368413,0.0184596824353242,0.0109821592176706,0.0463976297692958,-3.060801785319321,53.96808052728326,162.4260270935563,-170.10362226671947,0.1129886650944753,0.0597150651803291,0.2281362140137471,0.0272425152293128
C021_A18_SY15_P01_S09_02DAS,21,599,2031.4184319048388,3.397020789138529,28.483361403919957,0.0352953643611186,3.627917743054681,455.1142578125,14761.004111298496,2.7065622591449205,0.0458739365956766,0.040494214756959,0.2017295791341249,0.80702181754694,0.0136783358906261,0.0105716616300306,0.0393229236019002,-21.21445108465721,87.61926947002371,173.0322070397723,-178.91995796966174,0.1641869813992324,0.0438916240584466,0.2443367640032919,0.052795889867133
C021_A18_SY15_P01_S09_02DBS,3109,599,1497.1730966323914,2.503633940856844,14.39198698209286,0.0300804454663878,2.550559345556976,339.3858337402344,7126.08797553915,1.6187626976368308,0.0274366558921496,0.0290590399338103,0.1489452211510381,0.7188682904571977,0.0121842083128338,0.0094986879077536,0.0325938776367115,4.218298466121653,43.666737889164594,164.86274543698295,-127.8584688404748,0.155986015688457,0.0370041092162682,0.2186276485765002,0.0381909980479774
C021_A18_SY15_P01_S10_01DAS,1800,599,2399.6904049129294,4.012860208884499,19.89280741435057,0.0570791386379333,3.16595455684453,1033.603126525879,57816.09710249523,1.483504552682623,0.0251441449607224,0.0152776513420399,0.0646394481288296,1.1464274819438744,0.0194309742702351,0.0104811799042493,0.0415814580204633,-44.089353592316094,132.06580667658852,179.9894108144071,-178.70342931169526,0.1677990384369626,0.0299992341303335,0.2248684035540231,0.1045130695165496
C021_A20_SY15_P01_S13_02NBS,3036,599,884.9663963212704,1.4798769169252013,9.572620335900012,0.0352592977960703,1.4329708624483135,259.5476608276367,3171.180623856475,2.381958041173739,0.0403721701893854,0.0804548035234806,0.4192881526410877,1.244409151102958,0.0210916805271687,0.0703038565112271,0.3995553106231738,47.79574873563801,106.31941182615374,176.74810647381184,-179.30068996249167,0.1356085275172965,0.0431837624813839,0.2198308981173038,0.0390854219913566
C021_A20_SY15_P07_S01_01DBS,1777,599,1354.7075692947533,2.2653972730681464,8.803928176328053,0.0184801322944281,1.5967412519172897,266.3268203735352,4436.201135004521,0.9840647325615954,0.0166790632637558,0.0103517248998459,0.049149559100584,0.6947047407769429,0.011774656623338,0.0066294715281705,0.0267823819410442,14.666862194203192,55.53046199893708,176.67883727366956,-177.78861242114303,0.1642195983845411,0.0180647425148766,0.1871874183726769,0.0981388883895393
C021_A20_SY15_P01_S05_02DBS,290,599,1774.992834911848,2.9682154429963985,21.639960928203216,0.0976514862806012,2.571203269124042,532.8971786499022,9906.490949213972,2.2315283916021635,0.037822515111901,0.0481057733971922,0.2781536181362099,0.8463576120538718,0.0143450442720995,0.0093744498588137,0.0426770620742744,42.79296551129621,61.78192107809707,174.80836905867383,-34.182277654631584,0.1740099192006966,0.0472286664254882,0.2759611802736319,0.0752795035224074
C021_A20_SY15_P01_S06_01DBS,1193,599,863.4161003898082,1.443839632758877,14.283305747773143,0.0716192688727674,1.4960844494690213,191.51443481445312,2032.40653443079,0.7673831462185697,0.0130064940037045,0.0081062352859622,0.0338188350455108,0.4712035111103671,0.0079865001883113,0.0043412017408983,0.0186948991123459,23.23999915719795,65.03795175506654,167.5562390257387,-172.93120078344086,0.1957651833803681,0.0133760091480699,0.2232738678055042,0.1472041459013233
C021_A20_SY15_P01_S06_02DAS,1872,599,1760.1695281255252,2.943427304557733,13.489410637555135,0.0261658747488359,2.212381542708258,320.68212890625,3484.85586977956,2.8123168679667674,0.047666387592657,0.0408543970965372,0.2313470929489628,1.0941537058926882,0.0185449780659777,0.0107588080326764,0.0480991944354078,0.3704475636040334,23.153378824440527,34.090950091771624,-72.20623607168642,0.2160172419682555,0.0594874994921351,0.2947145617637433,0.0617926770593173
C021_A20_SY15_P07_S06_01DAS,788,599,1558.9976690213346,2.6070195134136047,15.323161053378918,0.0534821949737954,2.334843878995961,447.8673706054688,8308.49908373354,1.6735973759542866,0.0283660572195641,0.019875683521076,0.0921849012813114,0.8787188835847233,0.014893540399741,0.0121579067392051,0.0526337408587559,5.522921279785114,31.509842443645088,49.71544910543015,-67.30638474548938,0.1477205638640993,0.0220484069827183,0.18572509959199,0.0931951563702484
C021_A20_SY15_P07_S06_02DAS,2766,599,2061.926670363083,3.44803791030616,15.792281842407585,0.0663340558280612,2.672660521288064,435.77173614501953,9330.480542227102,2.4836248180543548,0.0420953358992263,0.0292395933456679,0.162409814599974,1.2076277793996133,0.020468267447451,0.0095149744591929,0.0440459195857699,6.265518185918591,39.41677164289679,131.40631666140985,-140.71437402308322,0.0978961929406328,0.0667550669213045,0.1985692911380531,0.0077189349115562
C021_A20_SY15_P07_S06_02DBS,80,599,2088.1392572758514,3.4918716676853694,16.172776520873533,0.0466439250047374,2.539506720801208,432.8135299682617,9457.537559399583,2.3083554772055264,0.0391246691051784,0.0243923908531141,0.1153517799884597,1.2091508656151704,0.0204940824680537,0.0090271787619578,0.0373823777335409,18.377606364305223,51.071100646794825,173.4328244111728,-154.5008433101287,0.1015648044007234,0.064882555165259,0.2041825486371396,0.0162358305704555
C021_A18_SY15_P01_S08_02DBS,2609,599,1315.2318259695382,2.1993843243637765,13.587379240021578,0.0649557330884831,1.9829752248529136,554.5324249267578,10186.883622258249,1.3343725723889968,0.0226164842777796,0.0163205007529905,0.0631251946850312,0.7976235176380765,0.0135190426718318,0.0089145708108689,0.0394211831092384,10.392459285310832,44.01431295026202,147.0587693859282,-35.21485065008679,0.0979954223476079,0.0329626336115761,0.1615289251739674,0.0119907798980808
C021_A20_SY15_P07_S07_02DAS,2948,599,1345.6445878286047,2.2502417856665637,12.70568017379798,0.0524674565773241,2.1422630980360906,286.5799102783203,4125.413424126201,3.946574174311056,0.0680443823157078,0.0791093773844616,0.2993459982105114,3.191133083864792,0.0550195359287033,0.0742991728124044,0.2353648202157801,-18.252176305982488,104.36652630333376,178.545422088989,-179.99581640761429,0.1076627746012832,0.0495158165974986,0.1729481299099949,0.0051137257296051
C021_A20_SY15_P07_S07_02DBS,558,599,1699.4758578077035,2.8419328725881297,13.461517399051994,0.0612267443636088,2.5708534289741256,345.49830627441406,5265.834667706294,2.1141149512193653,0.0358324568003282,0.03899152764705,0.2323992272887882,1.5593513469193847,0.0264296838460912,0.0464920437502537,0.2264207526981696,-1.8454775274285575,30.032421245734348,40.178597931927456,-127.12155869395302,0.1185774419262594,0.0592216628225895,0.1855847057510839,0.0039549211589136
C021_A20_SY15_P07_S08_02DAS,1789,599,2021.289754849189,3.380083202088942,15.999420481965522,0.0471182808278754,2.756777405557267,511.6032447814941,9393.978161004932,1.7479592160970572,0.0296264273914755,0.0217100607276018,0.0900104854661086,1.0628584468734728,0.018014549947008,0.0126920956428908,0.0548585566255396,-3.394525849180413,16.841778370100204,22.62272390450762,-52.81376621244514,0.2098873411538482,0.0632533861534489,0.3118485679735492,0.1188334576767507
C021_A20_SY15_P07_S08_02DBS,287,599,1476.828896431575,2.469613539183233,13.455566012453136,0.018668005955933,2.317586901272419,331.9564743041992,6107.08281106092,1.4346804733887486,0.0243166181930296,0.0201919299851316,0.0826856505831902,0.8522173633516827,0.0144443620907064,0.0107644599976484,0.0390326735415396,1.982744209635672,11.536925430478757,36.48913634515799,-21.965340392075188,0.1795511580002214,0.0481517147315422,0.2623071293607704,0.1011056239411428
C021_A20_SY15_P07_S09_01DAS,1401,599,1113.8466296002684,1.862619781940248,10.132123812159207,0.0415719092266208,1.434921097530282,270.6039123535156,3180.5830680750623,2.0252251657186333,0.0343258502664175,0.0385630088502728,0.1649582056741284,1.840440655899468,0.0311939094220248,0.0499615077384707,0.1904140492619988,-6.342390288809935,30.46285253313297,36.936143900501015,-159.22129886247376,0.1305027785668618,0.0371587211824237,0.1844830086651036,0.0076515204699033
C021_A19_SY17_P07_S02_01DBS,3637,599,1473.8573111748026,2.464644333068233,23.1518368053522,0.0100808873383018,3.2026554830628213,269.2294464111328,3407.105933653272,1.2024905073748224,0.0203811950402512,0.0203631652976848,0.1314554006006557,0.7681592032923337,0.0130196475134293,0.0246468348354499,0.1640954444011799,-7.576703429715933,24.04710902772156,100.79809172043402,-41.68356609530933,0.1409860956084054,0.0260891596589022,0.1857444795407924,0.0668708094746181
C021_A20_SY15_P01_S01_01DAS,3216,599,1517.483169136314,2.537597272803202,13.426990479291549,0.0145759377857534,2.5300492872867384,328.9166946411133,6158.044394010472,1.54811514215167,0.0262392396974859,0.0214931478452973,0.1016932712982477,0.7917753352146689,0.0134199209358418,0.0093324766739128,0.0315174736826786,16.832482765330205,28.20419806075408,144.84371182216265,-57.45905384152835,0.1214711192266398,0.0449578815225544,0.1863452306345719,0.0361714869640426
C021_A20_SY15_P01_S02_01DAS,1839,599,1671.0753104010096,2.794440318396336,19.369299920057088,0.0929726848375662,2.527559894005926,460.2911758422852,11557.407248458245,1.3373210289821449,0.0226664581183414,0.0145205822011189,0.0626010076985756,0.8062534858160569,0.0136653133189162,0.0072907737628304,0.0308856112481318,-10.944671953589394,79.19234974170666,177.68779072648013,-173.68876240352856,0.1322410314517769,0.0217631675094975,0.1719791853603461,0.0754639605697572
C021_A18_SY15_P01_S10_02DAS,3043,599,1906.1216791030963,3.187494446660696,19.506570545015656,0.0247794700830587,3.740617959332192,986.9896926879884,92529.13799064604,1.9910351434695004,0.0337463583638898,0.0239466917917355,0.0912622578489448,0.8868668288724684,0.0150316411673299,0.0303958737298791,0.150152085842656,-51.37110603035684,85.45612922252181,179.667504032347,-179.62968669544802,0.1342565845724568,0.0450975396760368,0.2298197440528766,0.0402470196612643
C021_A18_SY15_P01_S10_02DBS,1362,599,1816.3327289273168,3.037345700547353,21.307113062803104,0.0045352563432167,4.043709620660389,1335.7345504760742,199656.1649905715,1.069820980476259,0.018132558991123,0.0200483564340391,0.0918413458618533,0.8402994180285381,0.0142423630174328,0.0149505936190039,0.044287167638341,5.3433446759321805,65.49038561557177,178.259086305102,-171.969310625999,0.1696639464310049,0.0177615263367351,0.2182150619170868,0.1139149789116571
C021_A20_SY15_P01_S03_02NBS,977,599,1977.6552191252097,3.3071157510455,20.883501268164903,0.0259426979395464,2.6718347233861177,329.7362289428711,3494.5181251293066,2.9533100983629583,0.050056103362084,0.0355554967496088,0.160618145291068,0.9478836782590738,0.0160658250552385,0.0087299045684116,0.034867601927944,20.031508836456727,27.88517727765168,100.9641869271414,-83.80007275775077,0.1004790348921128,0.0535401087740326,0.2347402975926962,0.0035964772884291
C021_A18_SY15_P01_S12_01NAS,817,599,615.711620293205,1.0296180941357949,13.60615323304458,0.0024932249661697,1.5015732698215296,307.37012481689453,9625.89157974913,0.9147316950072564,0.0155039270340212,0.014221254887966,0.067943795848739,0.5060535481182961,0.008577178781666,0.0157681023520116,0.0886004705276833,-13.766662604391266,71.6183322715141,172.39137504816333,-179.75054447272274,0.1388750191617953,0.0361386500383504,0.1838457488342015,0.0732270741979789
C021_A19_SY16_P01_S12_01NAS,2533,599,696.3757907508694,1.16450801128908,10.07085938565224,0.006036586969963,1.4273145646479737,100.1990737915039,528.8727762877703,1.0815314590631866,0.018647094121779,0.0184687126349825,0.0828470410240042,0.4275925002579746,0.0073722844872064,0.009299539150841,0.0541933415132659,2.077871552154969,21.5983653649266,153.38672626416633,-35.278559453796866,0.15259250803806,0.0201574775507704,0.1805140733650878,0.0721118726229421
C021_A19_SY16_P07_S03_01DAS,3221,599,932.3885284766646,1.559178141265326,29.48989069891698,0.0038837814853739,2.625937358267378,109.3408432006836,204.3013616246032,1.4277390491719584,0.0241989669351179,0.0212583583947914,0.0871557126100989,0.3356122249056985,0.0056883427950118,0.0059156630050128,0.0269818719567532,-5.602250199531769,9.24271122989646,6.954959966438256,-24.635394271110325,0.1384868470840567,0.0442871186741116,0.2192216477350765,0.0569466746252977
C021_A19_SY16_P07_S07_01DBS,1832,599,1044.7569814610292,1.747085253279313,22.34148749497787,0.0122136288933258,2.17769243593157,204.55894470214844,2087.888872354424,0.8161136905577361,0.0138324354331819,0.0162152674759886,0.0708457778182455,0.6091093008955282,0.0103238864558564,0.0218657663941371,0.1219400767881239,5.967856188870881,22.1082859674198,156.18772659442317,-22.003991990685584,0.1346575287138523,0.0469827924078459,0.1817971523206446,0.010475919079533
C021_A19_SY16_P07_S09_01DBS,3443,599,905.416915087298,1.5140751088416375,17.260488829083652,0.0153015148891696,2.0611869239295606,214.9711799621582,4047.995577717528,0.9531717632190512,0.0161554536138822,0.0173450060732599,0.0710571317055714,0.3582923857831007,0.0060727523014084,0.0063128067401201,0.0430459967599655,4.968319245590768,6.2553541153635805,18.28756385583665,-7.611025217122071,0.2495631292885311,0.0193597930305404,0.272961557768984,0.1732733596705782
C021_A19_SY16_P07_S10_01DAS,829,599,760.140572934035,1.2711380818294902,9.227370534527246,0.0108730409244269,1.710966383605912,204.94854736328136,4076.114950316328,1.7282215968294317,0.0292918914716852,0.0264979764332836,0.1086458985975771,0.3343163084092335,0.005666378108631,0.0064449142946733,0.0353668203748312,-8.99246069093027,11.335716894938413,13.806406218547336,-35.546251290743434,0.1254505230551553,0.0392588780749959,0.1889430502809775,0.060359247447421
C021_A18_SY15_P01_S11_01DBS,1168,599,1603.9793246875392,2.6822396733905363,29.082168008212648,0.014811694832036,3.1286780913827,778.6512222290039,16041.309564751413,2.0604607899693907,0.0349230642367693,0.0211987783686152,0.0807726651149906,0.8101304295106304,0.0137310242289937,0.0136873375532899,0.0496549345942879,-6.734870980600063,31.340665930339544,48.64682225291196,-165.9340086320256,0.1565453911730123,0.0466802039353359,0.2256407381402196,0.0375348488442072
C021_A19_SY17_P01_S01_01DAS,1562,599,2146.2636098258854,3.589069581648634,22.313935601392647,0.0085627778001258,3.761663254402551,305.3301315307617,2039.333772549314,2.267889730023452,0.0384388089834483,0.0284160814860029,0.1219817286115499,0.9892817859563228,0.0167674878975647,0.0158440094389177,0.0866614743920485,38.689011382586855,66.75589266328925,162.44072629485473,-139.44554217173817,0.142456686791208,0.0350756240515496,0.222265902929912,0.0896149911236131
C021_A19_SY17_P01_S02_01DBS,3120,599,922.2234320149996,1.542179652198996,11.775759965493888,0.012285182646585,1.942653604216172,161.4819793701172,840.6344539230181,1.1544574176167035,0.0245629237790788,0.0263101615051085,0.1872578248404689,0.7849995888242942,0.0167021189111551,0.02279798460884,0.0980847564665746,-20.29973024445352,31.82515468740425,49.44628884713977,-118.5708735651353,0.0906454427940461,0.0259082489925557,0.1442558353828534,0.0275021766472258
C021_A19_SY17_P07_S01_01DBS,805,599,1272.3668404259151,2.1277037465316315,53.39065422299632,0.0184228378526367,3.915357173196744,378.6416473388672,4094.27169743162,0.6984469554722438,0.0118380839910549,0.017037102768587,0.0755197006190044,0.4860833005101661,0.0082387000086468,0.0149674269701883,0.0902547917566913,56.87428869710751,74.84466338855674,149.30930598399405,-163.458243705566,0.1168062226060404,0.0348691122371615,0.1898351963347672,0.0822948236203971
C021_A20_SY15_P07_S09_02DBS,949,599,1479.6121622365574,2.474267829827021,32.12172212981232,0.0240818934889145,2.882540327114213,353.9005432128906,6557.215977571784,1.9856459051587665,0.033655015341674,0.0276778654607071,0.1365159634340164,0.7743261410978544,0.0131241718830144,0.0124474680222939,0.0587286560103843,10.152451523241613,49.93173515064843,173.57816809083883,-140.3820285870301,0.1941861659786693,0.0880323768168969,0.345910641991098,0.0350361720570373
C021_A20_SY15_P07_S10_01DBS,1331,599,1766.314802565308,2.953703683219579,17.50269972765156,0.0430621302897468,2.716398752647788,482.5977783203125,10837.038893277191,1.8719188672181488,0.0317274384274262,0.0258995005113134,0.1274898615287049,0.9179686488377982,0.0155587906582677,0.0094715685673516,0.0359760143583092,-2.263137831917718,46.90167736931773,126.86830001654646,-174.61672247135343,0.1598113651904867,0.0614745150535246,0.2508454223593849,0.0619767247810624
C021_A18_SY15_P01_S07_02DBS,3054,599,1359.25580005006,2.273003010117157,16.150835228393067,0.020765530127846,2.487413590895933,468.33534240722656,8977.361198058063,1.3458648720216262,0.0232045667589935,0.0247376339767795,0.1358094942702198,0.607191494517659,0.0104688188709941,0.0099610374135821,0.035417563341013,-12.60054623044766,56.81302926415678,176.00052617201771,-179.50177507128296,0.1469917130376904,0.0281905030435408,0.1924160864633243,0.0300412855284039
C021_A18_SY15_P01_S08_02DAS,234,599,1629.5739114135934,2.7250399856414638,20.09461188746511,0.0099297676270776,2.9917753611463755,658.5649566650391,15049.84518925914,1.615536554245068,0.0273819754956791,0.0218204752942229,0.0822875520369601,0.9226411826870726,0.0156379861472385,0.0145652074121592,0.0577304742833029,-5.531623710345335,40.48682192077392,136.192077443116,-156.95712969638748,0.1593632193419322,0.043958635856292,0.2297886933699369,0.0204037371640338
C021_A20_SY15_P07_S02_02DBS,1440,599,1052.8786106407888,1.760666572977906,10.030288454180017,0.0194092576607151,1.5668824540825872,252.9398498535156,2011.1920510943005,1.061356386912806,0.0179890913036068,0.0111148061032999,0.0538349025383695,0.5365628626056415,0.0090942858068752,0.0067643087293803,0.0238312225822449,23.741132913611864,55.76862324248162,170.50537349866855,-177.1943062237035,0.1048141798178088,0.058194999343163,0.1923885865755108,0.0166569254258769
C021_A20_SY15_P07_S03_01DAS,3591,599,1665.55810347843,2.785214219863594,10.325153020130202,0.0484783351375828,1.9339815177175692,331.7812805175781,8229.034076015283,1.2845692948599778,0.0217723609298301,0.0143195814680862,0.0666953168914413,0.988851627400164,0.016760197074579,0.0116126329875652,0.0562921278154303,-9.4402131373119,34.20863450960522,44.58678665684268,-64.85986262436667,0.1962895077046928,0.0250487393156985,0.2443142630149148,0.1257394958747993
C021_A18_SY15_P01_S06_01DBS,1421,599,696.6577527102039,1.164979519582281,12.505034212261764,0.0252649067350953,1.6041183380136597,136.40443420410156,1037.1450011327718,0.992959150598233,0.0168298161118344,0.0275197141480895,0.1333293273271518,0.2668497935788547,0.0045228778572687,0.0033674241167203,0.017339090278685,60.24460147505975,94.42780405263288,179.68778434771173,-179.23763969793112,0.1374307177881314,0.0484021514166246,0.2165732552880664,0.0788993746389607
C021_A18_SY15_P01_S06_02DAS,3049,599,973.0938599124512,1.62724725737868,9.071065966700184,0.0229150753988241,1.5268433522757392,214.54788970947263,1752.1095178601083,2.467733390918929,0.041825989676592,0.0450417033859723,0.2384363960765566,0.6583688974082748,0.0111587948713266,0.0095566760179269,0.0321723450651319,0.9495485945557136,23.698030407846357,29.970146998514675,-94.13279352001804,0.1744719281708301,0.0919259404662579,0.3094593568806288,0.0286137484988589
C021_A18_SY15_P01_S07_01DBS,100,599,1278.801904731267,2.138464723630883,19.07448972431525,0.0165465227923492,2.429666326160578,498.823471069336,9026.176484630432,1.1307995642980369,0.0191660943101362,0.0137372250369208,0.0662675462425773,0.6684821641847044,0.0113302061726221,0.0080878913034627,0.0289465794472884,8.826554636456347,58.04645213654057,172.2391371190243,-169.10580634323162,0.1501373260899565,0.0189874137521988,0.1891522730116005,0.1082009020572073
C021_A18_SY15_P01_S07_02DAS,1080,599,1629.5739114135934,2.7250399856414638,20.09461188746511,0.0099297676270776,2.9917753611463755,658.5649566650391,15049.84518925914,1.615536554245068,0.0273819754956791,0.0218204752942229,0.0822875520369601,0.9226411826870726,0.0156379861472385,0.0145652074121592,0.0577304742833029,-5.531623710345335,40.48682192077392,136.192077443116,-156.95712969638748,0.1593632193419322,0.043958635856292,0.2297886933699369,0.0204037371640338
C021_A20_SY16_P01_S03_02NAS,1455,599,906.6799671607264,1.516187236054726,10.933435299145742,0.0488574226222323,1.1941722591082258,134.82806396484375,703.7778512624288,4.245815814634494,0.073203720941974,0.0705064317262728,0.2559858445031561,0.6594755588174429,0.0113702682554731,0.0082658676633192,0.047496032342446,-4.16096441197362,52.08500920049079,177.84220398771188,-76.84336082662,0.108217327144008,0.0462115621095708,0.1671655631216287,0.0175978874158399
C021_A20_SY16_P01_S05_02DAS,3091,599,663.921053006944,1.1102358745935526,7.315292081833577,0.0118053756214454,1.2159236789694634,155.40308380126953,757.7294092964502,0.7086061080732807,0.0120102730181911,0.0113937072292281,0.0480777870006626,0.3866474318967722,0.0065533463033351,0.0057880708820106,0.0279169797459515,-1.5081288452252726,15.298033782513071,56.45760245428259,-30.70545929113828,0.1566399270992682,0.0162838676394943,0.1822581630891982,0.0868341476285015
C021_A20_SY16_P01_S05_02DBS,2445,599,826.1765770187097,1.381566182305534,6.768976076112609,0.0055811771786548,1.257716134127229,207.98558044433597,2210.6038955644462,0.7970095452433831,0.0135086363600573,0.0170754251383851,0.1081440799206895,0.9426047963604098,0.0159763524806849,0.0422703627885704,0.2482038709117566,11.124211183714149,18.952117323797196,81.58681843761472,-18.35880761328438,0.2013987984592837,0.0209304389181489,0.2246871935027528,0.068332361928619
C021_A20_SY16_P01_S07_02DAS,3169,599,519.5425344838541,0.8688002248893875,6.531146048173177,0.0220771108132507,0.8449298487263517,139.9652557373047,635.422096193941,0.929122576687089,0.015747840282832,0.0161895487468953,0.0713885973554616,0.3124862722317482,0.0052963774954533,0.0059382745461342,0.0290535080933317,-10.61067467151013,14.04068719049044,20.34765954680549,-30.073049506071268,0.1620653725963838,0.021924952297436,0.1840890841893551,0.0832533318574731
C021_A19_SY16_P01_S03_01NBS,3664,599,889.8154517641835,1.487985705291278,10.34190079722194,0.0335395481422451,1.5662442589412768,151.30689239501953,727.803768299532,1.7864204886586177,0.0302783133670952,0.0307981023447389,0.1585498310234745,0.4756022682715363,0.0080610553944328,0.0049375049526964,0.0249378946778471,14.84423350828415,14.118103277859063,33.31820697199247,-30.527176272511724,0.110723747115099,0.0600862568589327,0.2016120123621068,0.006491762332171
C021_A19_SY16_P01_S06_01DAS,325,599,2233.999942685889,3.735785857334261,45.16649296426887,0.0352466302321642,5.58628677463925,563.9593887329102,24832.318189080142,2.1182591456010025,0.0359026973830678,0.0250877467343818,0.1103987217234264,0.7750059088952876,0.0131356933711065,0.0146826516175337,0.0792283952305725,-24.624541533683058,44.11817865907943,37.503759936717046,-152.74576491566296,0.2209075192665101,0.0441258836850531,0.3048346801680007,0.1228459037234437
C021_A19_SY16_P01_S06_01DBS,672,599,1145.8417057436714,1.9161232537519568,13.419431291275057,0.0354783252623806,1.9408015658978763,199.34689331054688,1399.0102270628688,0.9082504064898816,0.0153940746862691,0.0098654035872798,0.0478215404552032,0.630537913441864,0.0106870832786756,0.0089642579483617,0.0364081081712972,4.263223770877458,56.96265819833288,171.423895090229,-176.1463689620463,0.2105951364582824,0.0126079887507556,0.2332117380514593,0.1853013223409806
C021_A19_SY16_P01_S08_01DBS,2204,599,1110.751679597912,1.8574442802640656,7.610354549034004,0.0500810403205876,1.5366525513470344,184.8744354248047,1395.1203551965757,1.1888594781373552,0.0201501606463958,0.0210132308930868,0.1069248645986016,0.8833026118887858,0.0149712307099794,0.0165543486511266,0.0975633414619972,14.78452954906269,31.668209066980992,135.05592750010638,-32.107778992092314,0.1140862936710684,0.0172804024051116,0.1427421321944464,0.0233536824589863
C021_A19_SY16_P01_S09_01DAS,1585,599,2536.0789574837377,4.240934711511264,37.98663892421048,0.012473189763965,5.829627589263175,398.1198501586914,7245.117324647284,2.1691127889965887,0.036764623542315,0.0332319891207954,0.1843326407670342,0.7621999733537679,0.0129186436161655,0.0130084576763434,0.0459189849529928,-28.34322077952494,84.84317800974873,177.18619944090727,-172.90100464944717,0.192895633989807,0.0382754796519093,0.2393209718555263,0.0474442195365956
C021_A19_SY16_P01_S10_01DBS,2860,599,2464.788752588493,4.121720322054336,30.25726154245956,0.0353262033514056,4.456237726379929,282.76892852783203,2220.4646427581724,2.350544159156701,0.0398397315111305,0.0311807385499566,0.1132853765235454,0.7644014311437389,0.0129559564600633,0.0108869665892206,0.0384450503655778,1.4026664209122983,20.0100186524948,44.06412894976286,-60.71471659562039,0.1792366685306057,0.0421978969548634,0.242093922306684,0.0837513715858806
C021_A20_SY16_P01_S08_02DAS,1836,599,519.5425344838541,0.8688002248893875,6.531146048173177,0.0220771108132507,0.8449298487263517,139.9652557373047,635.422096193941,0.929122576687089,0.015747840282832,0.0161895487468953,0.0713885973554616,0.3124862722317482,0.0052963774954533,0.0059382745461342,0.0290535080933317,-10.61067467151013,14.04068719049044,20.34765954680549,-30.073049506071268,0.1620653725963838,0.021924952297436,0.1840890841893551,0.0832533318574731
C021_A20_SY16_P01_S10_02DAS,60,599,901.9889972293096,1.508342804731287,16.0252798492141,0.0071933660463151,1.9434472275848935,315.4964294433594,9535.31247132331,0.6361442044267082,0.0107821051597747,0.0072510675253494,0.0310418390202967,0.4046421952897414,0.0068583422930464,0.0074307203261783,0.0390691014668987,-35.61199859424723,39.538247157013465,12.025196158551948,-143.63710616732075,0.1591442027760244,0.0107537903734342,0.1780342234257139,0.1331924549184501
C021_A20_SY16_P01_S11_02DAS,2621,599,479.4042267389926,0.8016793089280806,10.129404664339104,0.0055048553242114,0.9147531313700886,122.31029510498048,897.8236433577314,1.0200416080008947,0.0172888408135744,0.0211357409254688,0.11243404591607,0.8308298041476982,0.0140818610872491,0.0316543354903956,0.1378255691883143,-6.09895483644737,25.51720291232016,21.4823036516724,-145.31302120190426,0.1312685127791963,0.0180396240518921,0.1507435281564907,0.0212289070896645
C021_A20_SY16_P01_S12_02NBS,791,599,563.1395687428534,0.9417049644529324,8.38481634994388,0.0143296197176066,1.0936802859474346,99.1415786743164,359.59081900866164,2.653163011288985,0.04574418984981,0.080534455856541,0.3687760045040039,2.336358249342292,0.0402820387817636,0.0979417893362528,0.4319590331989903,-7.0469462676961925,81.50782067535803,166.4116859894483,-166.70631366120037,0.1569952938197427,0.0648236102586123,0.2547264317836158,0.0187960141116436
C021_A18_SY15_P01_S04_02DAS,2848,599,2267.684534924339,3.792114606896885,23.23755508820685,0.0130419093664603,3.976677913994618,755.9206390380859,27922.297867577618,1.9335235956230528,0.0327715863664924,0.0286349532999368,0.1598927404765889,1.049411311140967,0.0177866323922197,0.0135209102231383,0.0483369205257542,-4.120468365894092,86.03221240097149,178.2994687461414,-175.9969476019656,0.1483422664120921,0.0501128655556852,0.2329533983819787,0.0255904182339679
C021_A18_SY15_P01_S05_01DAS,2628,599,1573.7966908339267,2.631767041528307,19.64439106741703,0.0114517008598904,2.6548704666317056,493.7532043457031,15875.282809067196,1.86149126316583,0.031550699375692,0.0264696708557137,0.153235338011143,0.8760700513455739,0.0148486449380605,0.0101792142668157,0.0362935403845316,-0.5728642773845745,29.279170510376023,93.6424562726925,-91.60866659091371,0.1274510292507117,0.0572931873867696,0.2018237578767647,0.0214087040800328
C021_A18_SY15_P01_S05_01DBS,2578,599,1738.3836657111667,2.906996096506966,21.316157202125822,0.0900848696364975,2.8179118159939573,491.0487594604492,11673.08142258204,2.121788736759108,0.0359625209620187,0.0459119131663162,0.2528463772427676,0.8654420351287722,0.0146685090699791,0.0123614539176336,0.0438694928606623,19.483809106233927,54.77226604632099,178.07020767819313,-169.73279272785845,0.1821368340644176,0.0537557458928022,0.277723194380792,0.0687144359753867
C021_A19_SY15_P07_S07_02DAS,3725,599,1912.0628997055896,3.197429598169879,22.53560561542351,0.0880821908653051,2.4965059907904994,293.8190460205078,5256.401394909405,3.0822486344671267,0.0531422178356401,0.0592782961681045,0.2339718618979462,3.07569247318446,0.0530291805721458,0.0668897198576342,0.2951973235441479,-4.894055528383323,68.76602253457095,177.81125872053642,-168.0687268811849,0.1180423140023423,0.0353517035698328,0.1569843831797638,0.0149420199777605
C021_A19_SY15_P07_S08_02DBS,2236,599,1855.27095103858,3.102459784345452,18.16283289944846,0.0261050188835501,2.488967904879075,346.8231811523437,8322.03403573314,1.626390259689466,0.0275659366049062,0.0184522271699096,0.1021875864075315,0.9256308704101334,0.0156886588205107,0.0098697588924731,0.0379005095494106,1.0788338558925326,41.76278668296226,164.4460643244725,-173.5774389360533,0.2119517473553051,0.0271595953026539,0.2546387610211332,0.106729142367515
C021_A18_SY15_P01_S13_01NAS,2157,599,478.0164653099943,0.7993586376421311,8.372572413492792,0.0021218497016364,1.0348782391628022,216.64470672607425,2444.4278735493613,1.7553009188541462,0.0297508630314262,0.0276122091349044,0.1158782191023047,0.3886612591942163,0.0065874789693934,0.004093131983665,0.0163619381421816,-63.53391828625409,104.49751832987418,178.36894272998308,-177.06047258891903,0.1488443452518913,0.0427040304045733,0.2199175608674212,0.0511576613351384
C021_A18_SY15_P01_S13_01NBS,2810,599,597.5983216823985,0.9993282971277564,34.08714668852137,0.0069481796991,2.449439222694669,143.95995330810547,1636.855514427554,1.0761477825163004,0.018239792924005,0.0243529401824543,0.0999421082829109,0.2208620375246121,0.0037434243648239,0.0034682907062576,0.0165515156063252,73.32496633739927,44.92287295012108,174.67961641623933,0.4091162926366135,0.1847034006281166,0.0574708321343898,0.2636474344767569,0.1166333493800177
C021_A20_SY16_P01_S01_02DBS,1696,599,612.0026030961859,1.0234157242411142,10.804153191574605,0.0116956428363005,1.4886417888303316,192.08301544189453,2453.0516022225443,0.7228886733299776,0.0122523503954233,0.0155834058294396,0.0788149990808476,0.4398794992656772,0.0074555847333165,0.0082021886985459,0.0287595039198239,26.130988818536885,17.35979150733209,66.05138258194222,-6.943799767796459,0.1178367573777122,0.0557978402831008,0.1782278228478128,0.0368387007873549
C021_A18_SY15_P01_S05_02DAS,2856,599,1621.5796069176863,2.711671583474393,16.0133979926665,0.0690592467564799,3.0245695825477186,511.2567443847656,12430.413584050197,2.417163216291291,0.0409688680727337,0.0444599274261891,0.1787245919205229,0.8463803072499203,0.0143454289364393,0.009636599235837,0.0374641108665549,1.0354642796219728,36.27210147137714,114.77142054017648,-116.707553982384,0.1237891370585616,0.063449496595569,0.2390727090433577,0.0157115025605398
C021_A20_SY16_P07_S06_01DBS,97,599,851.056976154071,1.4231722009265424,9.838996725463158,0.0168426621498036,1.3214496609377309,194.9331817626953,2096.532708981173,1.2842712238029528,0.0217673088780161,0.0195378843236301,0.1051597381091415,0.4390558220318942,0.0074416241022354,0.008156226150548,0.03815222222654,19.39162769827381,28.607498704742746,63.90960619348469,-39.27729765103189,0.1324274955340676,0.0262178921423712,0.1675578961764103,0.0792176069097364
C021_A20_SY16_P07_S07_01DBS,1333,599,251.8357274107509,0.4211299789477439,3.795670657718568,0.0011536290387839,0.5458652368129026,80.19866943359375,395.1690339888552,0.2384380075754306,0.0040413221622954,0.0031628619554329,0.0156097825807685,0.161456058932642,0.0027365433717396,0.0032509113045362,0.0196143794801832,12.46013659156697,12.023641968165984,35.517139539232296,-2.5759489280571444,0.1614346516128721,0.0045236852538383,0.1688879266322773,0.1512454769676963
C021_A20_SY16_P07_S08_01DAS,1915,599,1306.750162949611,2.185200941387309,7.657071191751585,0.0573168139126678,1.6594772987224014,285.4339256286621,2428.539182555297,1.3514360049143326,0.022905694998548,0.0149617400517041,0.0597830622559221,1.1100215866572594,0.0188139251975806,0.0139342121061765,0.0539381739209081,-14.685855229142128,27.657517258212845,48.621431995269845,-72.94720089756395,0.2319939095692609,0.0204552773578403,0.2565852925089155,0.1477117647164229
C021_A18_SY15_P01_S03_01NAS,569,599,1104.818789730944,1.8475230597507413,24.90061382912546,0.0187608967846628,2.9355795857595184,177.07696533203125,1774.749215697237,3.425011545681625,0.0580510431471461,0.0665124533743486,0.3359713814297743,1.113934755850698,0.0188802500991643,0.0478457065782923,0.2077474515067881,-24.138443913262662,55.13094249223296,145.08264042287323,-177.8780779999242,0.0972175855160189,0.042222841680874,0.2577018995104128,0.0583817701874008
C021_A18_SY15_P01_S03_01NBS,2298,599,1198.046877907643,2.0034228727552548,28.93998638291517,0.0319498638969904,2.2859377890769483,330.27754974365234,2854.753590120405,1.660828841936971,0.0281496413887622,0.0291070392157669,0.1423060546451952,0.5544652889833835,0.0093977167624302,0.0086209673258856,0.030531655557276,27.26936777329271,35.80694064641927,158.98953829632325,-16.697755425386838,0.1578494447935855,0.0377625680069268,0.216371734701096,0.0522563133381484
C021_A18_SY15_P01_S04_01DAS,428,599,2707.9583455708475,4.528358437409437,24.99655959620673,0.0148262987951786,4.600095455203641,603.7188873291016,17726.20119237632,2.080061397448039,0.0352552779228481,0.0227037166752196,0.1038582209617606,1.1851154132840631,0.0200867019200688,0.0130292469542594,0.0454664124971083,-2.259494498781472,64.97317495965477,179.7487668228438,-173.8894658105961,0.1657960906209682,0.0362377935391592,0.2294382813875025,0.0992876926016143
C021_A20_SY16_P07_S09_01DBS,3748,599,969.705939448369,1.621581838542422,10.896382245474843,0.0168108648990524,1.635408246175852,279.2602996826172,2759.466838266385,0.743766623411957,0.0126062139561348,0.0107584279843179,0.0471622529529394,0.6347042801282224,0.0107576996631902,0.0098180742055902,0.0391667231245253,-3.126738747558522,24.6281246992006,35.987508227892995,-49.90504088284246,0.2428717001678788,0.0224314752342694,0.2684373268108875,0.1661651432293329
C021_A20_SY16_P07_S10_01DAS,2180,599,387.8150805309002,0.6485202015566882,4.500063549407827,0.0021288608406193,0.6656214201449219,143.39761352539062,624.1587503314005,0.9161069425692993,0.0155272363147338,0.0207915649981581,0.1063559901879832,0.2265166135309576,0.0038392646361179,0.0042951412634806,0.0220204285250312,-12.732518034523473,11.8134792637974,4.982629475670699,-53.26334460297928,0.1221711681838076,0.0518081506472381,0.1726428474174,0.0241849486508856
C021_A20_SY16_P07_S10_01DBS,2096,599,535.802012581809,0.8959899875949993,17.424196277032998,0.0047488185533228,1.2166405196273624,153.92858123779297,1498.8046657208286,0.7245948742317551,0.0122812690547755,0.0226378856955605,0.148945806460151,0.3456986966944588,0.0058592999439738,0.0060727068203226,0.0269933300978574,-4.8862994889439495,12.39882633612633,13.991800321643472,-45.717869341734485,0.1318796945433827,0.0725043543279025,0.2097515317501671,0.0251126687312044
C021_A19_SY15_P01_S09_01DAS,2023,599,2930.509678494643,4.900517857014451,36.41759531601048,0.1987006508638099,4.354842508991292,366.9953384399414,5287.976417505837,2.157388949902544,0.0365659144051278,0.0295989232272929,0.1919471226970634,1.0082519931806375,0.0170890168335701,0.0086141186885541,0.0471435148130708,-28.60661025413056,93.68332594124864,178.61663376636724,-176.62665906500322,0.1876829635638738,0.0397673676524504,0.2495083367237652,0.0389041121106556
C021_A19_SY15_P01_S10_01DBS,1276,599,3029.4276139668336,5.065932464827486,52.68615787057743,0.1165905090984296,5.054522185387138,841.4276351928711,46451.6158244496,2.2296646478537525,0.0377909262348093,0.0245994791942435,0.1281463329967277,1.1274826553574098,0.0191098755145323,0.0123881175457812,0.0533861324256678,29.17425298334255,71.36631615153505,175.37251642237226,-172.152646967688,0.1857819563126704,0.031580672070885,0.2563572116537153,0.0914894079903329
C021_A18_SY15_P07_S01_03DBS,2417,599,606.9485518960747,1.014964133605475,5.259452629572714,0.0074109976516524,1.0176944963202614,177.86666107177734,1404.4624635719838,0.4678842691888474,0.0079302418506584,0.0104300191375798,0.0687402167683365,0.2818280169050128,0.0047767460492375,0.0045554109048437,0.0211331591593002,28.156125368194814,16.873607034705895,62.319072383408944,-15.503903469330282,0.1331099418287902,0.0385895260523385,0.1817779502355071,0.0784916754260686
C021_A18_SY15_P07_S02_02DBS,1698,599,815.827732498846,1.3642604222388737,6.966804817285147,0.0119560377773148,1.2250084640188663,183.74351501464844,1092.6334575016406,0.894871000258748,0.0151673050891313,0.0132716961222902,0.0876386723003256,0.3925517947775171,0.0066534202504663,0.0061472603253629,0.0227757984741631,-4.923656848127925,51.33711171235452,177.95038867236397,-178.7813782251498,0.1381608560297281,0.0415174692483752,0.1838013281906907,0.0497427034848704
C021_A18_SY15_P07_S02_03DBS,911,599,814.2371460636219,1.3616005787017107,10.99708355883434,0.0113659543584395,1.5062334921960088,218.98724365234372,1234.2975290369116,0.8787683827492798,0.0148943793686318,0.0150590851517827,0.0819750141115249,0.3970726006052785,0.0067300440780555,0.0065739821961393,0.0244313529671613,18.694674869424407,46.93005912882816,163.1682563508808,-82.50678663051805,0.1278450761912991,0.0492824316882278,0.1830817338040868,0.0030654672545587
C021_A19_SY15_P01_S13_01NBS,2242,599,1733.2089062380255,2.898342652571951,35.05013715001983,0.0430143511262147,3.4445176502458965,363.2519836425781,5371.70702180984,1.0841123904806182,0.0183747862793325,0.0177560958740297,0.0673919055612685,0.4924935940200966,0.008347349051188,0.0053270941677395,0.0213051642654363,57.322487346148,59.81660901841354,179.61075423992915,-132.6302043376141,0.1724137969125687,0.0307915156510119,0.2669495608750304,0.1248668871600025
C021_A18_SY15_P07_S08_01DAS,1547,599,1824.9717131351292,3.051792162433324,17.501855806640844,0.0324462793391825,3.0092943211847203,484.7828140258789,7330.434708748532,1.8820252642134336,0.0318987332917531,0.0206463468030233,0.0920072095878148,1.0306681398346411,0.017468951522621,0.012938202085392,0.0487013955239586,-32.8780492543833,31.47762756227927,27.78217565543667,-138.74214048415303,0.2073148834443742,0.0676417205669458,0.3137897824945063,0.0936324031352111
C021_A18_SY15_P07_S08_01DBS,3093,599,1659.2581512040897,2.7746791826155355,16.999929793761662,0.0191360850204901,2.7982601456133347,322.4128952026367,5569.190680113687,1.6247737278487666,0.0275385377601485,0.0175313791202914,0.0804589044566736,0.9465815639379592,0.0160437553209823,0.0101854041061929,0.0359156649432834,10.346377342989337,48.53695866207732,175.41944214598925,-153.0563530305979,0.2003467195739124,0.0425580121127683,0.2617963491830627,0.1123350415844988
C021_A18_SY15_P07_S08_02DBS,2711,599,686.5658201841419,1.1481033782343515,15.480253427588076,0.0097854442944265,1.9960510194994956,327.23609924316406,3100.3623112679184,0.6940323275167826,0.01176325978842,0.0173270736913996,0.0773042336934161,0.4029772376013049,0.0068301226712085,0.0094473234114336,0.035247350133203,2.5853152600863734,45.19394522966241,174.87734960870753,-179.12468015192675,0.2101158608237996,0.0182607071761092,0.2548556093464889,0.163995716684986
C021_A19_SY15_P01_S01_01DAS,1635,599,2449.6643991938818,4.09642876119378,27.65391590545272,0.1290068290463811,3.3803575258429768,400.6470489501953,7254.730501907525,1.983282629814868,0.0336149598273706,0.0178056414878534,0.0955297957343248,1.013234334859282,0.0171734633026996,0.0091664901375609,0.060161874828021,7.017294207866678,29.286480572343866,122.8063830695046,-68.05622023709365,0.1512096915877833,0.0252979397220855,0.1940615334850601,0.0859457808037359
C021_A19_SY15_P01_S02_01DAS,3579,599,1788.0638510461692,2.990073329508645,11.36680233030812,0.182324524473364,2.0551451738149744,425.6732177734375,7419.959790106174,1.53928633713468,0.0260895989344861,0.0195279569946521,0.1234308117462249,0.8582990217631855,0.0145474410468336,0.0071011379253217,0.0312686329635037,-18.588731128003293,94.9282541052371,179.77173048852305,-176.34638776913448,0.1412084177704979,0.0192806469481567,0.1718588906977839,0.0556853039384985
C021_A18_SY15_P07_S03_03DAS,1395,599,740.9980986836053,1.239127255323754,9.447121877690767,0.02528361664018,1.585221856488569,223.48785400390625,1344.442790380018,1.567387973594495,0.0265658978575338,0.0288719725008453,0.1265791317744614,0.3786982444128112,0.0064186143120815,0.0074736071098735,0.0427302611068384,-11.965848870108491,25.138283100546435,19.689666617326505,-93.3880443800294,0.1864288717582783,0.0375806882530871,0.2425879611257703,0.1075511753332922
C021_A18_SY15_P07_S03_03DBS,2992,599,1542.831026025558,2.579984993353773,13.749676466415115,0.0123142871043837,2.376695927883952,337.2318878173828,3703.893956444692,1.902402319575152,0.0322441071114432,0.0261153760005789,0.0915581486918354,0.914554767006975,0.0155009282543555,0.0122154002085778,0.0424933624007942,5.429023491513118,18.727936279876623,44.88598645211795,-42.98120632957978,0.2070918705577103,0.0379077362389427,0.2716106333048287,0.0848410651307915
C021_A18_SY15_P07_S06_01DAS,153,599,1728.480760633653,2.890436054571324,17.984611661177095,0.0207308395350606,3.138819733892081,441.5000991821289,10433.38735432275,1.500269047291113,0.0254282889371375,0.0187588991951661,0.0735182445687314,0.973352369361131,0.0164974977857818,0.0120925905181789,0.0482327225906,21.593650899024517,23.05097895190437,84.54722556194166,-37.03824750877566,0.11728211134432,0.0555061408112604,0.1953306255025854,0.0312103419439619
C021_A18_SY15_P07_S06_02DAS,2976,599,1133.6303564579623,1.8957029372206724,17.028587345178032,0.0024314797781022,2.7962922165531445,405.98577880859375,5578.339961376501,1.1079240495525078,0.0187783737212289,0.0198107328082371,0.0680192492763218,0.5690313813186938,0.0096445996833676,0.0121051990265331,0.0497632825469863,7.889100526888364,19.103008164337588,89.87536106142892,-51.64504684823345,0.115001227967411,0.0490803706289016,0.1995809846767607,0.0702275531307374
C021_A18_SY15_P07_S06_03DAS,3332,599,2079.9202490499624,3.47812750677251,20.128782816163653,0.0379648607130157,3.350493742373032,434.1216812133789,11666.075779860312,1.936690532413771,0.0328252632612503,0.021020630224084,0.0860173947788836,1.1456446641335485,0.019417706171755,0.0123643031485834,0.0512412473942215,3.4937221342734053,40.09992678045736,134.59502006277995,-119.16089793325052,0.1567688986980966,0.0308427352412765,0.1983649228186026,0.0752698598540285
C021_A19_SY15_P01_S05_01DAS,2905,599,104.3106861294758,0.1744325855007956,1.896359401304087,0.0053742139596386,0.2346092815009431,7.4314422607421875,0.5557066778608613,2.402952701216588,0.0407280118850269,0.022243628074344,0.1356774131269575,1.6375418774743928,0.0277549470758371,0.0411129703869766,0.1760884618553979,11.880411931483753,58.91466047262164,174.36166567220596,-139.94143989367907,0.1681958593319442,0.0376845269261716,0.2223338338319518,0.0064983800740191
C021_A19_SY15_P01_S06_01DAS,3098,599,3888.758576339204,6.502940763109034,45.17908089382576,0.0529346201813477,6.630999807803387,646.081859588623,26479.813280033213,2.7653960187533446,0.046871118961921,0.0316896213529684,0.1464817170232305,1.317004508426003,0.0223221103123051,0.0156372708504498,0.0827665345314096,-31.307550595416025,46.705899777853936,48.22487915835799,-119.9970514312822,0.2421224857780564,0.0486387107185962,0.3177409259379272,0.0848097298395217
C021_A19_SY15_P01_S07_01DAS,2292,599,2932.55227747272,4.903933574369093,29.46708798470544,0.1596641489032803,3.7839229154054816,810.284782409668,19987.727661175857,2.3037141825912446,0.0397192100446766,0.025431852623754,0.1104976456052064,1.4746124775922334,0.025424353061935,0.0138182128287776,0.0646608896274533,24.57080256729095,61.22732398882105,167.6609098409588,-63.25558447359772,0.1761916930174458,0.0344979867578256,0.2344461386730589,0.0539634183929882
C021_A19_SY15_P01_S07_01DBS,2980,599,2579.54431409295,4.313619254336032,21.76031918423886,0.1362868332564369,3.442990743748022,864.596061706543,29789.92597547696,2.1078741091384767,0.0357266798159063,0.0299447312286196,0.2171235216542635,1.3523855906915776,0.0229217896727386,0.0103768239020978,0.0440989567661362,14.740227400115431,81.81013706003263,175.26486632437027,-172.68147024770906,0.1598619840175829,0.0273726613966833,0.200883513464726,0.0215769271665688
C021_A19_SY15_P01_S08_01DAS,2088,599,2932.55227747272,4.903933574369093,29.46708798470544,0.1596641489032803,3.7839229154054816,810.284782409668,19987.727661175857,2.3037141825912446,0.0397192100446766,0.025431852623754,0.1104976456052064,1.4746124775922334,0.025424353061935,0.0138182128287776,0.0646608896274533,24.57080256729095,61.22732398882105,167.6609098409588,-63.25558447359772,0.1761916930174458,0.0344979867578256,0.2344461386730589,0.0539634183929882
C021_A20_SY16_P07_S03_01DBS,3470,599,604.14786207839,1.0102807058167056,14.036949116794757,0.0117428551551969,1.3851456358113203,228.7484359741211,1385.2549900643976,0.7684639235489554,0.0130248122635416,0.0125312828491797,0.070884468686889,0.4170730839326414,0.0070690353208922,0.0093922061019149,0.0479174815615829,-5.068973963264762,20.282049138018827,44.52834258030581,-46.30244281645568,0.2009531039773857,0.0169250930482244,0.2260686486632168,0.1187683085004376
C021_A18_SY17_P07_S02_02DBS,1198,599,453.1425181286101,0.7577634082418228,7.056068006323903,0.0116078874737583,1.026723627834365,173.66038513183594,3304.8356979029863,0.7364485033020539,0.0126973879879664,0.0178891932773084,0.0823501764921273,0.3824422943524728,0.0065938326612495,0.0130434135066351,0.0675151507671446,-4.376433866838905,23.39932879053656,29.407532767064875,-48.43905825070994,0.1308946519956523,0.0300456121611919,0.1799710870892079,0.0470772703355458
C021_A18_SY15_P01_S01_01DAS,1075,599,210.10430794627385,0.3513449965656753,2.0169621493889043,0.0035658585377472,0.4644578132346455,9.141143798828123,2.331507582111547,1.1649648050415644,0.0197451661871451,0.0160389070916238,0.0641309660279688,0.7543518810499155,0.0127856251025409,0.0089013950996581,0.0284433766619244,12.969841439030429,18.246808297446627,86.37074179037964,-23.21762843844806,0.1249454944705111,0.0465627922534371,0.1840533849958513,0.0304475713028668
C021_A18_SY15_P01_S01_01DBS,1066,599,1255.3652363798583,2.099272970534882,9.243348855026856,0.0134534156742438,1.8527124281442924,313.7672271728516,6088.318488196882,1.2501676943038538,0.0211892829543026,0.0176310147569166,0.0926275126918234,0.6689692591625884,0.0113384620197048,0.0082390345492359,0.0283268636699187,26.912731916474,62.63334791876078,171.0995684682709,-161.2415563637319,0.1506394643583476,0.0396010420259485,0.2140571097534594,0.0763168710980181
C021_A18_SY15_P01_S01_02DAS,1238,599,1153.1684132854737,1.928375273052632,12.287442279011792,0.0127797254781721,2.062603058154354,301.2443008422852,3185.8356961108207,1.2370419032685818,0.0209668119198064,0.0216327521167512,0.0912309289095208,0.5558291888247513,0.009420833708894,0.0084029189554005,0.0314977673664008,25.034901678406023,32.540928892026635,141.61531309730108,-102.75444572544116,0.1200474706626287,0.049287159213017,0.1810792973260681,0.0516870905043696
C021_A18_SY15_P01_S01_02DBS,2346,599,1633.970503263554,2.7323921459256773,10.353346635626377,0.0419619203039848,2.1263131677313725,312.5770034790039,4880.798926559987,1.4864621533590554,0.0251942737857467,0.0179778356828227,0.0705008138038819,0.7880953635037332,0.0133575485339615,0.0083191323736885,0.0304676720500366,34.59779493907474,64.4525983201278,176.94263608900852,-156.0729231874709,0.1545509478287935,0.0456260975743945,0.2213839215546236,0.0769411044543337
C021_A18_SY15_P01_S02_01DAS,3332,599,1855.545406426496,3.1029187398436404,17.978310375905924,0.0337312719929228,2.278819733351676,430.3367919921875,7074.178122392624,2.0373471606582005,0.0345313078077661,0.0332265717055181,0.1495735335598022,1.1954040921952462,0.020261086308394,0.0352409897544338,0.20809244372036,-17.491155730266403,97.64364013990289,176.40480742317283,-179.9741867339955,0.1245561452397275,0.0406584586889517,0.2187007893851824,0.0483479331647892
C021_A20_SY17_P01_S01_01DAS,1185,599,687.4608457650628,1.1496000765302057,12.474504238981371,0.0087481846160844,1.7513163612600957,293.02598571777344,6417.890224920934,0.9546208099085632,0.0161800137272637,0.0161744826860184,0.0713306797756996,0.612770178646701,0.0103859352313,0.0140249404761568,0.0748146421736079,35.66633070067488,40.99396609772652,132.67750718410736,-16.65252142260317,0.0814871446045546,0.043883607336114,0.1808017082636199,0.0210218260328548
C021_A20_SY17_P01_S02_01DAS,3182,599,532.1682412385372,0.8899134468871864,8.983571715375689,0.0033191636846907,1.2845960212627112,235.6595230102539,3824.7164936562335,1.4485483547758655,0.0258669349067118,0.0349251085088023,0.1891839622186946,1.2498631334254804,0.022318984525455,0.0317710546909862,0.121855444208751,-7.260752871494608,110.10706606738498,179.09475558373143,-179.41157754710264,0.0856444319765691,0.0449310309024505,0.1981454506258361,0.0198393731449739
C021_A20_SY17_P07_S01_01DBS,2187,599,342.21794919138046,0.5722708180457868,6.237967280156453,0.0131192935164031,1.0338451856404829,218.4626007080078,2813.51439169625,0.4638079631338659,0.0078611519175231,0.0100429318796252,0.0571505585066943,0.368178846618458,0.0062403194342111,0.0136730579312748,0.0825477233541546,71.27498395590989,110.66179314927784,179.3974623980708,-179.1628265013911,0.1008845388907072,0.0324400906529934,0.1724702463472607,0.0727513903677795
C021_A17_SY15_P07_S10_01DBS,896,599,1107.9001201672502,1.8526757862328591,17.489086753263912,0.0165413032855568,2.362221184336076,419.6628952026367,4791.431113126579,0.6622713836507353,0.0112249387059446,0.0137271630952315,0.064554638056268,0.5416341106391124,0.0091802391633747,0.011875275913748,0.040999512126444,-7.127673067978672,17.638736145302243,25.82461100104896,-104.69558569667667,0.1985461742531891,0.0155397427716095,0.2461872905621324,0.1808229370097491
C021_A18_SY17_P07_S02_03DBS,420,599,245.82696323530752,0.4110818783199126,3.1782358462021447,0.0153212907552733,0.4626282495127868,71.865234375,445.8408983936273,0.8319624782462187,0.0141010589533257,0.0139193875766635,0.0734193888883424,0.1976895384832943,0.0033506701437846,0.0031406566456626,0.0145623450195254,-7.906587084263795,8.600880131876508,13.27337831532375,-23.15669393018691,0.0924042029362233,0.0249646474813059,0.133138631122829,0.0573514758605289
C021_A18_SY17_P07_S03_02DAS,2719,599,464.5624149550825,0.7768602256773949,11.65444859313566,0.0039320333240184,1.678204987011064,252.491813659668,7050.759542504723,0.9867669889601044,0.0167248642196627,0.0238796748258739,0.1127220286258494,0.4761519158430786,0.0080703714549674,0.0200087497377254,0.127898994618615,-62.36361571212553,58.905270959273054,10.984307880615482,-152.24819898331518,0.1431778441887169,0.0254076686587481,0.2100653694326241,0.0948190196856601
C021_A18_SY17_P07_S03_02DBS,2799,599,589.3875717013991,0.985597945988962,10.584533144433593,0.0088499398053002,1.62420605046338,249.40958404541016,6653.097666752829,1.0642684158384237,0.0180384477260749,0.0271550833569908,0.1131550247472107,0.6209123061501597,0.0105239373923755,0.0197795556308946,0.1188759465355426,-36.04563796082032,49.17477704918398,11.363726937545165,-146.6630800374215,0.1728538983453262,0.0404922926234005,0.2267913466361099,0.111083059222039
C021_A18_SY17_P07_S03_03DAS,2694,599,510.5309474452675,0.853730681346601,25.157932231356185,0.0026761671470207,1.9652020172137987,112.1273193359375,362.6415152197628,0.6435358067684049,0.0109073865553966,0.014519181227578,0.0710867569226216,0.2920340376163375,0.0049497294511243,0.0062106049017053,0.0315044492575896,-122.19876334612492,57.26441206349004,176.13852875756703,-177.9874561538882,0.1240738650762308,0.0116809629959158,0.1527324301427498,0.0930148764696139
C021_A18_SY15_P07_S07_02DAS,3097,599,1217.0056739046822,2.0351265449911105,14.600746942404172,0.0106026187425373,2.0412058877535086,270.76661682128906,3755.821570342163,2.239562120360324,0.0407193112792786,0.0580379770840905,0.2030692418806997,2.238687839758337,0.0407034152683334,0.0672744058691066,0.2159542276433875,-11.556711065926018,46.48422820071664,129.57146761677157,-164.30197918886628,0.0847929808154894,0.0463333425152183,0.153440183789922,0.0141018793825392
C021_A20_SY17_P07_S02_01DBS,368,599,467.0368508796491,0.7809980783940617,5.712835571317232,0.0168909763719568,0.9890743686722684,203.37811279296875,3384.499902732075,0.8232831400565886,0.0147014846438676,0.0277266396088389,0.1939571448891738,0.4948790953300737,0.0088371267023227,0.0245449073112733,0.1761571338033814,0.4129090202971827,30.87563122311055,46.06243161203607,-50.98256378260182,0.1225241093430575,0.0402132820592157,0.1648739335037326,0.0432585454579112
C021_A20_SY17_P07_S06_01DAS,2155,599,919.0821268930096,1.5369266336003498,16.513925201080554,0.0319667697782151,1.922328974945133,365.3173599243164,5628.632261315843,1.0146176444127837,0.0174934076622893,0.0185728153225439,0.0935307867256386,0.6958452000647914,0.0119973310355998,0.0166653240117946,0.0939796854146457,70.44091699562523,61.30840701402947,154.52846058604948,-37.46802113186642,0.109183551679197,0.0267687924228756,0.1900552515740892,0.0581669579140713
C021_A20_SY17_P07_S06_01DBS,2276,599,1012.479885848838,1.6931101770047456,10.772334406067966,0.0212314905606814,1.8902741322761512,376.3283157348633,7029.452540180933,1.2621582349887783,0.0238143063205429,0.0253732404442309,0.0969339787016606,0.7404969695742653,0.0139716409353634,0.0159683753255055,0.0801355426706374,65.59355213182569,65.45154608250785,178.35785574277534,-34.18205363204739,0.107385104733652,0.0332826002563417,0.1755804969858467,0.0397134690097323
C021_A17_SY15_P07_S03_01DBS,2350,599,1059.130500067194,1.7711212375705598,8.652270515632615,0.0071350626294973,1.874472125288708,314.2900390625,4311.748372090111,1.2277293242891527,0.0208089715981212,0.0223812240052745,0.1004404421093544,0.5597619944126588,0.009487491430723,0.0105349971085968,0.0338067376266964,3.8071490187261374,12.570771449094249,40.16295554788094,-27.758713136181083,0.2033231165429549,0.0259778945842941,0.2637608272024044,0.1131182389796262
C021_A18_SY17_P01_S03_01NAS,122,599,939.0174620395254,1.570263314447367,11.752695573704502,0.0366957634389928,1.7927517668803743,210.9958953857422,3533.1672669425307,1.7883438982426962,0.0303109135295372,0.0362377325036085,0.1962150620105258,0.4689293331203408,0.0079479547986498,0.0147852443258681,0.0870051079804143,-96.34582458888836,77.6250403858752,54.62248940710076,-175.55135044871565,0.082901121994779,0.0276747275363629,0.1703746084935559,0.0251591834958205
C021_A18_SY17_P01_S03_02NAS,3766,599,871.6252172424165,1.4575672529137405,19.12414870163048,0.0306054642707125,2.1179742543227342,204.6496734619141,3551.8298201894504,2.665783137237997,0.0451827650379321,0.0339529383407335,0.1340269720178967,0.4463417978578098,0.0075651152179289,0.0144822170375087,0.090315002938196,-67.16079517378189,65.74480374312499,114.07520871620466,-153.74406986840614,0.0657323503060786,0.0235236027394992,0.1398399290614355,0.0258646742960827
C021_A18_SY17_P01_S03_02NBS,69,599,784.9132858658677,1.31256402318707,12.472534823379146,0.0089223640680717,1.39246872249662,230.4714813232422,4128.77479749899,1.524687154917561,0.0258421551680942,0.0261916097630814,0.1570950912296935,0.5140417940251746,0.0087125727800877,0.0159345966914985,0.1023939144721109,4.167056144529696,17.589620845224793,25.30935648482787,-36.2089639543476,0.1296430905172619,0.0355539601579193,0.1856661595738474,0.0378302589356562
C021_A18_SY17_P01_S04_01DBS,1160,599,467.7774224164813,0.7822364923352526,10.206608174993706,0.0189569191920523,1.5437700712429827,260.65647888183594,5328.231125796018,0.5366111314345959,0.0092519160592171,0.0186627877065489,0.1111369281923613,0.4055121011383387,0.006991587950661,0.0158918018707085,0.0905693608796621,53.170365849175056,70.01789441362902,173.59938557475897,-176.28244242452513,0.1091225426238456,0.0220764533578338,0.1943743365100813,0.0664674978738822
C021_A18_SY17_P01_S04_02DAS,2712,599,507.6925568969921,0.8489842088578462,7.8363373323900785,0.004748401787069,1.2623610852069438,217.81158447265625,5767.330573821551,0.921980285312978,0.0156267844968301,0.0145823216283106,0.0717924786014224,0.4292053239960324,0.0072746665084073,0.0161100247861697,0.0842462707485081,34.36181825722745,25.96250072748894,62.2757069506924,-1.2734811016523495,0.092721179833443,0.0266810142770256,0.1875292570349052,0.0518791505277369
C021_A18_SY17_P01_S04_02DBS,960,599,449.5663441201012,0.751783184147326,9.09395716505351,0.0137859760320635,1.35735529220608,229.47857666015625,4742.523037207182,0.6666099118059841,0.0119037484251068,0.0162573224721141,0.0889996337730489,0.926403089808168,0.016542912318003,0.0249432520028307,0.0922783172273221,58.83667130199335,85.80517213542939,178.84369180215876,-168.00816390147943,0.0822086358714256,0.0434466141773168,0.1778808710335647,0.0037062071957439
C021_A18_SY17_P07_S01_03DBS,3776,599,247.3819069145733,0.4136821185862429,5.729128278726513,0.0097041099957528,0.5256089925951448,66.14881896972656,244.1866731293239,0.4053139694614682,0.006869728295957,0.005459999978248,0.0306492865946798,0.1881882536205898,0.0031896314172981,0.0032765814033783,0.0180231485168616,130.49592346481356,26.78186199170013,170.82414421409365,77.58811979551211,0.0713534635339574,0.0074433357819747,0.0889342308247279,0.0592978995888289
C021_A18_SY15_P07_S08_03DBS,2607,599,1438.0952273500284,2.4048415173077413,16.82035551786708,0.0197075516147172,2.706702257684451,341.57576751708984,5478.7218357380925,1.3626867611359563,0.0230963857819653,0.0226047875099814,0.1059162051405703,0.7950628726180421,0.0134756419087803,0.011597232271112,0.0411158832279045,-0.6226527356611331,49.67695939250018,169.3472323293483,-176.68331130150244,0.2089583571683883,0.026921856313124,0.2582403616338027,0.1439136848213039
C021_A18_SY15_P07_S09_02DAS,2434,599,1006.8637888412252,1.6837187104368294,13.233988454679826,0.0038627346489131,1.8069399493506677,253.55691528320312,2559.054139728485,2.596031681466785,0.0440005369740133,0.0581779821360706,0.2556879599417563,1.5658718384222918,0.0265402006512252,0.0453618907738591,0.1634999967460137,18.96459813385769,64.3718378229038,175.95095656201403,-164.5933157499681,0.1443911173997774,0.0267629533654102,0.1920305847263118,0.0597064334576674
C021_A18_SY17_P07_S02_01DBS,1010,599,339.20017258528446,0.5672243688717132,6.757925576851598,0.0026980456026239,0.8921786150640872,153.9761505126953,1837.0461384880723,1.1044742288339628,0.0187199021836264,0.0158376392024251,0.0716351985515635,0.363328726795282,0.0061581140134793,0.0115875996796072,0.0548785917958447,-25.357390071977413,18.350096336546464,19.89421469880252,-65.81280761317709,0.0963696542972956,0.0206595220325569,0.15395828834783,0.0429251904034719
C021_A20_SY32_P01_S05_02DBS,283,599,92.29262023183476,0.1543354853375161,1.40245000627945,0.0038799353211212,0.2138254486642821,6.508468627929688,0.790086775534124,1.1314516848192837,0.0191771472003268,0.0216864593475976,0.1047564005004788,0.9710181417601954,0.016457934606105,0.0172796211625592,0.0637010529113377,41.544053311412895,104.50392521303468,179.2201696197865,-179.2853824108736,0.2092488566977527,0.0227184469648754,0.3214268359330741,0.1763249465122212
C021_A20_SY32_P01_S07_02DBS,1702,599,776.7587851655444,1.2989277343905423,10.513971500312332,0.0234353740045794,1.458553169516453,362.0249328613281,10292.763960654582,1.1518156956489538,0.0205681374223027,0.0341454028413514,0.1462070378870593,1.3789252046160216,0.0246236643681432,0.0577862474500869,0.2568548747955577,9.931591083641903,53.03945228355684,174.20935438007143,-107.6747569124638,0.1433566187935341,0.0180409534155668,0.1601000081283102,0.041752968321614
C021_A20_SY32_P01_S08_02DBS,2805,599,658.253527749016,1.1007584076070502,11.744874365767236,0.0160308884367036,1.288866575279356,299.635856628418,9693.16298729711,1.5901636895102191,0.0269519269408511,0.0322138739424741,0.1760030807354673,1.9618986449289109,0.0332525194055747,0.0504319144663627,0.1902717907855908,-6.45386946740771,52.28889272861313,144.17879850106394,-92.56266126074682,0.1093733965008267,0.031782529282576,0.1494927608864777,0.0246311277814732
C021_A21_SY15_P01_S01_01DAS,1575,599,1423.2454396073765,2.3800090963334064,13.26537536396493,0.0890434071608902,1.7001360004314792,359.9159812927246,2515.806258133181,1.3132369731294988,0.0222582537818559,0.0272846667902038,0.1336837596313523,0.5135097897623401,0.0087035557586837,0.008084959416563,0.0281741698187004,8.149194143601749,36.03253064550181,155.6876785953761,-145.7736327546869,0.111488885013355,0.0444032757896032,0.1832634610408142,0.0489995240613629
C021_A21_SY15_P01_S01_01DBS,1799,599,1397.483453610308,2.336928852191149,10.130462044740584,0.0324468677560996,2.0424357805960685,333.2732849121094,4432.8179827257245,1.3841226760910008,0.0234597063744237,0.0220507573808839,0.1000272132544097,0.677615690651555,0.0114850117059585,0.0084002440039264,0.0287143346102151,22.670292400476992,69.70761387177147,177.60829319614814,-177.97496258836932,0.1327760458117386,0.0543287244856107,0.217964126339435,0.0487226488566778
C021_A21_SY15_P01_S02_01DAS,1199,599,1482.073616510081,2.478383974097127,13.850705776335031,0.0337848550803704,2.0441330281162005,314.21065521240234,5350.963835919202,3.5613278596515494,0.0603614891466364,0.0702563135607559,0.3020784951988828,2.888841876459896,0.0489634216349134,0.0849495946052706,0.2544908511820724,-33.906760951329126,69.20119701103854,178.26488719486173,-179.6306758073565,0.1119023757297201,0.0412911805433062,0.1575924636415285,0.0219427711849681
C021_A18_SY15_P07_S10_03DAS,1828,599,903.2324158689488,1.5104221001153,11.07447493668286,0.0068538974797997,1.850090351646826,403.71583557128906,6056.914752326555,0.8825442394823505,0.0149583769403788,0.0146172668450325,0.060519255057374,0.4551619518551981,0.0077146093534779,0.0069410642860563,0.026859793057922,-20.892783250674764,31.303228302679248,23.742522273857706,-130.59010455135714,0.1328515798801758,0.050239319367245,0.2273133457425159,0.0765988691073449
C021_A18_SY15_P07_S10_03DBS,68,599,1101.3194357763316,1.841671297284835,12.924219767981214,0.0091431219203674,1.9841235140503977,420.0143814086914,13705.680907506976,1.316894116757274,0.0223202392670724,0.0173556165756783,0.0812825611411132,0.5870487341070767,0.0099499785441877,0.0078770466452387,0.0273478072417605,7.2603547336982865,43.55169543206486,165.16354149993182,-104.22543482379864,0.174409865329447,0.0538686122996332,0.2574853086921485,0.0521760998780681
C021_A18_SY17_P01_S01_01DBS,830,599,567.8283202534225,0.9495456860425128,8.32410817786665,0.0103442548653112,1.4258444544593958,258.6689910888672,5344.393065460232,0.7528755757769959,0.0127606029792711,0.0161650885099134,0.0904656123363844,0.4924928347914508,0.0083473361829059,0.0144349815512976,0.0768377003692453,100.19575584103508,69.621686238458,179.3067660285704,-174.19626360756368,0.102080398907993,0.0345023205212873,0.2006759409475319,0.0714618487839474
C021_A18_SY17_P01_S01_02DAS,2240,599,444.0185034769622,0.7425058586571269,8.019704497274052,0.0068062452491523,1.3080433784317045,190.9665756225586,2551.4795327224274,1.13715207905912,0.0192737640518494,0.0307815164752691,0.1175405646413965,0.3511680145083958,0.005952000245905,0.0126278868330117,0.0588703642837703,51.11383569665458,55.30137296185199,175.69810530954902,0.2564932343510619,0.0890240496105708,0.05246706777793,0.1778175450091811,0.0348341165540671
C021_A18_SY17_P01_S01_02DBS,622,599,428.02888303770425,0.7157673629393049,8.678352294528912,0.0072450853106184,1.4386375903342925,252.5185089111328,4867.335522174963,0.7886484257317121,0.013366922470029,0.0215490223254996,0.0823236604801879,0.816630455842046,0.0138411941668143,0.0252125835515893,0.1025962760621511,-43.30515353879051,131.12007751048574,179.97797135856376,-179.44547653648067,0.0793582785224403,0.0278136356262435,0.1772853372719791,0.0082787107877524
C021_A18_SY17_P01_S02_02DBS,2958,599,321.45252668286923,0.5375460312422556,6.24415236179047,0.0061181655542808,0.8578057192065547,182.70095825195312,2783.5692055426653,0.9393448883877475,0.0159210998031821,0.0257804117552296,0.1900165550189987,0.4311528434731795,0.0073076753131047,0.0224384333749406,0.1532850258195782,5.555735006775871,34.8929264231155,177.98985749673952,-34.501081634774366,0.0864926275867473,0.0199524624231959,0.1176999073981651,0.0432890839496979
C021_A17_SY16_P01_S01_01DAS,2106,599,259.5724949783456,0.4340677173550925,10.980047567553404,0.0162200012635083,0.7871291789221694,118.97526550292967,1945.970678826659,0.3855317608566517,0.006534436624689,0.0130682696534691,0.0879643120460481,0.1003379281315391,0.0017006428496871,0.0021690506916821,0.0120409398570773,3.892984596943856,4.429236606152636,12.126790093261848,-1.7258484258524596,0.1186498205842263,0.0355717670434265,0.1587587371934411,0.0752752451651183
C021_A17_SY16_P01_S01_01DBS,3179,599,300.2691501622154,0.5021223246859787,8.05192304702853,0.0150892991578226,0.7852034534046932,116.26375579833984,2146.77278233491,0.3111841770519755,0.0052743080856267,0.0142584529501996,0.0843770182895018,0.1457312574691458,0.0024700213130363,0.0024103727089271,0.0152462729112442,14.417192830708697,5.493563605687594,25.39953908078424,3.097073969493194,0.1294741584047929,0.0377631184827105,0.1747064926233114,0.0888196306277358
C021_A18_SY16_P07_S09_03DAS,897,599,249.45912014566923,0.4171557193071388,6.0318906571690345,0.0048030053272118,0.6240948659662239,85.09327697753906,492.49541122425154,2.7346222326019247,0.0463495293661343,0.0598577773711634,0.2129943207602913,2.8846974868127115,0.0488931777425883,0.0736971223323729,0.2332141995811296,4.245710102523722,23.929822029519794,38.76915691648362,-141.99891286308755,0.1141696334965708,0.0358917280939395,0.1491639551057067,0.0107047723720143
C021_A18_SY16_P07_S09_03DBS,575,599,282.04730232379075,0.4716510072304191,8.98392122226701,0.0076198212643011,0.9808262154071424,160.88296508789062,2289.9144508031222,0.4471136368669023,0.0075781972350322,0.0071351617900601,0.0321100906128815,0.2211238932314224,0.0037478625971427,0.0047940944160241,0.0280173965131115,-3.85089440280272,3.367281537231764,1.522933215721452,-10.474773509621594,0.2386693674355887,0.0224321167091589,0.2610859275879414,0.1802385755922286
C021_A18_SY16_P07_S10_01DBS,3162,599,727.3593481776225,1.2163199802301368,19.890666026734845,0.0050617108627731,2.200968254676252,113.26530456542967,929.120696560086,1.1593013433427068,0.0196491753108933,0.0392915660430414,0.1859005191083249,0.2089472018259908,0.0035414779970506,0.0031690430372202,0.0141773053602723,49.97725614177684,60.84241965191279,166.0883567856687,-5.069069846917845,0.1814121581997018,0.0596468715136516,0.2330614715555541,0.0668334912331244
C021_A18_SY16_P07_S10_02DBS,2415,599,632.80680930984,1.058205366738863,12.136678366193706,0.0092647366443647,1.664125512551756,121.9890365600586,1245.4557532097474,0.8952492904855737,0.015173716787891,0.0240274891631222,0.1359388409407531,0.1938756653811388,0.0032860282267989,0.0028398321657237,0.01242123192499,31.288933643489475,32.60478382370294,124.24113349219412,-3.143732151360964,0.1166930391501287,0.0729348218847859,0.2245804781223348,0.0336359592283455
C021_A18_SY16_P07_S10_03DBS,2186,599,226.8591208284642,0.379363078308469,4.091027150015631,0.0097524196032625,0.5877767435660688,122.86988830566406,1620.2481632319923,0.6244467204988615,0.0105838427203196,0.0176397974941341,0.1288059323526426,0.1377215930238811,0.0023342642885403,0.0029253887994189,0.0115640053138492,-0.6211009865724396,5.689614635128888,15.0594993431921,-6.46153340339263,0.105293435253206,0.0599037594357703,0.2042709217717384,0.0251576789735799
C021_A18_SY15_P07_S09_03DAS,2219,599,654.3449233120922,1.094222279786107,9.403098390739425,0.0068174520963616,1.547573497046574,229.3091278076172,1285.629138119212,3.651725926951708,0.0618936597788425,0.0508196164256613,0.1986510836615038,1.366350349503785,0.0231584805000641,0.0455689907231035,0.1754611528904417,10.411169973605672,60.86222765097805,159.91720167216377,-172.67506335960536,0.1013967199887775,0.0495165006677672,0.1901115723399505,0.0029024116174702
C021_A18_SY15_P07_S09_03DBS,361,599,892.7701008233051,1.4929265900055289,15.442418946155628,0.0084228653838555,2.4409064458235523,325.1502914428711,3604.196047631309,1.1271167625233514,0.0191036739410737,0.0239590169158232,0.0909460646386423,0.5223046136228058,0.008852620569878,0.0114469355792834,0.0473894940169385,-1.894739440452479,19.69249414873531,64.62574782475818,-114.23593659152372,0.2438122237307139,0.0298414225232827,0.3321588589859575,0.1777999120798215
C021_A18_SY15_P07_S10_02DBS,151,599,1016.3227488912586,1.6995363693833745,20.22909808632445,0.0022324943372191,2.454291334043765,298.4876022338867,5395.071520420978,1.2897964194837377,0.0218609562624362,0.030405051642272,0.1834676974356825,0.3479746904499547,0.0058978761093212,0.0062022123529243,0.0244569826083549,45.04787066947706,54.81982780576914,147.6471091407117,-30.291454182727737,0.1501245209023349,0.0691873349394706,0.2397930365958601,0.0720954038113809
C021_A17_SY15_P07_S07_01DAS,3173,599,652.3033611099795,1.0908082961705343,9.058908362076592,0.0110475002722913,1.4939088809787977,220.52622985839844,1230.464285761631,1.325148391347992,0.0224601422262371,0.0430083746792191,0.1926710250741445,0.812107993902892,0.0137645422695405,0.0370854599704501,0.1743550355022508,-7.942970525829335,43.391313895024645,171.49770200863568,-161.18234833880405,0.0733638079476438,0.034843328497316,0.1580470538005819,0.0296464458681944
C021_A17_SY15_P07_S07_01DBS,2702,599,1102.1678191017836,1.8430899984979647,16.613795146775242,0.0122506316688737,1.8811323706940664,238.39974975585935,2120.469804346563,1.1912593903449509,0.0201908371244906,0.0353625742445989,0.1815475585283424,0.7252403681568775,0.0122922096297775,0.0314379297401391,0.1815857489857021,-5.686264727583667,19.94272601561883,34.27591877948716,-98.87955458604768,0.0975754126411352,0.0417766308029884,0.1853779240907077,0.0505421953032364
C021_A17_SY15_P07_S08_01DAS,2159,599,2053.298322238737,3.433609234512938,29.71932248913916,0.0103332791043604,4.089590430088163,440.4580993652344,14922.118183338069,3.0463185260193426,0.0516325173901583,0.0598424543977096,0.1993380941607945,0.8040656534058759,0.0136282314136589,0.0140436213111263,0.0470763871832331,-31.049869398870783,29.54150497041168,30.46704052596024,-111.2819118700488,0.2358335339671885,0.0635941366408097,0.3210934002444142,0.1271822311126995
C021_A17_SY15_P07_S09_01DBS,2895,599,1431.7682771517943,2.3942613330297573,16.5929822048753,0.0292761023708681,2.363937897088804,384.2607803344727,6406.347101429568,1.5312789265495612,0.0259538801110095,0.0253389506138688,0.103469383613125,0.738615556605477,0.0125189077390758,0.0120204838372536,0.0525097453991513,0.7721351204329733,53.24118384183032,176.7037801667663,-176.5860287032642,0.2541135107004912,0.023609000823836,0.3039183013720121,0.164537172187461
C021_A20_SY17_P07_S06_02DBS,2094,599,848.829973671626,1.4194481165077348,14.009232876183786,0.0133186766663156,2.101792433977572,270.3619689941406,7176.133337469554,0.3428975807540179,0.0085724395188504,0.0138763552852762,0.0657921958503279,0.406123096640846,0.0101530774160211,0.0090145315347154,0.0494569489068115,60.76503838538251,20.859764967113342,133.51967369189714,40.14665500689123,0.0669505859599189,0.0094652589577236,0.109985931679644,0.0463609278120333
C021_A20_SY17_P07_S07_01DAS,1886,599,597.291136543234,0.9988146096040694,14.097133021535813,0.0138271910141869,1.375432705545505,193.664794921875,2441.349425856581,1.7508147623723955,0.0312645493280784,0.0412408360911453,0.1757020801073739,1.2510984995339252,0.0223410446345343,0.0393330635188688,0.203711443804254,-45.46842254826662,109.57567678271958,176.63313213874991,-178.12979454085848,0.086481885981477,0.04558715637761,0.1578796059331802,0.0128100102581363
C021_A20_SY32_P01_S05_02DAS,1318,599,1445.7222776358,2.4175957819996614,22.0287768718538,0.0086674757271859,3.199392384196425,769.8550567626953,57844.883894770974,0.851501494926984,0.014432228727576,0.0156429220159242,0.070030778157672,1.0756508158855511,0.018231369760772,0.0291374517353508,0.1662208005540562,33.464942282197775,110.68556505064774,177.7264048759219,-173.0512814029908,0.1547646970276471,0.0168648735054196,0.2026699972970689,0.0581308875860064
C021_A21_SY15_P01_S02_01DBS,2704,599,1105.3318318510248,1.848380989717431,14.803435049481438,0.0217143023005322,1.7182519502717648,325.743896484375,2909.3505822524,1.0136016638037737,0.0171796892170131,0.0258776519079068,0.1664160555624782,0.3880708690155436,0.0065774723561956,0.0068990210551193,0.0260018011049615,-11.300647055030408,37.28600340841912,40.30951301359776,-169.7841071788368,0.085831820310869,0.0363564775617914,0.1585684626745729,0.029968563223255
C021_A21_SY15_P01_S06_01DAS,2371,599,1533.4566370531593,2.5643087576139787,12.34860124350414,0.0340024063079712,2.1733645342208656,354.0521545410156,3524.578315434529,2.445738942209712,0.041453202410334,0.0405687286223296,0.2753460036588308,0.9219785866217812,0.0156267557054539,0.0130360918283354,0.0570455216657406,-7.195472404079866,17.24724798254841,30.76420976252704,-59.29026584554356,0.146652959069759,0.10095721554797,0.3152678537464761,0.0099214011053532
C021_A21_SY15_P01_S07_01DAS,3571,599,2707.615610453763,4.527785301762147,23.504930219226445,0.1903533109920835,3.618798753704837,775.0979499816895,25241.389137709208,2.595326042151714,0.0447470007267536,0.0356229735951341,0.146935833596028,1.256993394527305,0.0216722999056431,0.0153861299563925,0.0756556364561839,1.5866335562524871,63.83392673402902,174.13883435686432,-145.81814751678135,0.1500997989335658,0.0562997090903996,0.2318929412900299,0.0300066693751406
C021_A21_SY15_P01_S07_01DBS,2227,599,2345.526005081764,3.922284289434387,21.41340875601914,0.1056217137384878,3.325465385545906,874.7168807983398,28494.673195542076,2.1992053369957163,0.0372746667287409,0.0345878924798253,0.2088675603151432,0.8769377162229357,0.0148633511224226,0.0114312957162502,0.043764290316247,28.7386365559182,81.04229348892994,179.62157322752412,-138.4230012159233,0.1507733362058933,0.0384433158610717,0.2020821804191803,0.0489479934946459
C021_A17_SY15_P01_S11_01DAS,90,599,1767.3157635131984,2.955377530958528,37.16014480067545,0.0098470423174912,3.800110483596129,679.2282867431641,20397.152646525443,2.597477995836785,0.0440250507768946,0.0414455754899247,0.1996844391280306,2.286111968267773,0.0387476604791148,0.0761122435695897,0.3358963969042831,11.793559943805212,43.5425122230512,156.56744769662316,-146.6035274680427,0.1225906662787263,0.0389474637872209,0.2119772014550445,0.0492538551000735
C021_A17_SY15_P01_S13_01NBS,2304,599,815.8810144072818,1.3643495224202034,15.852679504484051,0.0104410375672001,1.5957305893356577,398.6785507202149,8852.982819290482,0.8585656226219727,0.0145519597054571,0.0188246344023422,0.1363450790238428,0.4422650047831644,0.0074960170302231,0.0048270790779437,0.0239389377282442,117.68850068712824,37.52719909349074,172.6729165641014,36.1648476479355,0.1720903793688696,0.0396642874345413,0.285246645838549,0.1302470676701392
C021_A21_SY15_P01_S08_01DBS,497,599,1913.0527681602125,3.1990848965889827,19.88979474524404,0.0490374489058873,2.726146254875096,510.0904541015625,7682.334022932353,1.8195640251185743,0.0308400682223487,0.0281587402173676,0.1533611792650017,0.7626649719179107,0.0129265249477612,0.010078063045281,0.0337375883259125,5.244171404593912,50.88898012141583,150.0301741378373,-65.81164600753247,0.0911156679350326,0.0380815076314835,0.1612055640866152,0.0146206526744565
C021_A21_SY15_P01_S09_01DBS,1012,599,1697.419101912054,2.8384934814582867,12.25552164357122,0.0165944925849693,2.3162357106275224,366.1558532714844,7483.205301071869,1.953991103815462,0.0331184932850078,0.0384883452913082,0.2278075309613388,0.8083823997340787,0.0137013966056623,0.0081598662467195,0.0306722172131669,-12.029100910084658,55.475628711603726,178.14727484533697,-174.56565080809287,0.143257181573477,0.053845200752651,0.2136134201837626,0.0447670331115531
C021_A21_SY15_P01_S10_01DAS,308,599,1539.262247323123,2.57401713599184,16.6358671533556,0.0438456949345473,2.6841210538658347,712.6272277832031,15268.79094320325,1.5538113695741038,0.0263357859249848,0.0282313806737465,0.1153737289820659,0.665214462540984,0.0112748213989997,0.0106050402244103,0.041049193048743,-37.28825455782408,76.3338181681167,178.69736548049815,-179.33804475767434,0.1480584359119442,0.0459739837999554,0.247598404858519,0.0239077556151186
C021_A21_SY15_P01_S10_01DBS,1509,599,2450.799444654335,4.098326830525641,27.615273754828863,0.0456420963733196,4.898335577057054,1269.8838806152344,82788.37380013106,1.8589699356657283,0.0315079650112835,0.0270640711477663,0.1415077553002775,1.2411793453706736,0.02103693805713,0.0168220917815539,0.059302008788114,-13.085518410961264,76.05494043062613,179.68240045116323,-175.99162734280716,0.1136892281350878,0.071468773852054,0.2209374683372595,0.0225843593352233
C021_A21_SY15_P01_S13_01NAS,1762,599,1146.423840780414,1.917096723713066,12.046554038936966,0.0424197080315144,1.7855864818227831,189.03192901611328,780.0889889983985,3.739212266097862,0.0633764790864044,0.0475327237006102,0.2213903468855008,0.6904186427646278,0.0117020108943157,0.0309187460218908,0.2409512621979498,-16.64174627917517,39.985338773544335,161.74310726537246,-87.64675152266238,0.0802279400862082,0.0371533022995356,0.2257942665417632,0.0282533777117517
C021_A18_SY16_P07_S08_02DAS,314,599,1541.9275508401631,2.578474165284557,18.519167883099897,0.0132703597109437,3.378209641820319,86.27810668945312,254.88434411424956,0.9652215150172528,0.0163596866952076,0.0117996105690686,0.0592136238121665,0.1832777994301938,0.0031064033801727,0.0036176169916223,0.0206517595011009,-26.303917558262903,8.747888831660829,-3.999815487142011,-41.67641782608963,0.1683732971244594,0.0284076579845065,0.2196788306371625,0.1144809760224204
C021_A18_SY16_P07_S09_01DAS,2383,599,309.426160000298,0.5174350501677216,6.181778952405315,0.0143116135140496,0.6891139448798006,69.23588562011719,349.84297020803166,4.23748025363321,0.0718216992141222,0.0826517094573778,0.2768745151339445,3.730715108764818,0.0632324594705901,0.0791193690594296,0.2253219674868634,17.491075686711433,63.32700782360706,173.68843174873987,-169.79392107273276,0.1365656566813,0.0178605697128405,0.1667982401549083,0.0573846492358824
C021_A18_SY16_P07_S09_01DBS,3215,599,371.7112608401738,0.6215907371909254,9.810268202252098,0.0083127531502922,1.0834956471316526,139.82010650634766,2503.6628841793454,0.5731395557500624,0.0097142297584756,0.0074383094841545,0.0307375732849356,0.2231402331331796,0.0037820378497149,0.0057109688652439,0.0398747632426201,-1.1173087679219904,5.462628372080396,15.745379001572072,-9.357508880586316,0.2573704286524995,0.0089678828496253,0.2837618809292502,0.2277103290950672
C021_A18_SY16_P07_S09_02DAS,3165,599,698.4058746762929,1.167902800462029,10.729441375773556,0.0032218816577683,1.5915137083830313,77.40690612792969,94.44823657298834,2.5585622588620693,0.0433654620146113,0.0688010599200272,0.3040173410592202,1.6206143014307357,0.0274680390073006,0.0539747126417854,0.1703541262620511,-2.737772452429319,49.71073003532186,163.13594895674996,-171.01221776117973,0.1334056860827365,0.0271828321096347,0.155137395889131,0.023419304054017
C021_A21_SY15_P07_S07_01DAS,2349,599,1166.056944114844,1.9499280001920476,14.24026783560706,0.0319771835172246,2.14405085966148,266.8353271484375,3743.110786564907,2.525753531179264,0.0451027416282011,0.0576261978057208,0.2824583623985799,1.260653717052065,0.0225116735187868,0.0380955514031912,0.1920892200214785,-47.08088975461229,102.91103268155028,178.56621373467314,-174.63368795675973,0.1306738567331311,0.0264089242329699,0.1647687863882841,0.0344740508088243
C021_A21_SY15_P07_S08_01DBS,1428,599,1307.5445467660277,2.186529342418108,11.046096711071955,0.0404734605191153,2.075321436321452,291.83827209472656,3755.01618324422,1.6469717025065402,0.0279147746187549,0.0305721475030099,0.1657654811155567,0.7466214548291532,0.0126546009293076,0.0091527964729564,0.0342042374200638,3.9318840531042367,11.795879731727648,47.25762050543813,-22.726129469008427,0.1965377684672476,0.0428848559840433,0.2508338856261146,0.0356696931478351
C021_A21_SY15_P07_S10_01DAS,833,599,1138.079914761268,1.9031436701693452,12.875651586733053,0.0602125427741884,1.569707034019629,368.3371124267578,5094.864311978215,1.39921282023488,0.0237154715294047,0.0217588192198784,0.1223813321288195,0.4752760898710471,0.0080555269469669,0.0074885388755088,0.0286872278426883,-11.826220367523522,59.539109809485154,179.6619167679014,-169.10693915676543,0.0857551045099076,0.0695050078575275,0.2110837677415963,0.0085831806616197
C021_A21_SY15_P07_S10_01DBS,335,599,1188.8972294090113,1.988122457205706,26.609917190604712,0.0229524866273248,2.329501709495278,419.5003662109375,5228.417995291682,1.531653666349567,0.0259602316330435,0.0270885266801632,0.180653330029718,0.5134816453695923,0.0087030787350778,0.0084226395275024,0.032394629112876,-6.931960882517112,28.80160310337379,44.27897334925303,-156.5386539404828,0.1065102745327781,0.0766876435112197,0.2300206593849827,0.0311720085917805
C021_A18_SY16_P01_S01_01DAS,556,599,342.73241389363176,0.5731311269124284,6.4097174856656585,0.0121459026428921,0.846483255640012,91.6118392944336,178.8336052142584,0.5892174112958339,0.0099867357846751,0.0147121450640093,0.088522350926307,0.2211653478854283,0.003748565218397,0.0046793144947663,0.0193747818352923,11.51886920944018,4.693334359737622,34.38444484069235,-1.4906031160182502,0.0853829332730082,0.0444116675753356,0.1531816712889947,0.0335106350143499
C021_A18_SY16_P01_S01_01DBS,2946,599,435.8790147414727,0.7288946734807235,6.369713454893469,0.0118178804124324,0.9398464981338438,108.27308654785156,541.0785772647002,0.5964082287246597,0.0101086140461806,0.015734587762543,0.1028497931768171,0.2220947675394186,0.0037643180938884,0.0042577464588263,0.0187376696753821,21.87440461928022,17.689201276274485,151.66024595414905,11.20937555182424,0.1431247918317033,0.0383091792965852,0.1756968848556467,0.0548047683359913
C021_A18_SY16_P01_S01_02DAS,956,599,240.69312761064933,0.4024968689141295,7.028996256069302,0.0091451748147311,0.6486270199137184,43.63463592529297,116.6448739892813,0.4014759746542466,0.0068046775365126,0.0110676128815873,0.0796098408264663,0.0959625942656955,0.0016264846485711,0.0017587718882063,0.0082639144476254,17.488169536808844,4.648335963250406,30.08720066351858,7.406714176044799,0.1004988820400884,0.0541477979910167,0.1536037930367318,0.0208682778658403
C021_A18_SY16_P01_S01_02DBS,1195,599,271.2012538523827,0.4535138024287332,5.228838577260773,0.0070913200903656,0.6404327787953825,72.83168029785156,566.6647880347632,0.3372887166672016,0.0057167579096135,0.0111996102739189,0.0801070882715283,0.1275459230830764,0.0021617953064928,0.0021233436269238,0.011830164914345,25.379040708184498,6.711517836157928,38.59958047716332,15.856269056843598,0.1268924307098979,0.0458350397923023,0.169868988406376,0.0512423501090208
C021_A18_SY16_P07_S06_01DAS,2211,599,416.83035654928347,0.6970407300155247,8.509158505620105,0.0206142696573222,0.78937800734768,73.71418762207031,416.09206137960354,0.9196910088384258,0.0155879832006512,0.0140306676561681,0.0540034687586116,0.1893287737569206,0.0032089622670664,0.0024594801379998,0.0115071703409792,6.333477150055029,4.759423147734046,13.577408148946883,-4.452356223617408,0.0941194529257145,0.0327987323980116,0.1631220932676864,0.0588408962332201
C021_A18_SY16_P07_S06_01DBS,3180,599,420.3615425836759,0.7029457233840725,8.056295765113926,0.0273748470062205,0.8431239148458075,86.96666717529297,637.5666173989401,0.5600503246835558,0.009492378384467,0.0105192478077623,0.0459636846973881,0.172907832356481,0.002930641226381,0.0025263685710399,0.0108747877215045,11.508224945002848,5.358597066735439,20.579821849598176,-1.178107216269491,0.1024892557342168,0.0296786075435915,0.1618411135493229,0.072081298602685
C021_A18_SY16_P07_S06_03DBS,3174,599,419.07469335138217,0.7007938015909393,4.072812503239782,0.01152328808332,0.7010968297766879,80.94011688232422,193.62342784805568,0.8403649806049512,0.0144890513897405,0.013337512387044,0.0598365030925751,0.2293159679878085,0.0039537235859966,0.003245491730761,0.0143918666184704,13.922488848904871,11.451619367090592,31.564173447946644,-10.605359516377083,0.1211192494582188,0.0318500769008282,0.1691694132400232,0.0520077744048345
C021_A18_SY16_P07_S07_01DAS,3015,599,527.5997113254717,0.8822737647583146,4.316182061237781,0.0021425969758504,0.7315193921202989,48.020538330078125,45.08471794240529,0.3306997862793513,0.006613995725587,0.0123412676038106,0.0868296563683434,0.1324544802972102,0.0026490896059442,0.0033096817844597,0.0228672699702155,2.970773801900608,3.636205389535757,13.207412533245211,-5.136793522740799,0.0525204126074851,0.0319533670470456,0.1445285366204958,0.0275312320649236
C021_A18_SY16_P07_S07_02DBS,2185,599,797.9626596212078,1.334385718430113,12.375939714706062,0.0028712484097507,1.761135258331903,77.88230895996094,210.1992383791981,1.593023637212338,0.0270004006307175,0.0311077538466417,0.1267212176445491,0.2379155422266045,0.0040324668174,0.0034136060374123,0.0151298185944153,-8.20994009478451,33.61445040112,13.70365379327349,-134.18346299978882,0.1118383290367649,0.0557231980941797,0.1705727652607762,0.0058093559972429
C021_A17_SY15_P01_S01_01DBS,3429,599,1482.4874628440853,2.479076024822884,13.0801444460332,0.0503462034021098,2.2903783729623406,326.0113677978516,7568.201223142538,1.2874289510041688,0.0218208296780367,0.0215143304783791,0.1014305663752272,0.6967059390679823,0.0118085752384403,0.0083953800305945,0.0314348545055426,32.14139512756616,68.06432961962871,176.46143125532228,-179.6873247347378,0.1513989216659434,0.0395508616594307,0.2170130778718713,0.0937629429449365
C021_A17_SY15_P01_S03_01NBS,2315,599,1256.8476308744407,2.101751891094384,17.33964791917148,0.0183668732549313,2.731286902157572,329.5623016357422,2816.9572525432814,1.0528292512453046,0.0178445635804288,0.023404203326237,0.1176298663776018,0.5079720445870356,0.0086096956709667,0.0108951386565313,0.0480940543677359,40.86689857543761,47.83757165215815,177.36976600332872,-2.3825505078085114,0.1782308466410212,0.0240929910903339,0.2301286266674357,0.1010334420819639
C021_A18_SY16_P01_S04_02DBS,3086,599,214.06859557911915,0.3579742400988615,9.11358609757388,0.0026349702088295,0.8331038595700525,92.5180435180664,1468.4797105612008,0.3211129554311355,0.0054425924649345,0.0100176898657271,0.0711405157310037,0.099269443838733,0.0016825329464192,0.0016257272373225,0.0096523824541805,11.766324507474993,7.051320594728652,23.976850135151683,-0.039655132601164,0.1391116091551746,0.043107617625243,0.1858194463467924,0.0870540581866213
C021_A18_SY16_P01_S05_01DAS,336,599,719.3980850341886,1.2030068311608495,10.098676827114234,0.0188770786588099,1.5615734456979595,200.98279571533203,1490.2394580350651,1.894171750375246,0.0321046059385634,0.0574592198329002,0.3338028809485392,0.7100879400782818,0.0120353888148861,0.0349143031764109,0.1988437103191749,7.277579083903278,20.27934947405267,156.59851564086256,-4.888340302074141,0.0953565710384588,0.0567805979448893,0.1786069317141208,0.0255867900150697
C021_A18_SY16_P01_S05_01DBS,3154,599,777.1269213234452,1.2995433466947244,20.507216026169527,0.0060982681605201,2.5130647673098814,159.18795013427734,1518.355995763646,1.183919455597487,0.0200664314508048,0.0353257864848082,0.1471775029121896,0.2441187869045617,0.0041376065577044,0.0030470580690489,0.0160105502953331,10.330838346886406,15.67647230045733,64.77800096184951,-25.341629198426144,0.1723785436734916,0.0485091570885752,0.2147761614744677,0.0775246305325069
C021_A18_SY16_P01_S06_02DBS,2651,599,259.4554401643656,0.4338719735190058,8.680230813399977,0.0064178809628951,0.5631393645266304,64.55348205566406,173.70709214103186,0.3462767945224834,0.0058690982122454,0.0097955679424108,0.0680334762571842,0.1546074631254331,0.0026204654767022,0.0016946301540886,0.0087459976632603,56.53318335415002,63.128924447307206,175.68028000000504,-173.3276279086278,0.115674837048556,0.0371981655416105,0.2003418828938199,0.0817343185143563
C021_A18_SY16_P01_S08_02DBS,944,599,385.1343647211379,0.6440373991992269,2.876556368195581,0.0058456896862381,0.4783393276037951,97.7273406982422,822.2194133537081,0.9840319059219512,0.016678506880033,0.0221479204524028,0.1244232965876962,0.4581158533174513,0.0077646754799568,0.0213598987736426,0.1212206594820307,5.874081266468534,29.954907710744745,150.27719116713348,-27.227210442470668,0.1060666633348799,0.0210255957353252,0.1593406573686856,0.0510213948011003
C021_A18_SY16_P01_S09_01DAS,3381,599,1007.059389769928,1.684045802290847,27.166060846594743,0.0235108789002275,2.671270681898805,192.4679718017578,3874.015685176253,2.164157725521059,0.0366806394156111,0.0286550540767467,0.1100198388955791,0.2613131528356535,0.0044290364887398,0.003361638385305,0.0172429010025599,-43.91212724180458,55.38966749572324,178.83929353802307,-172.91265669044444,0.1738490800709329,0.0452502516823339,0.2450002822408389,0.0961028619494424
C021_A18_SY16_P01_S09_02DBS,832,599,695.2619742773451,1.1626454419353596,12.281754171577829,0.0205705681599145,1.6537609339269497,92.67131042480467,278.7686958699064,0.8736363813829812,0.0148073962946267,0.018357250378978,0.0955857720298362,0.2117546597124959,0.0035890620290253,0.0026661625070631,0.0142791157391015,-4.632790985670479,7.548490705504393,9.438550960662772,-20.827138652521,0.1577390131843234,0.0192861831275293,0.174032671289626,0.0793712630616485
C021_A18_SY16_P01_S07_02DBS,2695,599,405.9664106623444,0.6788735964253253,5.337501538676409,0.0131378528271062,0.7566217919540955,87.58834838867188,466.8164365749189,0.6091082984834211,0.0103238694658206,0.0183577424286449,0.1351711386795823,0.2317935982361405,0.0039287050548498,0.0035247562625498,0.0186518575218144,-1.4773712814408615,9.483783143696016,15.397539381112685,-31.550965982483465,0.1405344694903435,0.019667959625362,0.1568946348953209,0.0350908560437164
C021_A21_SY16_P07_S02_01DBS,89,599,275.8582167388636,0.4613013657840525,3.641974032553129,0.0179708699862396,0.5101776020280069,54.62615966796875,95.39879182142664,0.6389520194592282,0.0108296952450716,0.0226685193040898,0.1408101732429664,0.1096212704012577,0.0018579876339196,0.0023952269048348,0.0104299282054881,4.692935789937504,12.459024359933194,23.18051981646251,-12.50897603865666,0.0982896780344002,0.0509817452138817,0.1568991126811108,0.017659682937915
C021_A21_SY16_P07_S02_02DBS,257,599,283.8594057690557,0.4746812805502608,10.118857676322811,0.0107568835388598,1.180136602096352,99.27671813964844,1696.224014726535,0.431972131295017,0.0073215615473731,0.021848526781516,0.1371023173825217,0.0658998160516537,0.0011169460347737,0.0007016925674444,0.0034502136080275,10.398063314899671,2.517158494811357,18.06092381590002,6.065660705574095,0.1216641040105299,0.0414490012976105,0.1663991515033138,0.0763621061990407
C021_A21_SY32_P01_S05_01DBS,369,599,1387.9923482946367,2.321057438619793,27.45271663097521,0.008756205282839,4.45441538365711,910.843002319336,80239.00268739004,1.4991606511091635,0.0254095025611722,0.0562346580124977,0.3288657719532058,0.6795346833039508,0.0115175370051517,0.0178569851816552,0.0688803097781621,54.75502379575331,138.09619398609885,179.88284013592906,-179.98152029544616,0.184676321310039,0.0538681618729128,0.2390138188875958,0.0414363865104461
C021_A18_SY16_P01_S07_01DAS,601,599,653.2703924332949,1.0924254054068483,6.272890921656837,0.0148033376244399,0.9742407703256768,150.35140991210938,892.92520682181,1.0586498795617272,0.0179432182976563,0.0203925800693648,0.0902326415556582,0.3648644343009561,0.0061841429542534,0.0052050759159748,0.0243826825472432,-9.58793877383814,11.404490120001066,13.088182077031576,-38.710008971694585,0.1598140395385373,0.0298633211450545,0.1998368764075783,0.0812425291888268
C021_A18_SY16_P01_S07_01DBS,2676,599,368.9837983278733,0.6170297630900891,3.1765860661525185,0.0143116135140496,0.5397843682775576,81.46585083007812,425.6715615103854,0.5971862702200988,0.0101218011901711,0.0103072859525021,0.0500665114693716,0.2474188022374931,0.0041935390209744,0.0026295058508485,0.0129148996943219,-3.7510577578424154,16.32565441130484,103.18247892412566,-24.590817764390323,0.1380780665405729,0.018999206598249,0.1704413159510191,0.0856093204832539
C021_A17_SY15_P01_S02_01DBS,2225,599,485.9173071680765,0.8125707477727032,14.113541721048884,0.0048479984863487,1.7311090905296993,341.8008728027344,6707.997323595999,0.6813825152786899,0.0115488561911642,0.0096542021526029,0.0440669742254873,0.2380114515223468,0.0040340923986838,0.0076460339517696,0.028920403974878,1.1542450082709903,9.304585586344054,38.99976842381202,-8.79731931664931,0.1055648841278516,0.0159366103015771,0.1585597764137753,0.0671285359079939
C021_A17_SY15_P01_S03_01NAS,1861,599,1170.0766185887935,1.9566498638608607,24.008902948365236,0.0177507730222496,2.909022463300559,276.9987030029297,5095.511637597408,2.5953973202214526,0.0439897850884992,0.0436572927157159,0.1781301309978102,1.531331366723335,0.0259547689275141,0.0470910860675582,0.2024426257243779,-15.342062165611216,36.26592359638568,56.93346327827635,-122.87512686918664,0.1166693456916935,0.0428983503158556,0.2117541885103847,0.0562536192758808
C021_A18_SY16_P01_S08_01DBS,1481,599,466.1314475180105,0.7794840259498498,4.790422063232881,0.0137994130868428,0.632695275950671,126.8308563232422,651.9833853494611,0.923443220395906,0.0156515800067102,0.0204321992360563,0.1133048815138132,0.2978516071033837,0.0050483323237861,0.0040593208430506,0.0188846640734236,11.650232507807145,35.53453771396706,105.43924283432636,-32.5235541274934,0.1107598460259159,0.0214268695872156,0.1540009983888205,0.0206804689960274
C021_A17_SY15_P01_S05_01DBS,2499,599,2538.7129506718907,4.24533938239447,61.76260155313277,0.0131250090861572,4.584525687998821,559.6447067260742,25465.591612516597,3.342638950550925,0.0566548974669648,0.0522599215253093,0.2117504997877426,1.0086676622348552,0.0170960620717772,0.0119524007662164,0.0442967110091224,31.62073690624753,60.42379480060091,177.12612979593314,-178.2214713494436,0.1694063582416234,0.0492610352539772,0.2580949762431498,0.0769916092729943
C021_A17_SY15_P01_S06_01DAS,988,599,996.0581599388275,1.6656490968876718,10.126207150591558,0.0172188994929925,1.666876224175761,314.71275329589844,3725.511078297823,1.8254115601423275,0.0309391789854631,0.0362791332260612,0.1636439932025844,0.6590403815595497,0.0111701759586364,0.0113177519220885,0.0473952528091288,9.487287026839583,13.131998930991308,26.19802172316404,-37.86895639113139,0.1557533117156521,0.088926455279192,0.2988133344845891,0.0357744059387877
C021_A17_SY15_P01_S06_01DBS,2374,599,528.386571848646,0.8835895850311802,10.314473034083376,0.001894303534282,1.280637300192693,169.9207534790039,1457.5740306686755,0.4231241238257852,0.0071715953190811,0.0136888292681823,0.0960973851906338,0.2483553918870573,0.0042094134218145,0.0032297055001353,0.0150398037178315,94.65260493204492,54.01327167600714,176.04090596026492,-179.41139577369535,0.1264105247584835,0.0328177574704972,0.2041185681335434,0.102743782397157
C021_A17_SY15_P01_S07_01DBS,2464,599,1168.5706119304105,1.9541314580776128,18.084990787966827,0.018376916763508,2.177467417272159,484.2174835205078,5225.508463352163,0.9822339840254086,0.0166480336275493,0.0182377995052988,0.0958926662053864,0.4903059671060383,0.0083102706289159,0.0099314888345237,0.0375470328626113,11.5984729726198,68.10059181955293,173.16401530788505,-178.52853772811744,0.1503301049046554,0.0251870633428361,0.2014950199618786,0.0565564980947693
C021_A17_SY15_P01_S08_01DAS,1677,599,1860.8065344512827,3.1117166127947864,15.736519549134876,0.046462220935308,3.085498719622382,771.4284362792969,54921.256940633175,1.6964333542550762,0.0287531076992385,0.0286814021853078,0.1530401248370435,0.8887271246956002,0.0150631716050101,0.01245849012007,0.0404395264588217,-2.9069032261047125,52.4722872221359,173.6857888084421,-119.8923227079314,0.1706233165609772,0.0355132895756801,0.241239121244038,0.0618227049117771
C021_A21_SY17_P01_S01_01DAS,1497,599,786.1708858724361,1.3146670332314991,11.83811642121161,0.0240225731686429,1.4263975975457173,214.45458221435547,4338.121209220189,0.7972579692157037,0.0249143115379907,0.0371724983327603,0.1407228729457995,0.3347457593752298,0.0104608049804759,0.0236322240888027,0.1296123612971781,2.085035013567933,40.60012755134549,145.99188336149098,-24.08921077388891,0.0779865445298325,0.0286637695580371,0.1648223752678876,0.0488704132430599
C021_A21_SY17_P01_S01_01DBS,1871,599,976.1578601591632,1.632371003610642,8.149529680734151,0.0037980594200485,1.6652319210702609,264.07147216796875,5686.276408904259,1.028874451201178,0.0174385500203589,0.0331905506670006,0.1484430643766884,0.4868500276583608,0.00825169538404,0.0175736112614577,0.106641276628122,39.11483050817598,80.20024760574925,171.4285266609175,-174.62356437414235,0.1096039849986404,0.038614914318727,0.1876647435432888,0.0488841198590161
C021_A21_SY17_P01_S02_01DAS,3257,599,501.256697962466,0.8382219029472675,7.757847507550643,0.0152056952873719,1.15755132764758,164.3855972290039,2078.558477812666,1.4885534212087546,0.0316713493874203,0.0396077134429009,0.1713435014251551,2.1014832946850213,0.0447124105252132,0.0671885645374767,0.2901386218730218,-13.018561508357129,123.62496976348024,171.28073785462922,-172.69401323305394,0.0602786656227681,0.0335898273146567,0.1698497629864537,0.0171471242309358
C021_A21_SY32_P01_S06_01DAS,1438,599,1192.8895974409756,1.9947986579280517,24.97937220039496,0.0205976648865167,3.121503323625348,773.9939517974854,64182.061557158624,1.5255547713768285,0.0258568605318106,0.0457534005210014,0.2497347259392484,0.6542637178643173,0.0110892155570223,0.0173460116290316,0.079886708475791,-108.34258451248088,70.60707480921772,28.20451848914669,-163.41617812348005,0.1894180061251152,0.063239494916984,0.2853152941110912,0.0317632341838523
C021_A18_SY16_P01_S10_01DAS,3602,599,1355.0019559857465,2.265889558504594,20.182582260297234,0.0474729668909909,2.7438240680975703,687.6396255493164,45638.89543767102,1.440298016907912,0.0244118307950493,0.0224131314251732,0.0996654626718921,0.4166699488861147,0.0070622025234934,0.0060535981046066,0.0286182861239743,-50.277197683698354,97.668075739149,179.70353950206223,-177.2564357581658,0.1672424017693462,0.0368530383670215,0.2329508671554401,0.08602618181122
C021_A21_SY15_P01_S03_01NBS,3617,598,2130.878457300359,3.5693106487443207,40.671472346087874,0.0419385950626676,3.894521667293324,349.6068572998047,7082.929077821603,3.2966325588916763,0.055875128116808,0.0424942557434848,0.2175612208429355,0.8750395920631003,0.0148311795264932,0.0092342165814783,0.0324881564735052,37.93588681231802,59.126110476428686,153.03953544621606,-179.87399117964355,0.1588656617755367,0.0614445642117553,0.2525766411294058,0.0177047627385957
C021_A19_SY15_P07_S06_02DBS,1429,598,2717.8028502941065,4.552433585082251,22.76948068393597,0.1656104769797493,3.437176628454486,523.0420913696289,14430.442185909438,2.8232492434950083,0.0478516820931357,0.0382468285001687,0.2213758332930336,1.2201536897173562,0.0206805710121585,0.0100370243718344,0.0451629860213421,24.706527514551127,42.50177920766866,170.57290757308883,-30.17131846312368,0.164016787014312,0.0374798246737452,0.2274003065271381,0.0232921224352542
C021_A20_SY17_P07_S07_01DBS,2661,598,559.2689778931754,0.9367989579450172,12.062580489164334,0.0137347071849416,1.395163851380261,227.14773559570312,3652.661534715829,0.7729879135927202,0.0131014900608935,0.014677426675889,0.0723543925305619,0.4833787359886953,0.0081928599320117,0.0153604785607552,0.1028554452599928,35.095106548021505,92.43876319885698,165.02719465202918,-175.74252360170405,0.1202763414062295,0.0397371923128922,0.1817695034146693,0.069503865308085
C021_A20_SY17_P07_S03_02DAS,3161,598,666.6781837723331,1.11671387566555,21.913547604380067,0.0036565102052612,1.8360452654495172,209.53390502929688,2540.492305476514,0.6488747534552767,0.010997877177208,0.0172527752178216,0.099636925921441,0.41361764647787,0.0070104685843706,0.0077946815050338,0.0336774305059608,-66.7706128922022,88.73339488939028,53.13259284196912,-175.63007649673062,0.1056022715583238,0.0181618695538345,0.1309202844495581,0.0642975550772357
C021_A18_SY16_P07_S11_02NAS,3134,598,566.5137678460526,0.9489342844992504,22.87101567497434,0.0163248292549114,1.941366398121928,54.66339111328125,52.33435285041352,2.68217681208861,0.0454606239337052,0.0387049109868227,0.1580297197114091,0.1371871054435275,0.0023252051770089,0.0013094005878155,0.007021014728948,-32.00319837496179,14.472211918585886,8.628127951920177,-65.58109781540578,0.0778179007403398,0.0238084064301576,0.1423003114047617,0.0496934892838831
C021_A18_SY15_P01_S12_02NAS,3431,597,675.3400933136214,1.1331209619356075,8.564760781509852,0.0099219007238294,1.5060467720127682,387.5074996948242,7969.649280073796,0.9142821456429052,0.0154963075532695,0.0133408606134174,0.0538260555225801,0.3597115817087367,0.0060968064696396,0.0053631975479075,0.0265170153481768,-28.087614187582027,56.9867944537406,48.95328558996525,-174.04424177196938,0.1398017147000156,0.0320098661557335,0.1897632119769393,0.0795418372036731
C021_A21_SY15_P01_S12_01NAS,3471,597,1067.144150903412,1.7905103203077388,19.476811348234047,0.0593243317063576,1.8466348527782048,398.6988983154297,9239.818258643812,1.9565901671629364,0.0337343132269471,0.0290811263260873,0.1234042989120175,0.5163896902081766,0.0089032705208306,0.0045406434606976,0.0213630622834282,-25.586801513476253,46.843003562525695,43.96383413781597,-179.82501873906187,0.0825423380785996,0.0581842914275766,0.1826524014914194,0.0020390434759362
C021_A18_SY17_P01_S02_02DAS,371,596,710.9641712077017,1.1948977667356335,32.64732983228216,0.0202126895751891,2.6482357154913947,212.96356964111328,3866.910888873415,1.1954113714544377,0.0206105408871454,0.0207388619215718,0.097537407695136,0.7354111595813939,0.0126795027514033,0.0171024941337896,0.0759420773609239,-38.9354506075624,132.33125459786967,178.6974498308585,-175.63464263500842,0.0623293434995587,0.0157368736543465,0.1146883219285426,0.0282837959833885
C021_A18_SY16_P07_S13_02NBS,1759,595,639.8449637324264,1.0771800736236128,21.842480393192883,0.0105838622675537,1.7448475653540176,62.43623352050781,112.9307928887175,1.3178568147911245,0.0231202949963355,0.0332722934197028,0.1253792640899508,0.2464981079064477,0.004324528208885,0.0035795155349116,0.015481853612668,20.81832517903241,32.98141767786454,137.29911390791435,-141.03722193777404,0.1548961625305827,0.0316055301599099,0.1786211771023245,0.0303009928178128
C021_A18_SY17_P07_S03_03DBS,1023,595,529.0574654922755,0.8906691338253802,7.352518237245706,0.0029426921855292,1.1054139522698725,183.637939453125,1020.333878256851,0.7386548004951379,0.0129588561490375,0.0140095030498912,0.0687732978332095,0.6513541937334718,0.0114272665567275,0.0164567482301044,0.0859606068987227,-50.15220595577327,51.71827627463215,59.66539552634362,-111.17887700313592,0.1266694013356159,0.0325853169409263,0.1949093811690864,0.0511018255369411
C021_A20_SY15_P01_S11_02DAS,455,594,1896.44291283242,3.1980487568843525,24.650734675532245,0.0130958840480712,3.2714923158080693,888.0018272399902,27807.233776,3.894586849358973,0.069546193738553,0.096531765451112,0.3990722820235394,2.2435548250630446,0.0400634790189829,0.0604367604414299,0.2341056333444151,-20.786661321073296,81.23364460035023,177.60003419153475,-179.36796030189197,0.1189291362787736,0.0357791297487597,0.2140626924966591,0.0421516024077228
C021_A19_SY16_P07_S01_01DBS,859,594,1698.2632826050494,2.863850392251348,30.23358683715866,0.0053140909954093,4.374784015303468,355.6336135864258,6891.825054329963,0.8820281913711413,0.0149496303622227,0.0208323483845989,0.1145844033689048,0.3544683238432204,0.0060079376922579,0.0077417851020537,0.0331005186619918,17.074156223621873,13.507398139300902,52.18598431450963,-17.013386274567605,0.1710735438792887,0.0096938067400351,0.1928688461515644,0.1435708416971029
C021_A20_SY15_P01_S08_02DBS,336,591,1490.44510516024,2.5261781443393896,56.479782717560965,0.018491940057128,3.868926073786903,741.6043090820312,16391.788169394044,1.3276163649936747,0.0225019722880283,0.0204083337575489,0.1017480450478037,0.7446517608111513,0.0126212162849347,0.0086623532644832,0.0343606563062184,0.1370263277351825,32.817741523947795,53.54985676920054,-80.51644169457288,0.0936537667319558,0.0275930457011682,0.1556705703701525,0.0277142198600553
C021_A20_SY17_P07_S03_02DBS,99,591,642.2255429813414,1.088517869459901,20.92060553180922,0.0069121472351468,1.6293960637613092,204.92529296875,2795.4303970503006,0.8868357280345072,0.0150311140344831,0.0091900985275755,0.038371652822388,0.3802354648755015,0.0064446688961949,0.0080563526779104,0.0410997918487945,-36.26385187270592,76.97999224510178,178.96462902917062,-177.74204005703444,0.1017544723108153,0.0284669045162216,0.1765413449274191,0.0586680682445752
C021_A19_SY17_P01_S01_01DBS,2103,590,1434.1874638814315,2.4349532493742463,25.325991505200445,0.0058117560723264,3.619255045444656,335.72447967529297,4635.081077178123,1.6070947199744714,0.0281946442100784,0.0218991731999635,0.0939850856901475,1.3325822337517206,0.0233786356798547,0.0252682272923862,0.1125482511934655,-11.32299145788501,69.82740586000888,174.95651409327292,-179.11958739756088,0.1020953259036074,0.0618744515941472,0.2264790197227118,0.0138753334203731
C021_A18_SY16_P01_S12_01NBS,1886,586,1122.9477887506591,1.9195688696592457,31.51780390382655,0.0085262776379835,3.772013838529282,129.3431854248047,776.3779359877874,5.154980236397304,0.0888789695930569,0.1436995844175872,0.4046563865933463,4.774225723062596,0.0823142366045275,0.1413306919908475,0.3744833285771487,73.59438568994717,66.61600753308161,179.74741991006115,-151.2889818514258,0.1545592946838611,0.0472475990019809,0.2312719593174572,0.0854648141986703
C021_A18_SY15_P01_S11_01DAS,128,585,1630.787959118648,2.792445135477136,28.184931446677748,0.0510523441983803,3.0336562678509384,498.93418884277344,15719.028528640229,1.8233493818537887,0.0309042268110811,0.0297629264932495,0.1705991042029444,1.0314446906943555,0.0174821134015992,0.031871612906677,0.1973454673997924,-44.88597396165542,87.40455575683134,171.21048042903715,-177.93057037684488,0.109807342075201,0.0421746554789514,0.182072977090721,0.0107671274976192
C021_A19_SY15_P01_S01_01DBS,2311,580,2474.099343479668,4.273055860932071,33.40689192890874,0.1125311085060156,4.627319806974246,396.7659149169922,6378.828390570128,2.0741051652222278,0.035154324834275,0.0202361167430291,0.0911592857281373,1.0015286902259126,0.0169750625462019,0.009752337713291,0.0594795215913477,30.056229814615133,76.70834865749481,174.9684290306539,-168.80215058675768,0.1651288845143334,0.0267943311039821,0.2099779578718872,0.1018776403695808
C021_A19_SY17_P07_S06_01DAS,3328,578,1383.900000564107,2.398440208949925,22.058442667130414,0.0050154783162091,3.4321915817351103,352.960693359375,3362.9292425607905,1.2714749183448508,0.0215504223448279,0.0275918946608496,0.119854792023073,0.561932885583102,0.0095242861963237,0.0152426986418955,0.0842822129740061,44.26541033274516,45.30541767117068,156.98437531863223,-118.92464901859368,0.1070336497361561,0.0416196913599036,0.2042899805647509,0.0376810876771554
C021_A19_SY17_P01_S04_01DAS,2682,577,1509.0937595191745,2.61995444360968,17.49839294201339,0.0278947525015639,2.3408546211089023,302.47422790527344,3161.6811633741268,1.4473050579934508,0.0245305942032788,0.0175219600122679,0.0737178020517646,0.7532663232942423,0.0127672258185464,0.0172596310141368,0.1001110688866277,24.23872213823544,33.69461440361131,145.66404782954345,-22.292228486936896,0.144582014497285,0.0580477556682168,0.2206671965717621,0.0271369659189841
C021_A19_SY16_P01_S02_01DAS,1115,573,2388.5468485915903,4.175781203831453,51.34231594353715,0.0125115092013149,5.44107961926523,267.45690155029297,5577.041403347498,1.8938522597655176,0.0320991908434833,0.0294217077883672,0.1098118620919626,0.616889494131361,0.0104557541378196,0.0108473721461794,0.0399545740702778,-35.951276245400905,62.41602192379858,153.7409823014749,-166.06874052312062,0.1266129461835336,0.0257964763805653,0.1529302367852505,0.0389700995561892
C021_A19_SY17_P07_S03_01DBS,2481,573,1189.3887087643664,2.0793508894481945,23.663908603853727,0.0080270512845485,3.386375357860373,420.0876998901367,8538.44593649371,1.0922941875762755,0.0185134608063775,0.0139177538489367,0.0589056562210019,0.6336021224604319,0.010739019024753,0.0203186866786789,0.117871463788711,-64.02414302817859,57.45563790389255,16.747229761868923,-154.9543349890207,0.1633669702419049,0.0526196501848015,0.2440777839498769,0.0959366625584623
C021_A18_SY17_P01_S02_01DBS,160,569,1018.1175536107093,1.7924604817089969,21.63899993787676,0.0257095381742241,1.9350705186942088,275.1265106201172,2925.3128429024982,0.6497021017650975,0.0406063813603185,0.0188470622794051,0.0793118590032075,0.3391830735124453,0.0211989420945278,0.0281063523014701,0.1180732418880927,-50.78771904805949,72.24271858368564,29.55468169229762,-174.0875178243805,0.0791670549893827,0.039715135505994,0.1417764878116537,0.0106608320306529
C021_A18_SY16_P01_S03_02NAS,2565,567,894.0337498392123,1.5795649290445448,20.247599113017984,0.0396308823652606,2.1786062594655737,124.30197143554688,425.0475452953035,3.008327482726482,0.0509886014021437,0.0424143707613558,0.21103471668138,0.3825989618769246,0.0064847281674055,0.0041795816187523,0.0202359592673793,-2.6256244075468618,34.75817167564987,85.33869330818362,-108.58411005691195,0.0989340405198149,0.0365984805695349,0.2290691043003405,0.0338340623512742
C021_A18_SY15_P07_S13_02NBS,1973,548,1247.029090638866,2.279760677584763,24.44641620635553,0.0041275588505921,2.7884118701430745,300.1369094848633,2816.5998824956014,1.1668149754596766,0.0197765250077911,0.024605182976585,0.1143214116592075,0.2986184550674266,0.0050613297469055,0.0056901021103172,0.0318491943486984,1.3986400353395552,42.53192214836315,106.46987884788864,-97.33072898680358,0.1631566402157791,0.0287260826499131,0.2201566910878991,0.067080710636652
C021_A18_SY15_P07_S07_03DBS,3224,529,1493.877126391165,2.829312739377206,17.156829865984147,0.0206462467909962,2.6825243592605097,334.8981933593749,5842.580029665743,1.7156248167410055,0.0290783867244238,0.0217990313300103,0.0863847701019979,1.85973995609608,0.0315210162050183,0.050834965515766,0.2008208132147037,-15.817476436695856,44.40571102930211,40.51467063553595,-163.45277058899637,0.1402107744926342,0.0372044004689291,0.1866027132685051,0.0294532257192327
C021_A21_SY16_P07_S11_01NAS,1477,511,995.4132538227104,1.95179069377002,22.188249181134147,0.0452874792834673,2.8489317561685907,112.42332458496094,542.321665523357,1.7083256372749298,0.0289546718182191,0.0288232435848262,0.1445312392561417,0.2880705724035873,0.004882552074637,0.0035476742513995,0.017712852525805,-19.942106175453816,20.311100384528007,17.734013189205875,-47.15814108255647,0.0858722423663876,0.0268910550804362,0.1473296868656858,0.0152346210190226
C021_A19_SY15_P07_S01_02DBS,2924,509,1305.4117822663989,2.5697082328078715,12.344458459461908,0.0621930441260041,1.8823210244914723,387.8766479492188,5182.359421144225,1.0329912581022913,0.0175083264085134,0.0094826926252314,0.0406300582636636,0.7526515224522257,0.0127568054652919,0.0080112143561536,0.0345154311446233,14.443285090231704,59.42671840233706,174.3624604511645,-173.8673811249028,0.1653607027038136,0.0152034707978492,0.1858254768327345,0.121360552288994
C021_A19_SY16_P07_S09_01DAS,1723,497,731.3532978171047,1.4745026165667443,45.03809698416928,0.0250059850800279,2.9348940354562045,168.97906494140625,2321.9211269453217,1.3911242250140508,0.0235783766951534,0.0232230465990991,0.0894710727777518,0.5794681547223841,0.009821494147837,0.0294925334381016,0.1737319310397983,-0.7149577426590665,7.937240012553972,12.836282679667343,-28.307471184719,0.1225329305055648,0.0312360939023691,0.1654190171366652,0.029836122059701
C021_A18_SY16_P01_S03_01NAS,1644,495,741.146127510645,1.5002958046774184,29.54786669562236,0.0173176584461158,2.2937021632962025,119.76703643798828,376.8303436600145,3.475196146587215,0.0589016296031731,0.0565982853977777,0.2330469094469464,0.3122402282475361,0.0052922072584328,0.0032325632606766,0.0175905897697345,-17.09380089543485,41.46703027546247,30.6840382979422,-124.02600920854384,0.1239122149396109,0.0601964374498487,0.2563504127276544,0.0330406364957301
C021_A19_SY15_P07_S09_02DAS,3542,493,1519.4181588567762,3.0882482903593,30.22972071123325,0.0776740530204015,3.2298158217844186,271.6498413085937,4948.954142344059,2.081105697514449,0.0352729779239737,0.0208170726743261,0.0863809296659199,0.7340226027356987,0.0124410610633169,0.0075378828665258,0.0259235848609446,-2.661562964787082,23.29358341110269,53.79507530113491,-53.74316704896435,0.1311318973918858,0.0359000169246095,0.1881205791416895,0.0572884796567722
C021_A19_SY16_P07_S08_01DAS,2329,467,146.872221130937,0.3151764401951435,3.284658356855655,0.0067553538882991,0.3508722660436981,10.381195068359377,1.0758567387918714,1.3307967717356508,0.0225558774870449,0.0129833028450872,0.0808304644572617,0.5924559341097696,0.0100416260018605,0.0093405148097,0.0537257224819861,-16.153212999281546,13.594526689696854,5.261809679832526,-74.6372503761658,0.2640529003265658,0.0257863085183467,0.2970439759996753,0.1901838133123378
C021_A19_SY16_P01_S04_01DBS,3471,453,1845.9471508242552,4.083953873504988,56.21218343912042,0.003580974801626,6.147756345111335,329.6882781982422,6492.11114299058,1.3273699081446162,0.0224977950532985,0.01958719742416,0.0737569579925992,0.4696246800224916,0.0079597403393642,0.0064993109530919,0.0331382662294541,4.708859433754566,17.247611660950575,60.836611782659205,-23.461444847473544,0.1896200217233537,0.0126806479675687,0.2167108988383888,0.1621584748547948
C021_A20_SY15_P07_S07_01DBS,2289,447,1197.2212618955382,2.6843526051469504,37.34945033539629,0.0503793086423123,3.499707032322465,404.9901580810547,5431.744796251282,1.680161274464132,0.0289682978355884,0.0344374589879506,0.1947154261301988,1.3984795101562832,0.0241117156923497,0.0340920293499422,0.2013989751075602,-2.743574827252432,51.00527399480304,157.22176145893727,-176.14023347547646,0.1525777300314952,0.0281751686911191,0.1859163552981177,0.0297598850381764
C021_A19_SY16_P01_S03_01NAS,3226,439,1180.1573008225023,2.6944230612385907,38.83713171374277,0.0338180518239616,4.669929757794704,132.6134033203125,414.4283802992359,3.839852676906234,0.0650822487611226,0.0680728558655277,0.3042157049680587,0.5711649656560457,0.0096807621297634,0.006494268591275,0.0258708547618587,-39.74338246385746,83.61527773032826,170.15093471386783,-169.20691071505095,0.0998331596299192,0.0402653491132206,0.2443604095431959,0.0265503519834915
C021_A19_SY15_P01_S11_01DAS,773,432,1981.959103588274,4.598513001364904,30.95231630329087,0.1294028767557561,4.737838030015332,478.3602828979492,11470.161510612996,3.3185931090984693,0.0562473408321774,0.0516756997336119,0.2424559197367887,2.541323839963635,0.0430732854231124,0.0652043104343972,0.2378353613888119,-24.1134521054256,106.89859904968338,178.35595725456113,-179.35742096289388,0.1012450920991143,0.0398609268222262,0.1504600937618733,0.0013277094438128
C021_A21_SY15_P01_S11_01DAS,1870,426,1061.6812178656364,2.4980734538015,16.097862979899844,0.0585171596315677,2.652338031730606,504.8867950439453,7859.106405960992,2.7900220649967795,0.0472885095762166,0.0569839715434621,0.3214728070752254,2.314917880008702,0.0392358962713339,0.0692722667371529,0.3011040986082901,-28.9528566570608,83.5552646093426,177.4281231250347,-179.03437770187253,0.1265538974388807,0.0504127661263014,0.2168484207391555,0.0195739083158516
C021_A18_SY17_P01_S02_01DAS,1036,406,839.3941248033171,2.0725780859341167,33.49891282481063,0.075575850304061,2.9374290709810444,309.6371383666992,5779.020387731842,0.8551243049606289,0.0167671432345221,0.0175137317350838,0.0808012880229946,0.5998056083814867,0.0117608942819899,0.0158317584008886,0.0780266390319381,3.056595750585601,91.99325301779108,125.7064854421482,-177.19440880724184,0.056832303230391,0.0429961858818718,0.1590798249311942,0.0026891445622128
C021_A19_SY17_P01_S04_01DBS,3637,378,1038.3892266971795,2.7543480814248795,50.31740140290128,0.0233215403912475,4.746303116964903,362.7029800415039,5626.388879574522,1.154366953925675,0.0199028785159599,0.0191062156342516,0.0767414336588164,0.6482573154500527,0.0111768502663802,0.0163250891951925,0.0844466220361024,46.31318395805364,77.1549773549711,178.86102102989145,-175.7950096147594,0.1447579907896952,0.0580449234422042,0.2208890213357768,0.0596931840207036
C021_A19_SY15_P01_S04_01DBS,835,360,2083.47963522531,5.803564443524542,52.80463242703495,0.0355810161269465,5.736631526260917,723.2080917358398,23867.65143596346,2.089909100984709,0.0354221881522832,0.0225820487188573,0.0967620204491497,0.9372376153699862,0.0158853833113556,0.0102744183017729,0.0450070459144936,12.986288308353677,54.66446860748246,160.71714579828478,-170.3537280102097,0.1855654144296129,0.0193525260602723,0.2168722957000539,0.1342531787547742
C021_A18_SY16_P01_S12_02NBS,3667,347,434.059875725316,1.254508311344844,32.61245234615024,0.0076098382170444,2.6728784249706936,118.60743713378906,813.7205041730639,2.541438747416492,0.0453828347752944,0.0676908070146231,0.2410781488479495,3.04103186935371,0.0543041405241733,0.1278778183540867,0.4812439270353184,30.381571247322707,103.75136594596484,179.70041664827943,-172.14172084999893,0.1673878713523525,0.0668580256905182,0.2480316535546065,0.0328803489582617
C021_A20_SY15_P07_S03_01DBS,3133,328,695.7123797986709,2.127560794491349,11.833881508231798,0.0451612830904525,1.8012904510491847,292.2703094482422,9890.47267813778,1.3135073627389755,0.0222628366565928,0.0230684203986989,0.1437036801117249,1.202698067515232,0.0203847130087327,0.0238032106007474,0.1753830538999771,-8.126073663731002,35.51199245892943,48.8165361219632,-62.640125358042646,0.2068290904508398,0.0186759004183505,0.2471905835604324,0.162282019880232
C021_A18_SY15_P01_S11_02DAS,3016,317,1838.1495219927924,5.816928867065798,29.19204158142946,0.1703091406709631,4.087830473286001,776.9934921264648,35043.48194509584,2.559259090541619,0.0433772727210443,0.0423206634832923,0.2447204834243762,1.7014296183465416,0.0288377901414668,0.0406625828957201,0.168144413207337,-6.624815034873979,77.48923772947357,175.8461136375041,-173.07799802858196,0.1351876277176529,0.0462451706624656,0.2210152758959092,0.0347751456520647
C021_A19_SY16_P07_S10_01DBS,3452,210,206.1149625339073,0.9861959929852024,7.095729388533061,0.0049965253692727,1.717142338855009,164.22965240478516,1016.4509133034696,1.5962034465901198,0.0270542957049172,0.0290041772021133,0.1590011591496535,0.3748244402665356,0.006352956614687,0.005570269371656,0.0326513012102716,4.580881075911666,14.783140928247777,31.874925312397565,-31.37164952489536,0.1997235357280547,0.023170639270427,0.2346170218761495,0.0801695232019764
