video,frame_count,hand_motion_sum,hand_motion_mean,hand_motion_std,hand_motion_max,body_motion_sum,body_motion_mean,body_motion_std,body_motion_max,upper_body_angle_mean,upper_body_angle_std,upper_body_angle_max,upper_body_angle_min,arm_extension_mean,arm_extension_std,arm_extension_max,arm_extension_min
C021_A17_SY15_P01_S01_01DAS.mp4,600,1.1687574631496676,0.019809448527960467,0.019903685724403212,0.11842917939045651,0.7208946250213912,0.012218552966464258,0.008603381599632575,0.028619059697305695,9.35943248712571,24.179626035278126,59.8001644202976,-76.59305588591207,0.13313513336617447,0.03825372862304175,0.1889407897108393,0.07622245545231057
C021_A17_SY15_P01_S01_01DBS.mp4,600,1.2874289510041688,0.02182082967803676,0.021514330478379157,0.1014305663752272,0.6967059390679823,0.011808575238440379,0.008395380030594502,0.03143485450554262,32.14139512756616,68.06432961962871,176.46143125532228,-179.68732473473779,0.15139892166594343,0.039550861659430746,0.21701307787187135,0.09376294294493659
C021_A17_SY15_P01_S02_01DAS.mp4,600,1.272949219736659,0.02157541050401117,0.019439941009838344,0.12792467103517513,0.6473049961956652,0.010971271121960427,0.007895954470879889,0.0283647995398597,-16.783475579537342,77.2529684185172,176.94757022341807,-177.46099517025274,0.122754119614664,0.03616142920126277,0.17950696166614405,0.050309081500680385
C021_A17_SY15_P01_S02_01DBS.mp4,600,0.6813825152786899,0.011548856191164235,0.009654202152602922,0.044066974225487394,0.2380114515223468,0.004034092398683844,0.0076460339517696,0.028920403974878096,1.1542450082709903,9.304585586344054,38.99976842381202,-8.79731931664931,0.10556488412785167,0.015936610301577104,0.15855977641377533,0.06712853590799396
C021_A17_SY15_P01_S03_01NAS.mp4,600,2.5953973202214526,0.0439897850884992,0.043657292715715904,0.17813013099781028,1.531331366723335,0.025954768927514152,0.047091086067558255,0.20244262572437793,-15.342062165611216,36.265923596385676,56.93346327827635,-122.87512686918664,0.1166693456916935,0.042898350315855656,0.2117541885103847,0.05625361927588083
C021_A17_SY15_P01_S03_01NBS.mp4,600,1.0528292512453046,0.01784456358042889,0.023404203326237084,0.11762986637760181,0.5079720445870356,0.008609695670966705,0.010895138656531368,0.048094054367735936,40.86689857543761,47.83757165215815,177.36976600332872,-2.3825505078085114,0.1782308466410212,0.024092991090333922,0.23012862666743578,0.10103344208196398
C021_A17_SY15_P01_S04_01DAS.mp4,600,1.4819352552674558,0.025117546699448403,0.03229531030511024,0.2129426200748346,0.6572823833742165,0.011140379379224009,0.012433148949847787,0.04158400565246468,-2.642744836551403,43.07352305440722,151.70948245256812,-167.84747169763125,0.1059483279740366,0.05695062747688316,0.2216297624610888,0.027548303922913284
C021_A17_SY15_P01_S04_01DBS.mp4,600,1.1870328299940227,0.020119200508373267,0.03058375324572527,0.18382415877542993,0.610722859499362,0.010351234906768848,0.011933838251825563,0.038383952771557164,16.934460705259696,52.597817986267884,174.95152666387176,-130.85258861220046,0.1037549165690009,0.051171281838158986,0.21477174646809138,0.026777491277593577
C021_A17_SY15_P01_S05_01DAS.mp4,600,2.891280182527499,0.049004748856398286,0.04254549573162438,0.1737654946850372,0.9623010193805553,0.016310186769161954,0.011644633215857788,0.039531361013675125,11.7044425736554,53.34817580293096,158.2940551219677,-108.54616184317345,0.1381641421497393,0.05448540702037121,0.2281373322930446,0.05093011523080588
C021_A17_SY15_P01_S05_01DBS.mp4,600,3.3426389505509255,0.05665489746696484,0.05225992152530933,0.21175049978774263,1.0086676622348552,0.017096062071777204,0.011952400766216408,0.044296711009122414,31.62073690624753,60.42379480060091,177.12612979593314,-178.2214713494436,0.16940635824162342,0.04926103525397727,0.25809497624314987,0.07699160927299438
C021_A17_SY15_P01_S06_01DAS.mp4,600,1.8254115601423273,0.030939178985463174,0.036279133226061216,0.1636439932025844,0.6590403815595497,0.011170175958636435,0.011317751922088564,0.04739525280912882,9.487287026839585,13.131998930991308,26.19802172316404,-37.86895639113139,0.15575331171565213,0.08892645527919209,0.29881333448458913,0.03577440593878777
C021_A17_SY15_P01_S06_01DBS.mp4,600,0.4231241238257852,0.007171595319081105,0.013688829268182313,0.09609738519063384,0.24835539188705733,0.004209413421814531,0.003229705500135363,0.015039803717831594,94.65260493204491,54.01327167600714,176.04090596026492,-179.41139577369535,0.1264105247584835,0.032817757470497234,0.20411856813354348,0.10274378239715702
C021_A17_SY15_P01_S07_01DBS.mp4,600,0.9822339840254086,0.0166480336275493,0.01823779950529884,0.09589266620538646,0.4903059671060383,0.008310270628915904,0.009931488834523723,0.037547032862611344,11.598472972619799,68.10059181955293,173.16401530788505,-178.52853772811744,0.15033010490465543,0.025187063342836134,0.20149501996187866,0.05655649809476935
C021_A17_SY15_P01_S08_01DAS.mp4,600,1.6964333542550762,0.02875310769923858,0.02868140218530782,0.15304012483704352,0.8887271246956002,0.015063171605010174,0.012458490120070047,0.04043952645882179,-2.9069032261047125,52.4722872221359,173.6857888084421,-119.89232270793141,0.17062331656097723,0.035513289575680194,0.241239121244038,0.06182270491177714
C021_A17_SY15_P01_S08_01DBS.mp4,600,1.6422104047845323,0.027834074657364954,0.0310613406847071,0.1499089127086669,0.6813965940978511,0.011549094815217816,0.009538072233549653,0.03250217075759454,0.47857620226106146,46.19122263603886,133.89861202921352,-83.0675715089844,0.10631825574189344,0.03072616725140232,0.17239412163773163,0.029593722796342394
C021_A17_SY15_P01_S09_01DBS.mp4,600,1.322617924432389,0.02241725295648117,0.01959523815985399,0.06728670289098869,0.7513774947796193,0.012735211775925752,0.009518363627340083,0.03354022705207002,3.5141466195024007,16.389929226208253,39.5650530660843,-33.80029563547535,0.16172656484215567,0.0294714360743695,0.22908516550869176,0.0770384662960855
C021_A17_SY15_P01_S10_01DAS.mp4,600,2.4252318230752263,0.04181434177715908,0.03776793140067702,0.18426799382741527,1.2094193952409382,0.020852058538636867,0.03715141651797209,0.17765082862387993,-54.56821285833594,79.22383336938704,179.45839361684386,-179.24413830273835,0.14332802954088533,0.046113376725865504,0.21912168702675094,0.028003858473702264
C021_A17_SY15_P01_S10_01DBS.mp4,600,1.467947952048782,0.024880473763538677,0.021498683724747152,0.07900458130512651,1.2366310049445892,0.020959847541433714,0.01629930916169811,0.05251978757691192,4.663630960319494,64.79365453619442,177.9449926653441,-171.91433920348888,0.19684264633227586,0.04605844728688847,0.3156825212234571,0.13198480456237915
C021_A17_SY15_P01_S11_01DAS.mp4,600,2.597477995836785,0.04402505077689466,0.04144557548992476,0.19968443912803063,2.2861119682677735,0.03874766047911481,0.07611224356958979,0.33589639690428313,11.793559943805212,43.5425122230512,156.56744769662316,-146.6035274680427,0.12259066627872636,0.03894746378722095,0.21197720145504453,0.049253855100073504
C021_A17_SY15_P01_S11_01DBS.mp4,600,1.0992685281603325,0.018631669968819195,0.021952923643932882,0.08678098674030144,0.607221632414423,0.010291892074820728,0.011989971741034262,0.04660940596286895,24.146831913423945,81.42719529685711,179.8681508290369,-176.3858957436836,0.19637720190161762,0.03780804730832272,0.3095273655431546,0.1509291842516719
C021_A17_SY15_P01_S12_01NBS.mp4,600,2.103311342919149,0.03564934479523981,0.04430058213866786,0.17589074753226847,0.4770028785670488,0.008084794551983878,0.00671696360621722,0.030164418398913553,88.52785547535923,72.3164072204399,178.65115755206887,-178.27383954464025,0.26266883457888507,0.06853331553206732,0.3339002302569217,0.12458805585657431
C021_A17_SY15_P01_S13_01NBS.mp4,600,0.8585656226219727,0.014551959705457165,0.018824634402342215,0.13634507902384285,0.44226500478316444,0.007496017030223126,0.004827079077943758,0.02393893772824427,117.68850068712824,37.52719909349074,172.6729165641014,36.1648476479355,0.1720903793688696,0.039664287434541326,0.285246645838549,0.1302470676701392
C021_A17_SY15_P07_S01_01DAS.mp4,601,1.0994188940642589,0.018634218543462016,0.02300680909635013,0.09671375101287376,0.43800136078117385,0.007423751877647014,0.0069114206745211565,0.022126900827220974,9.409639034948245,6.6077648315492965,29.9736513980625,-7.977342270206041,0.11604146072424666,0.047560013917921126,0.1874876303904054,0.06502895525851604
C021_A17_SY15_P07_S01_01DBS.mp4,601,0.954475480684284,0.01617755052007261,0.018459205215796894,0.10036579176328875,0.4399802181997497,0.007457291833894063,0.006300636854453543,0.022915330754140744,18.451459512082515,30.04389537210767,81.15334535908842,-176.16572121428635,0.13571383658302205,0.03421121079867546,0.18879769623697487,0.08741654202363303
C021_A17_SY15_P07_S02_01DBS.mp4,600,0.824097538765859,0.013967754894336593,0.017667131466811464,0.08015230028690949,0.34372889794392586,0.00582591352447332,0.005433930460968986,0.01979683177537866,22.584438122515042,12.508268559051283,75.88276438245398,-5.891795106771711,0.11432527642712251,0.04458023725826211,0.18505523901486592,0.05964457324551215
C021_A17_SY15_P07_S03_01DAS.mp4,600,1.7432857115769642,0.02954721545045702,0.0273338208943874,0.16127479393532929,0.625271228533218,0.010597817432766407,0.009520103885130252,0.028285930588086993,-1.280357225168358,13.887041203922713,21.957705856675975,-47.68279833878351,0.19438204102444423,0.03404635007365769,0.25064962889716175,0.10548871056002547
C021_A17_SY15_P07_S03_01DBS.mp4,600,1.2277293242891527,0.020808971598121232,0.022381224005274564,0.10044044210935446,0.5597619944126588,0.00948749143072303,0.010534997108596868,0.033806737626696476,3.8071490187261374,12.570771449094247,40.16295554788094,-27.758713136181083,0.2033231165429549,0.02597789458429417,0.26376082720240446,0.11311823897962628
C021_A17_SY15_P07_S06_01DAS.mp4,600,0.7199238661262711,0.012202099425869002,0.01717288863938253,0.07981448273215039,0.5101510538789072,0.008646628031845885,0.011653554920760624,0.04075829048714444,-0.7765536989732476,29.79393330758035,96.44163119809978,-158.03458564382842,0.10538024543574598,0.04180815387780832,0.19215265456474007,0.047402536969385005
C021_A17_SY15_P07_S07_01DAS.mp4,600,1.325148391347992,0.022460142226237153,0.04300837467921914,0.19267102507414455,0.812107993902892,0.013764542269540542,0.03708545997045019,0.1743550355022508,-7.942970525829335,43.391313895024645,171.49770200863568,-161.18234833880405,0.07336380794764383,0.03484332849731606,0.15804705380058198,0.029646445868194475
C021_A17_SY15_P07_S07_01DBS.mp4,600,1.1912593903449509,0.02019083712449069,0.035362574244598925,0.18154755852834248,0.7252403681568775,0.012292209629777586,0.031437929740139106,0.18158574898570212,-5.686264727583667,19.94272601561883,34.27591877948716,-98.87955458604769,0.09757541264113528,0.04177663080298842,0.1853779240907077,0.050542195303236476
C021_A17_SY15_P07_S08_01DAS.mp4,600,3.0463185260193426,0.051632517390158346,0.05984245439770969,0.1993380941607945,0.8040656534058759,0.013628231413658914,0.014043621311126353,0.047076387183233176,-31.049869398870783,29.541504970411676,30.467040525960236,-111.2819118700488,0.23583353396718856,0.06359413664080972,0.3210934002444142,0.12718223111269955
C021_A17_SY15_P07_S08_01DBS.mp4,600,1.5532124525118727,0.026325634788336823,0.021052155249886944,0.08849373795807548,0.6185742029898933,0.01048430852525243,0.010406580241136386,0.04008251600388725,-7.197689660124651,39.70483985868711,175.78140217874255,-175.75376149584363,0.1878807774001759,0.038511144495783446,0.260680931194347,0.11005687919658282
C021_A17_SY15_P07_S09_01DAS.mp4,600,4.575098393318668,0.07754404056472318,0.07981686100801982,0.33451497486448134,2.089141906478398,0.035409184855566066,0.054911646384557214,0.1806688742235083,29.422158555133347,123.30412856078487,177.72345610981947,-179.0069922521297,0.12076719438010222,0.03890612793353047,0.17731323962208986,0.01605736097797644
C021_A17_SY15_P07_S09_01DBS.mp4,600,1.5312789265495612,0.025953880111009513,0.02533895061386886,0.10346938361312509,0.738615556605477,0.012518907739075881,0.012020483837253662,0.05250974539915133,0.7721351204329733,53.24118384183032,176.7037801667663,-176.5860287032642,0.25411351070049126,0.023609000823836015,0.30391830137201215,0.16453717218746108
C021_A17_SY15_P07_S10_01DAS.mp4,600,1.4203766926190726,0.02407418123083174,0.01623083891234731,0.07414602759337977,0.6102879181452859,0.010343863019411627,0.009981017931341535,0.0372858624524989,-21.294865015936242,32.81244143579702,17.9976815060185,-179.30085755897176,0.13170384966151952,0.05515642370711943,0.21133903792167158,0.04813570370194046
C021_A17_SY15_P07_S10_01DBS.mp4,600,0.6622713836507353,0.011224938705944668,0.013727163095231589,0.064554638056268,0.5416341106391124,0.009180239163374786,0.011875275913748057,0.04099951212644407,-7.127673067978672,17.638736145302243,25.824611001048957,-104.69558569667669,0.19854617425318918,0.015539742771609558,0.24618729056213245,0.18082293700974916
C021_A17_SY15_P07_S11_01DAS.mp4,601,1.51449593794792,0.02566942267708339,0.022976031803922128,0.13447583841704677,0.20651915497609125,0.003500324660611716,0.003444497778840175,0.015078772291703966,-23.02790542529301,7.679459673297263,-2.773517347998317,-35.17553218554343,0.08762189997405921,0.04935444496603875,0.18639444145196435,0.032647540514972796
C021_A17_SY15_P07_S12_01NBS.mp4,601,1.878989117226751,0.031847273173334766,0.03606321481799972,0.16893375331777646,0.9618658437306308,0.016302810910688657,0.016565683458536283,0.05647102006203799,0.1603622729429354,43.67286564320024,136.79263704317137,-132.3072952507237,0.1151525837939685,0.07598593742369929,0.22558213215344278,0.02365674525985877
C021_A17_SY15_P07_S13_01NAS.mp4,601,1.7307855444935523,0.029335348211755125,0.030701804131267482,0.15118480811922685,0.8365955828010108,0.014179586149169674,0.009895102687561408,0.0369318325841902,20.579280445811502,51.7214445283251,177.00158374819125,-125.58891668606022,0.15836383738402585,0.03488379935937489,0.20343125654274877,0.08497503193455062
C021_A17_SY15_P07_S13_01NBS.mp4,601,1.9778552435673988,0.033522970229955915,0.03059771878665356,0.16298297607643344,0.5471424330154288,0.009273600559583537,0.007850718020578379,0.03080224590007412,-19.175738630697506,63.85078070133136,139.4193194582822,-173.13241017605134,0.13384741364638783,0.045057580254929806,0.1966906911201277,0.03307080009707122
C021_A17_SY15_P07_S14_01DAS.mp4,601,1.8760295856502338,0.0317971116211904,0.03317702875105754,0.16718025544428194,0.380649091938805,0.006451679524386525,0.00556891999918839,0.023420353352837216,-59.56287823462146,58.66726246759195,19.623030856548255,-176.07541774108415,0.183593035358702,0.039072991410093946,0.23108484290060965,0.07866032636300993
C021_A17_SY15_P07_S14_01DBS.mp4,601,2.077863419458689,0.035218024058621844,0.048894816580655025,0.25064834242218054,1.226671171646586,0.020791036807569253,0.058017500224363625,0.32741788534631194,25.55902534337745,67.68199168354563,178.48821830846472,-177.69359718962536,0.14518000618509955,0.07566856384239405,0.2705477565691933,0.03594871821913731
C021_A17_SY16_P01_S01_01DAS.mp4,600,0.38553176085665175,0.0065344366246890126,0.013068269653469135,0.08796431204604815,0.1003379281315391,0.0017006428496871035,0.002169050691682129,0.012040939857077347,3.892984596943856,4.429236606152636,12.126790093261848,-1.7258484258524596,0.11864982058422638,0.03557176704342651,0.15875873719344116,0.07527524516511838
C021_A17_SY16_P01_S01_01DBS.mp4,600,0.3111841770519755,0.005274308085626703,0.014258452950199646,0.08437701828950189,0.14573125746914584,0.00247002131303637,0.0024103727089271106,0.015246272911244259,14.417192830708695,5.493563605687594,25.399539080784237,3.097073969493194,0.1294741584047929,0.03776311848271059,0.17470649262331142,0.08881963062773582
C021_A17_SY16_P01_S02_01DAS.mp4,600,0.7668294008887494,0.013453147384013148,0.02034285505984099,0.12023017504443903,0.5638096142733129,0.009891396741637068,0.021374923600861476,0.09455388369877017,-35.75157726577742,26.917914162741777,11.709820422954149,-134.55673891650991,0.0992618451650248,0.0399096757860943,0.166537191899784,0.04647647036777665
C021_A17_SY16_P01_S02_01DBS.mp4,0,0.0,0.0,0.0,0.0,0.0,0.0,0.0,0.0,0.0,0.0,0.0,0.0,0.0,0.0,0.0,0.0
C021_A18_SY15_P01_S01_01DAS.mp4,600,1.1649648050415644,0.01974516618714516,0.016038907091623814,0.06413096602796885,0.7543518810499155,0.01278562510254094,0.008901395099658179,0.02844337666192442,12.969841439030427,18.246808297446627,86.37074179037964,-23.21762843844806,0.12494549447051112,0.04656279225343714,0.1840533849958513,0.030447571302866835
C021_A18_SY15_P01_S01_01DBS.mp4,600,1.2501676943038538,0.021189282954302606,0.017631014756916655,0.09262751269182345,0.6689692591625884,0.01133846201970489,0.008239034549235906,0.028326863669918788,26.912731916473998,62.63334791876078,171.0995684682709,-161.2415563637319,0.15063946435834766,0.03960104202594858,0.2140571097534594,0.07631687109801813
C021_A18_SY15_P01_S01_02DAS.mp4,600,1.2370419032685818,0.02096681191980647,0.021632752116751287,0.0912309289095208,0.5558291888247513,0.00942083370889409,0.008402918955400596,0.03149776736640082,25.034901678406026,32.540928892026635,141.61531309730108,-102.75444572544116,0.12004747066262876,0.049287159213017004,0.18107929732606817,0.051687090504369614
C021_A18_SY15_P01_S01_02DBS.mp4,600,1.4864621533590554,0.025194273785746703,0.017977835682822754,0.0705008138038819,0.7880953635037332,0.01335754853396158,0.008319132373688505,0.030467672050036625,34.59779493907474,64.4525983201278,176.94263608900852,-156.0729231874709,0.1545509478287935,0.045626097574394536,0.2213839215546236,0.07694110445433378
C021_A18_SY15_P01_S02_01DAS.mp4,600,2.0373471606582005,0.03453130780776611,0.033226571705518154,0.14957353355980224,1.1954040921952462,0.020261086308394002,0.035240989754433856,0.20809244372036004,-17.491155730266403,97.64364013990287,176.40480742317283,-179.9741867339955,0.12455614523972755,0.04065845868895174,0.2187007893851824,0.048347933164789296
C021_A18_SY15_P01_S02_01DBS.mp4,600,1.589135703701512,0.027398891443129517,0.013525456969677862,0.06320178394552846,0.9645505635987466,0.01663018213101287,0.008399313024376957,0.04483647875377176,-14.253283459016911,54.798092215005184,169.48746646496656,-177.86002701750536,0.11357165145119345,0.034089482307530346,0.16251455281916377,0.02389086037509776
C021_A18_SY15_P01_S02_02DAS.mp4,600,2.1970205788393278,0.0378796651524022,0.0515372726629268,0.2306672492061511,0.9468398673035919,0.016324825298337793,0.026308476605560363,0.1478003946479104,-16.98017213814593,102.26754485939831,179.08883791235385,-179.30120897766673,0.11401238025237542,0.03594918177637835,0.1739201156343695,0.018438354908359
C021_A18_SY15_P01_S02_02DBS.mp4,600,2.0259478108855262,0.03433809848958519,0.05257626629763887,0.2852085426488493,1.1440224622542068,0.019390211224647572,0.046935677494320656,0.2655236774031699,-9.22639213314847,54.46836636895366,152.19761905542924,-156.68161802776683,0.092727987729629,0.04339307278814804,0.16467707341008858,0.008912260627985813
C021_A18_SY15_P01_S03_01NAS.mp4,600,3.425011545681625,0.05805104314714618,0.0665124533743486,0.33597138142977434,1.113934755850698,0.018880250099164372,0.04784570657829239,0.20774745150678817,-24.138443913262666,55.130942492232954,145.08264042287325,-177.8780779999242,0.09721758551601892,0.04222284168087406,0.2577018995104128,0.05838177018740089
C021_A18_SY15_P01_S03_01NBS.mp4,600,1.660828841936971,0.02814964138876222,0.02910703921576693,0.1423060546451952,0.5544652889833835,0.009397716762430229,0.008620967325885642,0.030531655557276098,27.26936777329271,35.80694064641927,158.98953829632325,-16.697755425386838,0.15784944479358554,0.0377625680069268,0.21637173470109608,0.052256313338148466
C021_A18_SY15_P01_S03_02NAS.mp4,600,2.285277366054383,0.038733514678887845,0.026627464496796212,0.13352330754351532,0.6397860241031489,0.010843830917002523,0.006172306751038246,0.024422374026220158,-26.78807343270748,67.89326264968857,115.7080635011584,-173.53688882788217,0.15401063565270456,0.04495737047267057,0.25246140177796567,0.058043683034016164
C021_A18_SY15_P01_S03_02NBS.mp4,600,1.63050192164919,0.02763562579066424,0.028508231503962565,0.16192528348798166,0.7903708949012272,0.013396116862732664,0.007707543959311826,0.02706027333757779,36.63386731997034,52.08751226633558,173.32075767798864,-54.057072083558126,0.17766164108305368,0.03769530707920098,0.22475893956444665,0.03892147610094148
C021_A18_SY15_P01_S04_01DAS.mp4,600,2.080061397448039,0.03525527792284812,0.022703716675219605,0.10385822096176062,1.1851154132840633,0.02008670192006887,0.013029246954259438,0.045466412497108324,-2.2594944987814722,64.97317495965477,179.7487668228438,-173.8894658105961,0.16579609062096826,0.03623779353915921,0.22943828138750255,0.09928769260161437
C021_A18_SY15_P01_S04_01DBS.mp4,600,2.0208338167318676,0.034251420622574025,0.02873936886614944,0.1419903471856073,1.145947428503848,0.01942283777125166,0.014673872380260142,0.05364217657042748,35.18666007912802,56.3620463033055,174.311117547699,-19.527660441980398,0.15415205250699507,0.049735641845439785,0.23881927121144983,0.08276869957663219
C021_A18_SY15_P01_S04_02DAS.mp4,600,1.9335235956230532,0.032771586366492425,0.02863495329993684,0.15989274047658894,1.049411311140967,0.01778663239221978,0.013520910223138338,0.048336920525754216,-4.120468365894092,86.03221240097149,178.2994687461414,-175.9969476019656,0.1483422664120921,0.05011286555568524,0.23295339838197873,0.02559041823396795
C021_A18_SY15_P01_S04_02DBS.mp4,600,1.5584092417609243,0.026413715962049566,0.024033986276445454,0.08066447031171797,0.9999527705752272,0.01694835204364792,0.013601496196487234,0.042530557128248755,10.856482183245586,52.754369737336226,175.2547746052194,-179.85405189393907,0.14815411393408578,0.04553066780581954,0.2164283860596673,0.07209609504511848
C021_A18_SY15_P01_S05_01DAS.mp4,600,1.86149126316583,0.031550699375692035,0.026469670855713768,0.153235338011143,0.8760700513455739,0.014848644938060575,0.010179214266815744,0.0362935403845316,-0.5728642773845745,29.279170510376026,93.6424562726925,-91.60866659091373,0.12745102925071172,0.0572931873867696,0.20182375787676476,0.021408704080032818
C021_A18_SY15_P01_S05_01DBS.mp4,600,2.121788736759108,0.03596252096201878,0.04591191316631629,0.25284637724276765,0.8654420351287722,0.014668509069979189,0.012361453917633615,0.04386949286066239,19.483809106233927,54.77226604632099,178.07020767819313,-169.73279272785845,0.18213683406441764,0.053755745892802284,0.27772319438079207,0.0687144359753867
C021_A18_SY15_P01_S05_02DAS.mp4,600,2.417163216291291,0.04096886807273375,0.04445992742618918,0.17872459192052298,0.8463803072499203,0.014345428936439327,0.009636599235837005,0.03746411086655495,1.0354642796219728,36.27210147137714,114.77142054017648,-116.70755398238401,0.12378913705856168,0.06344949659556905,0.23907270904335776,0.015711502560539853
C021_A18_SY15_P01_S05_02DBS.mp4,600,2.0737963496043497,0.035149090671260166,0.038399997605716836,0.1420238575307135,0.8316514841618637,0.014095787867150232,0.01149188304002618,0.04387771437397125,41.70741860598123,61.454144188983605,177.5478103395568,-43.39919922843579,0.16503367212312423,0.053985562811545165,0.2697505193741572,0.08395142435616311
C021_A18_SY15_P01_S06_01DBS.mp4,600,0.992959150598233,0.01682981611183446,0.027519714148089573,0.13332932732715186,0.26684979357885474,0.0045228778572687246,0.0033674241167203807,0.017339090278685014,60.244601475059746,94.42780405263287,179.68778434771173,-179.23763969793112,0.13743071778813143,0.0484021514166246,0.21657325528806648,0.0788993746389607
C021_A18_SY15_P01_S06_02DAS.mp4,600,2.467733390918929,0.04182598967659202,0.04504170338597239,0.2384363960765566,0.6583688974082748,0.011158794871326691,0.009556676017926957,0.03217234506513199,0.9495485945557135,23.698030407846353,29.970146998514675,-94.13279352001803,0.17447192817083015,0.09192594046625797,0.3094593568806288,0.028613748498858917
C021_A18_SY15_P01_S06_02DBS.mp4,600,1.6932087170833867,0.02869845283192181,0.0378355275561132,0.1461740016427849,0.29660195520069094,0.005027151783062558,0.003683558848156993,0.015943096160436612,27.693883736981693,89.84609487022617,179.76549133025475,-173.5616144913029,0.13826754829374888,0.04487702700967807,0.22529124270493292,0.08285497549052943
C021_A18_SY15_P01_S07_01DAS.mp4,600,3.8922360174481527,0.0682848424113711,0.05545883085992037,0.2856917110221327,2.1029148506589124,0.03689324299401601,0.03654160180851339,0.18897365049890713,-17.694259779129297,66.35316480937216,163.94520248212316,-145.15911782829468,0.09596764557138752,0.046199372673834234,0.21682815165996114,0.014819569949437445
C021_A18_SY15_P01_S07_01DBS.mp4,600,1.1307995642980369,0.019166094310136217,0.01373722503692087,0.06626754624257734,0.6684821641847044,0.011330206172622108,0.00808789130346273,0.028946579447288415,8.826554636456347,58.04645213654057,172.2391371190243,-169.10580634323162,0.1501373260899565,0.01898741375219882,0.18915227301160054,0.10820090205720735
C021_A18_SY15_P01_S07_02DAS.mp4,600,1.6155365542450681,0.027381975495679122,0.021820475294222923,0.08228755203696014,0.9226411826870726,0.01563798614723852,0.014565207412159296,0.057730474283302934,-5.531623710345335,40.48682192077392,136.192077443116,-156.95712969638748,0.15936321934193226,0.04395863585629206,0.22978869336993693,0.020403737164033806
C021_A18_SY15_P01_S07_02DBS.mp4,600,1.3458648720216262,0.023204566758993555,0.024737633976779524,0.13580949427021982,0.607191494517659,0.01046881887099412,0.009961037413582154,0.035417563341013016,-12.60054623044766,56.81302926415678,176.00052617201771,-179.50177507128296,0.14699171303769043,0.02819050304354081,0.1924160864633243,0.030041285528403978
C021_A18_SY15_P01_S08_01DAS.mp4,600,2.017956962612785,0.03420266038326754,0.022597834708904085,0.0938919498272642,0.9281355578580146,0.01573111115013584,0.013158672141713639,0.04384824034832266,2.6196232288274164,53.21083983171992,166.13810431476725,-57.037666772310146,0.16689946169400957,0.03698818917691272,0.22948004507440622,0.07990319360032494
C021_A18_SY15_P01_S08_01DBS.mp4,600,1.5466177234412457,0.026213859719343147,0.03184696021429166,0.1475972984699799,0.6397184943435744,0.010842686344806346,0.008258716868386992,0.030926926741268877,15.596875800177664,59.8330032318996,174.87428779115143,-39.70940520334072,0.10480758828473495,0.02456999738715513,0.15846155497687014,0.0347963468440812
C021_A18_SY15_P01_S08_02DAS.mp4,600,1.6155365542450681,0.027381975495679122,0.021820475294222923,0.08228755203696014,0.9226411826870726,0.01563798614723852,0.014565207412159296,0.057730474283302934,-5.531623710345335,40.48682192077392,136.192077443116,-156.95712969638748,0.15936321934193226,0.04395863585629206,0.22978869336993693,0.020403737164033806
C021_A18_SY15_P01_S08_02DBS.mp4,600,1.3343725723889968,0.022616484277779608,0.016320500752990557,0.06312519468503121,0.7976235176380765,0.013519042671831806,0.008914570810868914,0.03942118310923843,10.392459285310833,44.014312950262024,147.0587693859282,-35.21485065008679,0.09799542234760797,0.03296263361157612,0.16152892517396747,0.011990779898080884
C021_A18_SY15_P01_S09_01DAS.mp4,600,2.2136260010597697,0.03751908476372491,0.033350980156667834,0.1543061369315042,0.5703959566193807,0.009667728078294588,0.009455158410377033,0.04000284519179895,-51.78874298915939,103.50479338916908,176.7941109782309,-178.9909428081097,0.15453484087017821,0.04405898953323297,0.23538074620757174,0.09733646096995152
C021_A18_SY15_P01_S09_01DBS.mp4,600,2.363975828681442,0.0400673869268041,0.033181627610853935,0.15480996806822794,0.4372625644984041,0.007411229906752612,0.007411992438080866,0.029483971702537165,-14.82115795008593,24.07709875457353,20.818612423394146,-67.59782637679501,0.13345021761219183,0.04478106532612696,0.20222624849126095,0.04979753645635942
C021_A18_SY15_P01_S09_02DAS.mp4,600,2.7065622591449205,0.045873936595676616,0.040494214756959,0.20172957913412493,0.80702181754694,0.013678335890626102,0.010571661630030699,0.039322923601900255,-21.214451084657206,87.61926947002371,173.0322070397723,-178.91995796966174,0.16418698139923246,0.043891624058446606,0.24433676400329193,0.05279588986713308
C021_A18_SY15_P01_S09_02DBS.mp4,600,1.6187626976368308,0.027436655892149674,0.029059039933810316,0.14894522115103814,0.7188682904571977,0.01218420831283386,0.009498687907753602,0.03259387763671157,4.218298466121653,43.666737889164594,164.86274543698295,-127.85846884047481,0.15598601568845707,0.037004109216268254,0.21862764857650027,0.03819099804797748
C021_A18_SY15_P01_S10_01DAS.mp4,600,1.483504552682623,0.025144144960722422,0.015277651342039953,0.06463944812882964,1.1464274819438744,0.01943097427023516,0.010481179904249394,0.041581458020463355,-44.089353592316094,132.06580667658852,179.9894108144071,-178.70342931169526,0.16779903843696267,0.02999923413033356,0.22486840355402318,0.1045130695165496
C021_A18_SY15_P01_S10_01DBS.mp4,600,1.905714422309709,0.03230024444592727,0.019781469083032646,0.08547197333498337,1.4387700751291181,0.024385933476764713,0.0156140808100765,0.05472145782917318,4.409457742938216,76.77801680823733,179.9599867727584,-179.55043982724507,0.17964588689044822,0.02965199634578543,0.22718960478760294,0.11470294667254374
C021_A18_SY15_P01_S10_02DAS.mp4,600,1.9910351434695004,0.03374635836388984,0.023946691791735517,0.09126225784894484,0.8868668288724684,0.015031641167329973,0.03039587372987916,0.150152085842656,-51.371106030356835,85.45612922252181,179.667504032347,-179.62968669544802,0.13425658457245682,0.04509753967603683,0.22981974405287664,0.0402470196612643
C021_A18_SY15_P01_S10_02DBS.mp4,600,1.069820980476259,0.018132558991123034,0.020048356434039155,0.09184134586185339,0.8402994180285381,0.01424236301743285,0.014950593619003904,0.04428716763834102,5.3433446759321805,65.49038561557177,178.259086305102,-171.96931062599901,0.16966394643100496,0.01776152633673513,0.21821506191708684,0.11391497891165711
C021_A18_SY15_P01_S11_01DAS.mp4,600,1.8233493818537891,0.03090422681108117,0.029762926493249537,0.1705991042029444,1.0314446906943555,0.017482113401599247,0.03187161290667706,0.19734546739979242,-44.88597396165542,87.40455575683134,171.21048042903715,-177.93057037684488,0.10980734207520101,0.04217465547895141,0.18207297709072104,0.010767127497619202
C021_A18_SY15_P01_S11_01DBS.mp4,600,2.0604607899693907,0.03492306423676934,0.02119877836861523,0.08077266511499066,0.8101304295106304,0.013731024228993735,0.01368733755328991,0.049654934594287915,-6.734870980600063,31.340665930339544,48.64682225291196,-165.9340086320256,0.1565453911730123,0.04668020393533593,0.22564073814021962,0.03753484884420726
C021_A18_SY15_P01_S11_02DAS.mp4,600,2.559259090541619,0.04337727272104439,0.042320663483292324,0.2447204834243762,1.7014296183465416,0.028837790141466806,0.040662582895720126,0.16814441320733708,-6.624815034873979,77.48923772947357,175.8461136375041,-173.07799802858196,0.1351876277176529,0.046245170662465605,0.22101527589590927,0.034775145652064736
C021_A18_SY15_P01_S11_02DBS.mp4,600,2.052765934969789,0.03479264296558965,0.055086023006256535,0.23394968075886036,1.6101399851483091,0.027290508222852696,0.05487381572491709,0.26025401371470464,50.8737332957238,77.6074027743249,178.7268948545539,-175.98233759567415,0.17414373085248266,0.031167306025201208,0.2613585464710813,0.09919721533861675
C021_A18_SY15_P01_S12_01NAS.mp4,600,0.9147316950072563,0.015503927034021293,0.014221254887966044,0.06794379584873908,0.5060535481182961,0.008577178781666035,0.015768102352011693,0.08860047052768331,-13.766662604391266,71.6183322715141,172.39137504816333,-179.75054447272274,0.13887501916179534,0.03613865003835042,0.18384574883420152,0.07322707419797896
C021_A18_SY15_P01_S12_01NBS.mp4,600,1.2587603324471113,0.02133492088893409,0.016033472890305725,0.061852949467539615,1.2305870897101494,0.020857408300172024,0.04773718522736852,0.22102079603291203,29.964540117105734,109.63628523825408,177.91805741168443,-178.3712946691579,0.184320240481154,0.06188508534788171,0.2841672972837659,0.018462111524931574
C021_A18_SY15_P01_S12_02NAS.mp4,600,0.9142821456429052,0.01549630755326958,0.013340860613417499,0.05382605552258014,0.35971158170873674,0.006096806469639606,0.005363197547907523,0.026517015348176843,-28.087614187582027,56.9867944537406,48.95328558996525,-174.04424177196938,0.1398017147000156,0.03200986615573359,0.18976321197693935,0.07954183720367317
C021_A18_SY15_P01_S12_02NBS.mp4,600,2.5479922569478566,0.043930900981859596,0.08383502234994121,0.3954943856181093,1.5344362361442683,0.026455797174901177,0.08417298767351494,0.3927334514897914,16.35376436613033,70.2429204538374,175.1153596642235,-155.45397601832846,0.15363680175826822,0.0547734104454698,0.24725459708791017,0.06254994894172192
C021_A18_SY15_P01_S13_01NAS.mp4,600,1.7553009188541462,0.029750863031426208,0.027612209134904447,0.11587821910230471,0.38866125919421635,0.006587478969393498,0.004093131983665028,0.01636193814218164,-63.53391828625409,104.49751832987418,178.36894272998308,-177.06047258891905,0.14884434525189133,0.04270403040457333,0.21991756086742126,0.0511576613351384
C021_A18_SY15_P01_S13_01NBS.mp4,600,1.0761477825163004,0.018239792924005092,0.024352940182454312,0.09994210828291095,0.22086203752461217,0.003743424364823935,0.0034682907062576697,0.016551515606325253,73.32496633739927,44.92287295012108,174.67961641623933,0.4091162926366135,0.18470340062811666,0.05747083213438988,0.2636474344767569,0.11663334938001775
C021_A18_SY15_P01_S13_02NBS.mp4,600,1.534330966363284,0.026005609599377696,0.02881808385820109,0.11749765262975911,0.39740173710297094,0.006735622662762219,0.005036134884185333,0.022445215526729432,76.90658558410242,57.204439521985556,178.8365108636182,-8.905897993282645,0.18662358239700572,0.040518393709269816,0.2623314919304118,0.12109084198821161
C021_A18_SY15_P07_S01_01DAS.mp4,601,1.2785373010998307,0.021670123747454757,0.015034423257663538,0.06530531034302696,0.7740551123282586,0.01311957817505523,0.006238086956671122,0.03034394720345298,9.67883336122985,14.171159783622938,33.42069213563508,-24.455732052481487,0.14572315504486338,0.04177731602926025,0.19253511290256092,0.051505808935559845
C021_A18_SY15_P07_S01_01DBS.mp4,601,0.7113006103767805,0.012055942548758991,0.010762517325015515,0.04212230317694328,0.3603747334782586,0.006108046330139976,0.00579535774409277,0.024293444285117316,24.135525888223246,64.58144262023981,178.25821220744038,-166.89018799973343,0.11025767189591495,0.04257052280699748,0.18350928662792493,0.06380699726909958
C021_A18_SY15_P07_S01_02DAS.mp4,601,1.2319752012322842,0.020880935614106512,0.012390320660520449,0.05354070889323353,0.7392681086341009,0.012529967942950863,0.006730893980304058,0.026561233249487424,10.049958710691918,12.369996584843019,27.96035034938238,-34.09206463247907,0.1385278489243649,0.046934683316433,0.1930341075741853,0.03488867987302937
C021_A18_SY15_P07_S01_02DBS.mp4,601,0.8063445908632083,0.013666857472257769,0.01211038868016613,0.047387501255679636,0.4195660007133559,0.007111288147683999,0.006597279448085211,0.02237403526326452,28.33566458787931,43.99309753662663,179.7185874602575,-173.51703624700673,0.12490538888498996,0.038602399040506434,0.18889166994195947,0.06772303452337038
C021_A18_SY15_P07_S01_03DAS.mp4,601,0.6422630938701586,0.01088581515034167,0.014569015851239434,0.07909764267393025,0.27742997038648376,0.004702202887906504,0.004569186175508436,0.01902111485601716,15.807170694877515,11.762729920981432,34.73648426873965,-9.153360660588078,0.11339527037220284,0.05057431558038011,0.18472369556725277,0.052031398111109586
C021_A18_SY15_P07_S01_03DBS.mp4,600,0.46788426918884746,0.007930241850658432,0.010430019137579865,0.06874021676833654,0.2818280169050128,0.004776746049237505,0.004555410904843769,0.021133159159300287,28.156125368194818,16.873607034705895,62.319072383408944,-15.503903469330282,0.13310994182879027,0.03858952605233851,0.18177795023550714,0.07849167542606865
C021_A18_SY15_P07_S02_01DAS.mp4,601,1.0991163062043157,0.01862908993566637,0.015460104251417535,0.06608309514799997,0.469632491261966,0.00795987273325366,0.005567484746541091,0.02404114679212609,-11.327976044625213,17.829745451348124,37.4723149862683,-54.826781878294156,0.09978295359039283,0.04578458782715877,0.19645409646910728,0.040168322836542966
C021_A18_SY15_P07_S02_01DBS.mp4,600,0.9966268727202345,0.016891980893563297,0.013229671241570196,0.05685056207755512,0.4146390163921653,0.00702777993885026,0.005093715461031986,0.02275819436494764,2.0474004560811983,16.982539902143728,25.638055799854996,-41.79823522156227,0.08313988473033257,0.0431411924545398,0.16885720508269306,0.01889764435078014
C021_A18_SY15_P07_S02_02DAS.mp4,601,1.1466428974690064,0.019434625380830618,0.019844313710182682,0.09626611219187423,0.4173244772370674,0.007073296224357074,0.006503833681758619,0.023383304091049342,-46.83649356149272,62.596342799560986,154.29942116707682,-140.79655766210135,0.10195053636223944,0.047755920307605795,0.20537629161945808,0.0420603962972565
C021_A18_SY15_P07_S02_02DBS.mp4,600,0.894871000258748,0.015167305089131321,0.013271696122290297,0.08763867230032568,0.39255179477751717,0.006653420250466393,0.006147260325362953,0.022775798474163174,-4.923656848127925,51.33711171235452,177.95038867236397,-178.7813782251498,0.13816085602972816,0.04151746924837521,0.18380132819069073,0.04974270348487049
C021_A18_SY15_P07_S02_03DAS.mp4,601,1.0560129942729246,0.01789852532665974,0.01702020471484393,0.089237301857121,0.5293559157956211,0.008972134166027476,0.008018077439941628,0.030066574866594965,0.1683073091907192,22.196638740644605,44.19916019714991,-92.13624316324082,0.14234952068784346,0.043293162120541226,0.20416189891142955,0.03390520160432938
C021_A18_SY15_P07_S02_03DBS.mp4,600,0.8787683827492798,0.014894379368631862,0.01505908515178278,0.08197501411152491,0.3970726006052785,0.006730044078055567,0.006573982196139371,0.024431352967161313,18.694674869424407,46.93005912882816,163.1682563508808,-82.50678663051805,0.1278450761912991,0.04928243168822786,0.1830817338040868,0.003065467254558728
C021_A18_SY15_P07_S03_01DAS.mp4,600,1.3763284804672233,0.023327601363851244,0.01668362371130353,0.08815472813204944,0.7085346957148131,0.01200906263923412,0.007417002518763624,0.03267882711773868,-29.638019580561252,25.545937801494404,17.978225201728733,-72.63090042165845,0.1379143359609801,0.05283733199972983,0.23540857341304924,0.06595154508126007
C021_A18_SY15_P07_S03_01DBS.mp4,600,1.50347697572485,0.025482660605505934,0.015210421571342348,0.07207592245830445,0.870708494581954,0.01475777109460939,0.008020808678930675,0.0356522906929294,-22.807513200997217,24.294967157747514,41.877393408812,-56.77901114887912,0.13683027815170584,0.058352953848832524,0.2575174426440047,0.0637068723567796
C021_A18_SY15_P07_S03_02DAS.mp4,600,1.5216597347524135,0.025790842961905314,0.026599942576711687,0.13857360558090456,0.6455346902014103,0.010941265935617124,0.00941044115115073,0.03195529534397269,-52.60005661947498,78.7874930874854,179.9969122774597,-178.9335032872504,0.16584774526182197,0.049890009168054666,0.24918096445506305,0.09766164351226325
C021_A18_SY15_P07_S03_02DBS.mp4,600,2.282469763209942,0.03868592818999902,0.03166212017010141,0.13627955123349664,0.8874038584497769,0.01504074336355554,0.010387833415575452,0.03436563634632052,-24.52899990251761,38.247127787905654,64.80750311456498,-107.03589562215012,0.16546755544074587,0.05622177971075174,0.2573255281551527,0.0688194127114492
C021_A18_SY15_P07_S03_03DAS.mp4,600,1.5673879735944953,0.02656589785753382,0.028871972500845305,0.12657913177446148,0.37869824441281125,0.006418614312081547,0.007473607109873533,0.04273026110683841,-11.965848870108493,25.138283100546435,19.689666617326505,-93.3880443800294,0.18642887175827833,0.037580688253087184,0.2425879611257703,0.10755117533329223
C021_A18_SY15_P07_S03_03DBS.mp4,600,1.902402319575152,0.03224410711144326,0.026115376000578974,0.09155814869183543,0.914554767006975,0.01550092825435551,0.012215400208577856,0.04249336240079429,5.429023491513118,18.727936279876623,44.88598645211795,-42.98120632957978,0.20709187055771033,0.03790773623894273,0.27161063330482876,0.08484106513079151
C021_A18_SY15_P07_S06_01DAS.mp4,600,1.500269047291113,0.02542828893713751,0.018758899195166163,0.07351824456873145,0.973352369361131,0.01649749778578188,0.012092590518178977,0.04823272259060003,21.593650899024514,23.05097895190437,84.54722556194166,-37.03824750877566,0.11728211134432005,0.05550614081126046,0.1953306255025854,0.03121034194396197
C021_A18_SY15_P07_S06_01DBS.mp4,600,1.106490661332946,0.018754079005643153,0.013366663178714329,0.05100812603009283,0.6656550889537849,0.011282289643284489,0.009912103586868259,0.040005012762534806,43.18997574727968,39.18996065070372,133.50091672571125,-177.5781675569555,0.09351606630159277,0.04426992083115265,0.19792551337026845,0.04076685577250255
C021_A18_SY15_P07_S06_02DAS.mp4,600,1.1079240495525078,0.018778373721228946,0.019810732808237176,0.06801924927632187,0.5690313813186938,0.00964459968336769,0.012105199026533134,0.04976328254698636,7.889100526888364,19.103008164337588,89.87536106142892,-51.64504684823345,0.11500122796741101,0.04908037062890163,0.1995809846767607,0.0702275531307374
C021_A18_SY15_P07_S06_02DBS.mp4,600,1.2788659445348516,0.021675693975166974,0.019608457726990783,0.07171132146000744,0.7955083489435588,0.013483192354975573,0.012420033768464527,0.04434416283370017,21.335031418851294,49.287528441351995,177.93394729296494,-177.5267952837178,0.13295113526411642,0.04054799752510259,0.2004448761910671,0.08872136003611109
C021_A18_SY15_P07_S06_03DAS.mp4,600,1.936690532413771,0.032825263261250355,0.021020630224084035,0.08601739477888364,1.1456446641335483,0.019417706171755054,0.012364303148583455,0.0512412473942215,3.4937221342734053,40.09992678045736,134.59502006277995,-119.16089793325052,0.15676889869809668,0.030842735241276512,0.19836492281860263,0.07526985985402856
C021_A18_SY15_P07_S06_03DBS.mp4,600,1.9610131691440698,0.033237511341424913,0.024239865928664728,0.10104533033398658,1.0056927682661563,0.017045640140104342,0.010909883782605719,0.03897999300235969,23.468071602877732,43.14205386522411,167.03026952195714,-46.55901133495435,0.1493941856289527,0.03144922584892475,0.20009857877224255,0.08886117851671431
C021_A18_SY15_P07_S07_01DAS.mp4,600,2.508605267204636,0.04401061872288835,0.06209222013585968,0.3174117886903323,1.5816242061287409,0.02774779308997791,0.04799344057341185,0.20739021385400058,8.765461281816878,76.17732189372317,174.48104684945696,-176.88481438293792,0.09244970388966305,0.050341938433187794,0.17009644260072077,0.014366471744753806
C021_A18_SY15_P07_S07_01DBS.mp4,600,1.8407688991733229,0.031199472867344456,0.03494917537457525,0.16812010799848892,1.0575251869320508,0.017924155710712725,0.03354253173361196,0.19388194938274922,13.497602242697212,26.431841419112477,110.66801630928155,-100.45965885129864,0.11421425188461878,0.05405694608361129,0.1830034592949077,0.030688934722508013
C021_A18_SY15_P07_S07_02DAS.mp4,600,2.2395621203603238,0.040719311279278615,0.05803797708409057,0.20306924188069975,2.238687839758337,0.040703415268333404,0.06727440586910662,0.21595422764338756,-11.556711065926018,46.484228200716636,129.57146761677157,-164.30197918886628,0.0847929808154894,0.04633334251521831,0.15344018378992202,0.014101879382539297
C021_A18_SY15_P07_S07_02DBS.mp4,600,1.9201758663011483,0.03254535366612116,0.038796812165582624,0.19494565520750812,1.4737971288450311,0.024979612353305612,0.049887956601264306,0.2181117459705954,-3.597529452208461,33.85044823946896,144.96114514212763,-124.81418713816838,0.11949303765398281,0.05317210142532652,0.18437250147623924,0.03478437961519012
C021_A18_SY15_P07_S07_03DAS.mp4,600,2.4021202151981327,0.04141586577927815,0.0547298572373708,0.19682017010995875,2.034433084638936,0.035076432493774755,0.05702198147885229,0.20200536435182384,-5.1321615875500335,112.1154875346395,177.6498662604371,-178.74646719893786,0.1348294782584576,0.016028908702497815,0.16300780250713537,0.08100849685709677
C021_A18_SY15_P07_S07_03DBS.mp4,600,1.7156248167410055,0.029078386724423824,0.02179903133001037,0.08638477010199798,1.85973995609608,0.0315210162050183,0.050834965515766065,0.20082081321470371,-15.817476436695857,44.40571102930211,40.51467063553595,-163.45277058899637,0.14021077449263428,0.03720440046892918,0.1866027132685051,0.029453225719232774
C021_A18_SY15_P07_S08_01DAS.mp4,600,1.8820252642134339,0.03189873329175311,0.020646346803023307,0.09200720958781482,1.0306681398346413,0.01746895152262104,0.012938202085392078,0.04870139552395869,-32.8780492543833,31.47762756227927,27.78217565543667,-138.74214048415303,0.20731488344437424,0.06764172056694585,0.31378978249450634,0.09363240313521115
C021_A18_SY15_P07_S08_01DBS.mp4,600,1.6247737278487666,0.027538537760148588,0.01753137912029149,0.0804589044566736,0.9465815639379592,0.01604375532098236,0.010185404106192938,0.035915664943283424,10.346377342989337,48.53695866207732,175.41944214598925,-153.0563530305979,0.20034671957391245,0.04255801211276835,0.26179634918306277,0.11233504158449883
C021_A18_SY15_P07_S08_02DAS.mp4,600,1.790166815767934,0.030341810436744644,0.027123731158310353,0.1060448103023647,0.9634019860646742,0.016328847221435155,0.014975537915204841,0.04619639500709805,-7.666692735263181,35.84243036042056,83.54564730342797,-152.10087412548913,0.25830295725169833,0.046932863286054345,0.32808333118698135,0.17157081031690308
C021_A18_SY15_P07_S08_02DBS.mp4,600,0.6940323275167826,0.011763259788420043,0.017327073691399672,0.07730423369341613,0.40297723760130494,0.0068301226712085585,0.009447323411433624,0.035247350133203084,2.5853152600863734,45.19394522966241,174.87734960870753,-179.12468015192675,0.21011586082379966,0.018260707176109232,0.25485560934648893,0.16399571668498605
C021_A18_SY15_P07_S08_03DAS.mp4,600,1.6847113349844534,0.02855442940651616,0.02300974713984602,0.11313960497011162,1.047740076406746,0.017758306379775355,0.014450597377897592,0.04452907653265204,-21.32682831540274,28.889002447935944,35.31754639774412,-102.13715827202797,0.2513986635896147,0.0428793053046671,0.335408156340653,0.18014660552075062
C021_A18_SY15_P07_S08_03DBS.mp4,600,1.3626867611359565,0.023096385781965365,0.022604787509981406,0.1059162051405703,0.7950628726180421,0.013475641908780374,0.01159723227111209,0.04111588322790459,-0.6226527356611331,49.67695939250018,169.3472323293483,-176.68331130150244,0.20895835716838834,0.02692185631312401,0.25824036163380276,0.14391368482130393
C021_A18_SY15_P07_S09_01DAS.mp4,600,3.0189075683067337,0.051167924886554805,0.06530774860741924,0.269867994401121,1.5370685167040785,0.026052008757696248,0.042447040133373255,0.17313716037206608,30.032464543083947,82.58925465709994,174.74511041275,-159.6504884515387,0.12696337105020364,0.04303340491142979,0.18276260998591268,0.03740974937411482
C021_A18_SY15_P07_S09_01DBS.mp4,600,1.1389435930685488,0.0193041286960771,0.01759347877750058,0.06961428631542188,0.7939368326135959,0.013456556484976203,0.01230593712770618,0.055934466195603084,-7.924139854659206,45.80965888892227,169.26681618688374,-178.6798693328935,0.21901420416236975,0.0630310993228833,0.3365377957161399,0.14402260481575568
C021_A18_SY15_P07_S09_02DAS.mp4,600,2.596031681466785,0.04400053697401331,0.05817798213607064,0.25568795994175636,1.5658718384222918,0.026540200651225285,0.0453618907738591,0.16349999674601373,18.96459813385769,64.3718378229038,175.95095656201403,-164.5933157499681,0.14439111739977745,0.02676295336541022,0.19203058472631185,0.05970643345766741
C021_A18_SY15_P07_S09_02DBS.mp4,600,0.9556532761226803,0.016197513154621698,0.019292471679162,0.0916610940426408,0.5560150824354159,0.009423984448057896,0.012262758486891385,0.04910950831770645,-0.13888445133355354,38.938355176549976,160.07730826976763,-177.00088012361624,0.26284104804647695,0.028936186749633438,0.3437506139039107,0.17486825891376462
C021_A18_SY15_P07_S09_03DAS.mp4,600,3.6517259269517077,0.0618936597788425,0.05081961642566139,0.19865108366150389,1.366350349503785,0.023158480500064152,0.04556899072310353,0.17546115289044176,10.411169973605672,60.86222765097805,159.91720167216377,-172.67506335960536,0.1013967199887775,0.049516500667767215,0.1901115723399505,0.0029024116174702565
C021_A18_SY15_P07_S09_03DBS.mp4,600,1.1271167625233514,0.019103673941073752,0.023959016915823275,0.0909460646386423,0.5223046136228058,0.008852620569878063,0.011446935579283432,0.0473894940169385,-1.894739440452479,19.69249414873531,64.62574782475818,-114.23593659152372,0.2438122237307139,0.029841422523282774,0.3321588589859575,0.1777999120798215
C021_A18_SY15_P07_S10_01DAS.mp4,600,1.3552380551186962,0.022970136527435528,0.018329129778226715,0.0727361998802521,0.42167815665461206,0.0071470874009256285,0.008145319252711895,0.03156053641918613,-1.7177501562004522,11.63974782456616,17.31798338632286,-30.14928094140112,0.14309806675491302,0.03575512420202241,0.2154248094024495,0.05378959978553159
C021_A18_SY15_P07_S10_01DBS.mp4,600,1.172744601702271,0.019877027147496118,0.018763327886411673,0.07654482136289707,0.4691477314333344,0.007951656464971769,0.00943817551881985,0.04892899471871982,14.162599908465548,24.8590359170655,165.49614100939564,-13.02251795976877,0.15421854666346643,0.060758007625177746,0.25090858239501573,0.0017967833217483872
C021_A18_SY15_P07_S10_02DAS.mp4,600,1.2634984877233968,0.021415228605481302,0.022039118016599538,0.13292311668321258,0.4246582128098093,0.0071975968272849035,0.007335488065699218,0.02543181533628303,2.487241655986322,25.55959887573096,28.6381647564271,-75.01285964422706,0.149079816716465,0.051160421967864245,0.2050400309128857,0.023701800117582876
C021_A18_SY15_P07_S10_02DBS.mp4,600,1.2897964194837377,0.021860956262436233,0.03040505164227205,0.18346769743568256,0.3479746904499547,0.005897876109321266,0.006202212352924309,0.024456982608354987,45.04787066947706,54.81982780576914,147.6471091407117,-30.291454182727737,0.15012452090233497,0.0691873349394706,0.23979303659586018,0.07209540381138094
C021_A18_SY15_P07_S10_03DAS.mp4,600,0.8825442394823505,0.014958376940378822,0.014617266845032586,0.06051925505737407,0.4551619518551981,0.007714609353477933,0.00694106428605638,0.026859793057922007,-20.892783250674764,31.303228302679248,23.742522273857702,-130.59010455135714,0.13285157988017582,0.05023931936724506,0.22731334574251594,0.07659886910734492
C021_A18_SY15_P07_S10_03DBS.mp4,600,1.316894116757274,0.022320239267072443,0.017355616575678325,0.08128256114111321,0.5870487341070767,0.00994997854418774,0.007877046645238785,0.02734780724176053,7.2603547336982865,43.55169543206486,165.16354149993182,-104.22543482379865,0.174409865329447,0.053868612299633266,0.25748530869214853,0.05217609987806819
C021_A18_SY15_P07_S11_01NAS.mp4,601,1.091819908754496,0.01850542218227959,0.015027901799245201,0.073400599995903,0.4880783687916029,0.008272514725281404,0.006620790082035981,0.025408666889462826,-15.136906107000955,17.16193276689409,19.53256366373103,-50.76992880876998,0.1329542924154859,0.041522935794632884,0.1770817206539906,0.05012206258062703
C021_A18_SY15_P07_S11_02NAS.mp4,601,1.685561341331747,0.0306465698423954,0.021339203078784126,0.1098056157072414,0.30535095785049643,0.005551835597281753,0.006302055312073943,0.034869025297849736,-29.50781079301788,16.919109344439914,11.064091839742606,-53.9668551119491,0.11475697880924675,0.029581313844806473,0.18003377832808234,0.05823197932596949
C021_A18_SY15_P07_S11_03DAS.mp4,601,0.8454029812251882,0.014328864088562512,0.015863005092535666,0.08144731739019644,0.28380581921622267,0.004810268122308859,0.004592339681540358,0.021382009453685884,-16.5156115895017,13.447554872177816,18.561532539572934,-41.690797854214026,0.0806722411724959,0.05972998794520898,0.17385895635885373,0.00905076845044557
C021_A18_SY15_P07_S12_01NAS.mp4,601,1.4387444382827321,0.024385498953944613,0.01785301642065161,0.0737576005022191,0.733838683769617,0.012437943792705373,0.011008245444234134,0.041793611593432416,-12.588960365424212,53.534134740254196,56.76281093037806,-175.16129405230834,0.1525709014529158,0.06430269414630257,0.2779558584299657,0.06493148075568575
C021_A18_SY15_P07_S12_01NBS.mp4,601,2.5928265113415807,0.043946212056636964,0.05888199407265583,0.2623960739757896,0.8131599916386046,0.013782372739637366,0.010168277295762725,0.03569434899627756,-2.2164701195652734,59.67045850155762,155.2244570445047,-168.82099129967298,0.13286933574284332,0.048247542401149424,0.21055795068625377,0.025842726783199745
C021_A18_SY15_P07_S12_02NAS.mp4,601,1.744679773017104,0.02957084361045939,0.02208567345470298,0.09777337521804158,0.815513725548079,0.013822266534713204,0.012991027067394089,0.05445507702887404,-15.9277317545481,65.29544055966917,179.7317763137613,-173.6223211395074,0.18527173905330235,0.03373503503577258,0.2626933183889112,0.09218913653698611
C021_A18_SY15_P07_S12_02NBS.mp4,601,1.703730760587646,0.028876792552332983,0.03573727990331819,0.17472073333367522,0.7604303873285319,0.01288865063268698,0.013447412778128748,0.0419897875205604,-0.3654954836193324,38.304903808687456,166.3128363205221,-178.10618138719556,0.09568232350494421,0.06507343816409188,0.2103864753974442,0.020909209487425875
C021_A18_SY15_P07_S12_03NAS.mp4,601,1.282517392436614,0.021737582922654475,0.016756394442170433,0.085170715007641,0.7954548751970983,0.013482286020289802,0.012616622488316053,0.04889158689153935,-15.905995926260397,66.95068432725269,169.20165854853,-177.24447559480453,0.16217203688584172,0.05459001167677057,0.2669419696575627,0.0715235028070418
C021_A18_SY15_P07_S12_03NBS.mp4,601,1.5978776004405038,0.027082671193906845,0.04302723104713633,0.2734450532819508,0.6623976784939175,0.011227079296507077,0.01221820496829387,0.03897215813082403,3.0329927479250074,50.972472504708236,150.35152735035115,-168.62208278026597,0.11875489607913248,0.05845227844336589,0.23754697532407734,0.028604694109396946
C021_A18_SY15_P07_S13_01NAS.mp4,601,1.61246093498515,0.027329846355680507,0.021488436556475504,0.10235524593353668,0.6783331040534564,0.011497171255143329,0.008920937893651202,0.03545576433786665,2.3275836233288127,26.67108736707375,90.73789611006175,-81.40541502259693,0.14482153748974064,0.0401500515732884,0.22389467454448483,0.07626755041654801
C021_A18_SY15_P07_S13_01NBS.mp4,601,1.7105834936598008,0.030010236730873698,0.036077424381806375,0.17281491610627095,0.4995449748952492,0.008763946927986828,0.007523626703152426,0.032895023228950084,-7.7422494506283375,37.88869079204507,21.66095632139684,-160.30462790624978,0.12724169558112639,0.044087016381602305,0.20307084767493666,0.04034560175885238
C021_A18_SY15_P07_S13_02NAS.mp4,601,0.9906463895505493,0.01679061677204321,0.023780573092155498,0.13040330160422162,0.41518770022649226,0.007037079664855801,0.007881976788931086,0.030066949184741627,8.595756016831944,22.883526200178608,109.49502321425574,-23.95608433637903,0.1787772200014863,0.027433632368542533,0.20008255523286886,0.06905397414338
C021_A18_SY15_P07_S13_02NBS.mp4,601,1.1668149754596766,0.01977652500779113,0.024605182976585097,0.11432141165920756,0.2986184550674266,0.005061329746905536,0.005690102110317223,0.03184919434869847,1.3986400353395552,42.53192214836315,106.46987884788865,-97.33072898680358,0.1631566402157791,0.02872608264991315,0.22015669108789915,0.06708071063665202
C021_A18_SY15_P07_S13_03NAS.mp4,601,0.905754626727876,0.01535177333437078,0.015927842521588503,0.07340107026601489,0.3753640089271079,0.006362101846222168,0.008071946232500626,0.03135459187117179,7.613662684189509,24.927788592490746,166.82022874037867,-31.147391396390137,0.10698276079013079,0.060932297900212755,0.21337460467073335,0.0452640602792835
C021_A18_SY15_P07_S13_03NBS.mp4,601,1.285867833911245,0.021794370066292288,0.040154457172349195,0.2140978125987536,0.47295889152687276,0.008016252398760556,0.007688639371172291,0.030735093129664125,4.5926809569967,30.15199945761837,41.77733881608451,-108.54051493562123,0.12112265916100153,0.04332280290486382,0.2019300178799209,0.04254953918232612
C021_A18_SY15_P07_S14_01DAS.mp4,601,1.6160612917892916,0.027390869352360875,0.031548652554529225,0.1888233957711601,0.4609867767264086,0.007813335198752687,0.006250074321952961,0.02898273231076438,-55.8933751021586,67.28324220505684,12.0408617130084,-179.9416179030514,0.17496444226804259,0.053075805785719556,0.26316420236891974,0.01239121298326834
C021_A18_SY15_P07_S14_01DBS.mp4,601,1.608122852974455,0.027256319541939914,0.04254985176789067,0.2444257873239002,1.2207639209460595,0.02069091391433999,0.058139410895664045,0.3472544658854552,37.029250188706605,69.01011787855795,170.96094657143064,-164.89601982279527,0.16415443842525407,0.0548222702957094,0.27532379710803057,0.09808368710984973
C021_A18_SY15_P07_S14_02DAS.mp4,601,1.581211598179438,0.026800196579312506,0.023064833343307202,0.11100245870636642,0.5999172495713911,0.01016808897578629,0.00835616932299372,0.030824250836632663,-45.8530573262641,63.85438288089314,14.244825465037843,-173.6399164325068,0.18747858891805388,0.032997950709742735,0.23642668512294507,0.08786971813099594
C021_A18_SY15_P07_S14_02DBS.mp4,601,1.1944398760244161,0.02059379096593821,0.02423816437242196,0.13155164421328308,0.7961422741486216,0.013726590933596924,0.034245310586538416,0.19331948722978345,16.336359505407987,67.40485249922531,174.7313132873575,-179.2909948466668,0.15172683446158175,0.050139048297842354,0.28434160533978403,0.08081711948167382
C021_A18_SY15_P07_S14_03DAS.mp4,601,1.3077706106326779,0.02216560357004539,0.02683451653107297,0.1329754732726043,0.3962773982151967,0.0067165660714440115,0.006019579719026255,0.02919854848971538,-35.752540675459635,55.990207679309336,9.44632847369326,-178.51512018275199,0.12682532373410235,0.04680184575281978,0.22623415981284806,0.03493642372675189
C021_A18_SY15_P07_S14_03DBS.mp4,601,1.0189841475358719,0.017270917754845287,0.021432206466577824,0.09108331023931217,0.5182741515694701,0.008784307653719832,0.009862795906226391,0.03901095425593761,17.415005939132204,59.808313768833386,175.10709569065781,-175.3501760504786,0.14168050516754918,0.06900443247612432,0.2753512315449407,0.07615822878627346
C021_A18_SY16_P01_S01_01DAS.mp4,600,0.5892174112958339,0.009986735784675151,0.014712145064009367,0.088522350926307,0.2211653478854283,0.0037485652183970896,0.0046793144947663646,0.019374781835292308,11.51886920944018,4.693334359737622,34.38444484069235,-1.4906031160182502,0.08538293327300824,0.04441166757533566,0.15318167128899474,0.033510635014349914
C021_A18_SY16_P01_S01_01DBS.mp4,600,0.5964082287246597,0.010108614046180672,0.015734587762543058,0.1028497931768171,0.22209476753941862,0.0037643180938884513,0.0042577464588263985,0.01873766967538213,21.87440461928022,17.689201276274485,151.66024595414905,11.209375551824241,0.14312479183170332,0.03830917929658529,0.17569688485564675,0.054804768335991336
C021_A18_SY16_P01_S01_02DAS.mp4,600,0.4014759746542466,0.006804677536512655,0.011067612881587335,0.07960984082646634,0.09596259426569552,0.0016264846485711105,0.0017587718882063168,0.008263914447625458,17.488169536808844,4.648335963250406,30.08720066351858,7.406714176044799,0.1004988820400884,0.05414779799101674,0.15360379303673186,0.020868277865840393
C021_A18_SY16_P01_S01_02DBS.mp4,600,0.3372887166672016,0.005716757909613587,0.011199610273918982,0.08010708827152833,0.12754592308307647,0.0021617953064928213,0.0021233436269238112,0.011830164914345033,25.379040708184498,6.711517836157928,38.599580477163315,15.856269056843598,0.12689243070989795,0.04583503979230237,0.169868988406376,0.05124235010902086
C021_A18_SY16_P01_S02_02DAS.mp4,600,0.8673939600477493,0.014701592543182191,0.014454391290456716,0.062971690956991,0.2258951415304329,0.003828731212380219,0.004377348189630103,0.025323210350070985,-14.072738842049027,37.531230299211394,176.72996028311223,-149.20511912105147,0.11478785411196282,0.0289683716104703,0.15804151652682366,0.042849750020090255
C021_A18_SY16_P01_S02_02DBS.mp4,600,1.2117322648848239,0.02053783499804786,0.021510621938403383,0.09166048371936772,0.21332895574548405,0.003615745012635323,0.0058746231147334465,0.0349689940083964,3.9368236727368373,14.748342695227926,25.901931567072296,-38.32685919795409,0.08516156270037098,0.02233064162065398,0.12621276086109223,0.039416783231756694
C021_A18_SY16_P01_S03_01NAS.mp4,600,3.475196146587215,0.05890162960317314,0.05659828539777777,0.23304690944694642,0.3122402282475361,0.005292207258432815,0.0032325632606766035,0.01759058976973458,-17.09380089543485,41.46703027546247,30.6840382979422,-124.02600920854384,0.12391221493961092,0.06019643744984875,0.25635041272765446,0.03304063649573014
C021_A18_SY16_P01_S03_01NBS.mp4,600,1.117379757094378,0.018938639950752168,0.022199743512119785,0.11124375873866363,0.32306981980009175,0.005475759657628674,0.005033688885682445,0.030502590612510337,17.757075826323828,12.629546848577428,40.32247160768374,-5.9150699984474135,0.14403150633836734,0.04482293282734775,0.19011541062321588,0.04617238369787221
C021_A18_SY16_P01_S03_02NAS.mp4,600,3.008327482726482,0.05098860140214376,0.04241437076135582,0.21103471668138005,0.38259896187692466,0.006484728167405503,0.0041795816187523436,0.020235959267379377,-2.6256244075468618,34.75817167564987,85.33869330818362,-108.58411005691197,0.09893404051981498,0.03659848056953498,0.22906910430034058,0.033834062351274286
C021_A18_SY16_P01_S03_02NBS.mp4,600,1.1497004189757676,0.019486447779250297,0.019761677522296656,0.08888673775861665,0.39420289873542225,0.006681405063312241,0.004629924896460398,0.021074053496077452,17.65589308228018,13.30799235947622,35.016859946744546,-18.021690760754936,0.15324093403438047,0.04428089013220866,0.19546427263622482,0.03634514331882863
C021_A18_SY16_P01_S04_01DAS.mp4,600,0.8950261600379398,0.015169934915897285,0.015170521193164133,0.07055580522128797,0.2204371676818587,0.0037362231810484526,0.004813583675047595,0.023688903960861814,-3.7682799671558285,5.130664625590289,10.990708062654605,-20.706441137887552,0.11614217784774651,0.03347992306224458,0.19360221765398222,0.05651822185464344
C021_A18_SY16_P01_S04_01DBS.mp4,600,0.6787324282338852,0.011503939461591275,0.014526436365721115,0.07974918904022574,0.22888470496603194,0.0038794017790852874,0.004197419007069463,0.02083503142393679,9.118706720134336,7.810946392434868,46.51311352221389,-0.6261254233968425,0.11664135063508689,0.036934284197152695,0.19684858176725623,0.07880994926864875
C021_A18_SY16_P01_S04_02DAS.mp4,600,0.7720230126920424,0.013085135808339702,0.010573399210549884,0.04439563435161993,0.08915354529634206,0.001511077038921052,0.0019538800038535185,0.01336925156376117,-0.5259331791781289,2.9360559539019544,5.282481701755445,-5.656558668953575,0.1377492945910786,0.0164336585581746,0.1715424569797404,0.09735088903626526
C021_A18_SY16_P01_S04_02DBS.mp4,600,0.32111295543113555,0.005442592464934501,0.010017689865727129,0.07114051573100372,0.09926944383873305,0.0016825329464192043,0.0016257272373225112,0.009652382454180554,11.766324507474991,7.051320594728652,23.976850135151683,-0.03965513260116402,0.13911160915517465,0.043107617625243025,0.18581944634679248,0.08705405818662137
C021_A18_SY16_P01_S05_01DAS.mp4,600,1.894171750375246,0.03210460593856349,0.0574592198329002,0.3338028809485392,0.7100879400782818,0.012035388814886132,0.03491430317641094,0.1988437103191749,7.277579083903278,20.27934947405267,156.59851564086256,-4.888340302074141,0.0953565710384588,0.05678059794488935,0.17860693171412087,0.0255867900150697
C021_A18_SY16_P01_S05_01DBS.mp4,600,1.183919455597487,0.020066431450804865,0.035325786484808296,0.14717750291218967,0.24411878690456176,0.004137606557704437,0.0030470580690489034,0.016010550295333135,10.330838346886406,15.67647230045733,64.77800096184951,-25.341629198426144,0.1723785436734916,0.048509157088575235,0.21477616147446776,0.07752463053250691
C021_A18_SY16_P01_S05_02DAS.mp4,600,1.894171750375246,0.03210460593856349,0.0574592198329002,0.3338028809485392,0.7100879400782818,0.012035388814886132,0.03491430317641094,0.1988437103191749,7.277579083903278,20.27934947405267,156.59851564086256,-4.888340302074141,0.0953565710384588,0.05678059794488935,0.17860693171412087,0.0255867900150697
C021_A18_SY16_P01_S05_02DBS.mp4,600,1.8905032960414625,0.032042428746465464,0.047697835868447065,0.18377933242867983,0.2602261662288525,0.004410612986929703,0.0034814842058218903,0.022997863320786162,13.291469516368702,21.60318916325195,131.13208335520574,-24.551347890003488,0.1551143111624676,0.051358744635915804,0.22237330679488462,0.08665635543391703
C021_A18_SY16_P01_S06_01DAS.mp4,600,2.074748714632633,0.03516523245140056,0.044380747462146194,0.21545254154425017,0.4374549300966672,0.007414490340621478,0.007444616260602565,0.03221894089059084,5.138065062025486,9.05913090321618,22.58120699232838,-15.085616315896363,0.12153025165861739,0.07923263170672096,0.3164709341409829,0.014805569045261983
C021_A18_SY16_P01_S06_01DBS.mp4,600,0.8255812060761416,0.013992901797900706,0.027171002863298623,0.15453812839430256,0.207469469767056,0.003516431690967051,0.00214689144386715,0.010218091178250042,34.16632446830947,58.36550247279661,161.4774873418228,-165.57204711553635,0.1627643051029443,0.04844345717555106,0.20475195331682042,0.08539518027229301
C021_A18_SY16_P01_S06_02DAS.mp4,600,1.8069819113710974,0.030626812057137246,0.03158066935942939,0.14740859462980313,0.3016180489652137,0.0051121703214443,0.005550151844134478,0.030291259296250105,7.82452837368157,3.8843730185956837,14.379585708763551,-3.205112466936295,0.05569194679716131,0.0545357963833806,0.20214556816234994,0.004625945470895371
C021_A18_SY16_P01_S06_02DBS.mp4,600,0.3462767945224834,0.005869098212245481,0.009795567942410887,0.06803347625718427,0.1546074631254331,0.002620465476702256,0.001694630154088659,0.008745997663260358,56.53318335415002,63.128924447307206,175.68028000000504,-173.3276279086278,0.11567483704855608,0.037198165541610574,0.20034188289381993,0.08173431851435634
C021_A18_SY16_P01_S07_01DAS.mp4,600,1.0586498795617272,0.017943218297656393,0.02039258006936489,0.09023264155565827,0.36486443430095616,0.006184142954253494,0.005205075915974897,0.024382682547243278,-9.587938773838141,11.404490120001066,13.088182077031577,-38.710008971694585,0.15981403953853737,0.029863321145054522,0.19983687640757833,0.08124252918882684
C021_A18_SY16_P01_S07_01DBS.mp4,600,0.5971862702200988,0.010121801190171167,0.010307285952502106,0.050066511469371654,0.24741880223749319,0.0041935390209744605,0.002629505850848524,0.012914899694321972,-3.7510577578424145,16.32565441130484,103.18247892412566,-24.590817764390323,0.13807806654057295,0.018999206598249,0.17044131595101916,0.08560932048325394
C021_A18_SY16_P01_S07_02DAS.mp4,600,1.3030093492326016,0.022084904224281384,0.0212968130822795,0.11104175934322519,0.31561924065209773,0.0053494786551203,0.004156655480897183,0.016469051813802166,-7.086810404852492,11.806354070188258,13.841362079839433,-43.44529287249857,0.13781758367576244,0.028198952734259583,0.17901077246354277,0.052526598011829954
C021_A18_SY16_P01_S07_02DBS.mp4,600,0.6091082984834211,0.010323869465820696,0.018357742428644956,0.1351711386795823,0.23179359823614057,0.00392870505484984,0.003524756262549845,0.018651857521814426,-1.4773712814408617,9.483783143696016,15.397539381112685,-31.550965982483465,0.14053446949034357,0.019667959625362025,0.15689463489532096,0.03509085604371646
C021_A18_SY16_P01_S08_01DAS.mp4,600,1.0586498795617272,0.017943218297656393,0.02039258006936489,0.09023264155565827,0.36486443430095616,0.006184142954253494,0.005205075915974897,0.024382682547243278,-9.587938773838141,11.404490120001066,13.088182077031577,-38.710008971694585,0.15981403953853737,0.029863321145054522,0.19983687640757833,0.08124252918882684
C021_A18_SY16_P01_S08_01DBS.mp4,600,0.923443220395906,0.01565158000671027,0.020432199236056332,0.11330488151381324,0.29785160710338376,0.005048332323786165,0.004059320843050673,0.01888466407342366,11.650232507807143,35.53453771396706,105.43924283432636,-32.5235541274934,0.1107598460259159,0.021426869587215687,0.15400099838882056,0.020680468996027424
C021_A18_SY16_P01_S08_02DAS.mp4,600,1.3030093492326016,0.022084904224281384,0.0212968130822795,0.11104175934322519,0.31561924065209773,0.0053494786551203,0.004156655480897183,0.016469051813802166,-7.086810404852492,11.806354070188258,13.841362079839433,-43.44529287249857,0.13781758367576244,0.028198952734259583,0.17901077246354277,0.052526598011829954
C021_A18_SY16_P01_S08_02DBS.mp4,600,0.9840319059219513,0.016678506880033073,0.022147920452402818,0.12442329658769628,0.45811585331745136,0.007764675479956803,0.0213598987736426,0.12122065948203076,5.874081266468534,29.954907710744745,150.27719116713348,-27.227210442470668,0.10606666333487993,0.021025595735325264,0.1593406573686856,0.05102139480110034
C021_A18_SY16_P01_S09_01DAS.mp4,600,2.164157725521059,0.03668063941561117,0.02865505407674673,0.1100198388955791,0.26131315283565354,0.0044290364887398905,0.0033616383853050514,0.017242901002559995,-43.91212724180458,55.38966749572324,178.83929353802307,-172.91265669044444,0.1738490800709329,0.04525025168233398,0.24500028224083897,0.09610286194944243
C021_A18_SY16_P01_S09_01DBS.mp4,600,1.1358890801292372,0.019252357290326053,0.01804174079642977,0.0691032121478004,0.23456480792976495,0.0039756747106739826,0.0025877024258401113,0.01317901707332988,-8.19700116350258,32.695422600931614,171.16048418828183,-162.9734303745338,0.15126631693706305,0.0206079653707431,0.1834126141525914,0.10447069313197281
C021_A18_SY16_P01_S09_02DAS.mp4,600,2.4562490718945713,0.041631340201602904,0.03231688135203818,0.1295242663697897,0.25388369022957613,0.004303113393721629,0.0031351794723045103,0.014072684862996168,-22.726398057562523,21.796639458812372,5.797253707561445,-99.48019309091276,0.16438823126104632,0.05028500222861601,0.23965653557830316,0.05741315157586476
C021_A18_SY16_P01_S09_02DBS.mp4,600,0.8736363813829812,0.014807396294626799,0.018357250378978084,0.09558577202983626,0.21175465971249596,0.003589062029025355,0.00266616250706312,0.014279115739101522,-4.6327909856704785,7.548490705504393,9.438550960662772,-20.827138652521,0.15773901318432343,0.019286183127529312,0.17403267128962602,0.07937126306164856
C021_A18_SY16_P01_S10_01DAS.mp4,600,1.440298016907912,0.024411830795049355,0.02241313142517326,0.09966546267189215,0.41666994888611475,0.00706220252349347,0.006053598104606667,0.028618286123974365,-50.277197683698354,97.668075739149,179.70353950206223,-177.2564357581658,0.16724240176934624,0.03685303836702152,0.23295086715544014,0.08602618181122
C021_A18_SY16_P01_S10_01DBS.mp4,600,1.2252017269556434,0.020766130965349888,0.017352311567743344,0.05895537680730285,0.4921746892269271,0.008341943885202154,0.007719570780275001,0.030605586526645284,-5.840484823746348,35.910046220456465,154.98507856464283,-158.8478127751622,0.16231165620579757,0.02052650345454139,0.20701274031940414,0.1103159308664218
C021_A18_SY16_P01_S10_02DAS.mp4,600,1.4115380532589938,0.023924373784050743,0.02403873780735691,0.12260108322747564,0.39817254916475653,0.006748687273978924,0.008326986220942391,0.03531408872336966,-26.16974738098934,70.3200698247962,179.7660558514192,-175.4446460927742,0.16426991096333834,0.026734229097894576,0.22160849181104228,0.09236982293962548
C021_A18_SY16_P01_S10_02DBS.mp4,600,0.936184452679522,0.015867533096263084,0.017216824899629612,0.06433654337774304,0.38849059430720684,0.006584586344189946,0.009307997961713197,0.035343805978807666,-2.1118232914065085,9.450911010736327,11.175468218136754,-26.86882051922653,0.1702125804245692,0.018932941404484364,0.20039847963509838,0.11764723586612869
C021_A18_SY16_P01_S11_01DAS.mp4,600,0.8930542199351298,0.015136512202290335,0.012420999749688043,0.06996464656411183,0.24319451853045404,0.004121940992041594,0.0032169904879470555,0.01465334524663833,-57.31318150561821,88.64028259042892,171.74141811388037,-173.37285672436985,0.12162963602344087,0.025323645904417894,0.16099117464316948,0.06045183008899661
C021_A18_SY16_P01_S11_01DBS.mp4,600,1.1016758104258533,0.018672471363150055,0.020947827458288843,0.09455846981125463,0.27358195928639156,0.004636982360786298,0.004603857080943949,0.024960425548370642,6.22727338823711,30.02199667528397,60.548968485880735,-146.91840983252067,0.17194656852381265,0.0210355829947032,0.19501361947548682,0.09276718126491945
C021_A18_SY16_P01_S11_02DAS.mp4,600,1.5300682996245394,0.025933361010585413,0.040940934839265544,0.20953480343480402,1.0052372795088063,0.017037919991674682,0.0452695968651217,0.17100898866552536,-3.8901902743811507,53.565676957853185,123.05949818849481,-175.44827821352092,0.10136450909621672,0.02897161293734046,0.14819285186965053,0.0659845014127136
C021_A18_SY16_P01_S11_02DBS.mp4,600,0.5173915182543257,0.00876934776702247,0.011788721284145596,0.05896643153067278,0.2549612636200141,0.004321377349491764,0.0063100919732129125,0.03741640674397196,17.99903175261873,8.333338500721194,33.35654155122286,-4.686144504535903,0.1738865502270118,0.014734779698595829,0.1935929865751797,0.12377841491998876
C021_A18_SY16_P01_S12_01NBS.mp4,600,5.154980236397304,0.08887896959305695,0.1436995844175872,0.4046563865933463,4.774225723062596,0.08231423660452751,0.14133069199084755,0.3744833285771487,73.59438568994717,66.61600753308161,179.74741991006115,-151.2889818514258,0.15455929468386118,0.047247599001980986,0.2312719593174572,0.08546481419867037
C021_A18_SY16_P01_S12_02NAS.mp4,600,1.2380883071894468,0.02098454757948215,0.020231769512589336,0.08995070428055014,0.22553046276279842,0.003822550216318617,0.004861134231509976,0.029617007079616602,8.176074198460858,22.658747353249968,178.20260974943812,-9.344644311981368,0.12641422626527424,0.03764452469763234,0.17471643821118327,0.05294068880432348
C021_A18_SY16_P01_S12_02NBS.mp4,601,2.5414387474164917,0.04538283477529449,0.06769080701462313,0.24107814884794956,3.04103186935371,0.05430414052417339,0.1278778183540867,0.48124392703531843,30.381571247322707,103.75136594596484,179.70041664827943,-172.14172084999893,0.16738787135235259,0.06685802569051821,0.24803165355460652,0.03288034895826178
C021_A18_SY16_P01_S13_01NBS.mp4,600,3.85692157686429,0.06537155215024221,0.11757822596040961,0.444812655105525,3.311133814766481,0.05612091211468612,0.12501452392896667,0.4075960573884055,82.97808895870341,75.32490268041867,174.3761314582651,-178.25255710408643,0.17911897396421397,0.056743389236947356,0.2519799153727031,0.09637042448235632
C021_A18_SY16_P01_S13_02NAS.mp4,600,1.496589438112383,0.026255955054603212,0.035781750506256864,0.17668878212550163,0.27336104719547333,0.00479580784553462,0.004359291728772372,0.017848738747640112,-54.482797158873964,41.443097482790826,122.79431021242102,-107.22818951041648,0.18443672529934285,0.026885615820786513,0.21663445654268124,0.07443685498955446
C021_A18_SY16_P01_S13_02NBS.mp4,600,0.7631341892541769,0.0129344777839691,0.01820396381552074,0.10699867464771554,0.22498079490255699,0.0038132338119077455,0.003155863204477851,0.01584030131319682,87.2261145087198,21.669447641074886,164.238458759522,55.4795601245055,0.19180725286340594,0.05284323251934961,0.2508916233063015,0.10399754342821922
C021_A18_SY16_P07_S01_01DAS.mp4,601,0.3919791873190313,0.006643715039305616,0.00946288698885539,0.04803715392584673,0.14374467715900688,0.0024363504603221505,0.0024797736742959344,0.012283794783419651,16.984309061624636,6.098911413997163,29.260223717175727,7.190340855508747,0.11323130490293584,0.04534501454247762,0.16451542320978663,0.04412385039140411
C021_A18_SY16_P07_S01_01DBS.mp4,600,0.46352553083463743,0.007856364929400634,0.01199669631099328,0.04785441965327119,0.15581578522795647,0.002640945512338245,0.0030377885000439507,0.01436433267865827,38.74172345963371,9.756159796410502,53.215908193132954,18.06380137167378,0.10065215959589954,0.026035024205864177,0.15851896445306982,0.06713514829547429
C021_A18_SY16_P07_S01_02DAS.mp4,601,0.677959011152862,0.011490830697506135,0.01788703346576344,0.10757053402583426,0.14033405964595957,0.0023785433838298233,0.0023335031770861546,0.010745869011247512,14.475459007829794,34.346976702229426,121.1153340878647,-179.2141646095019,0.14617534469429386,0.038083556109490733,0.18679102379626436,0.06038802858178588
C021_A18_SY16_P07_S01_02DBS.mp4,600,0.7500400565139982,0.012712543330745733,0.018659726131874638,0.08477289158085544,0.22539871149196658,0.003820317143931637,0.00405608468262716,0.018057987330086275,42.02993657301792,41.75073458616301,168.2516821531194,-27.224868311655925,0.1352528837635759,0.038585964858302374,0.1781925433780569,0.06391409008775123
C021_A18_SY16_P07_S01_03DAS.mp4,601,0.5850999720634673,0.00991694867904182,0.012635819066531022,0.05799301513930782,0.21796993432003006,0.0036944056664411874,0.0032275834548573246,0.01685056320671404,20.800849092249752,67.97654252127272,179.36147436787283,-179.86712006501776,0.1204751118916086,0.054552303392286824,0.19124665731532176,0.0338330162594199
C021_A18_SY16_P07_S01_03DBS.mp4,600,0.4266841015744879,0.00723193392499132,0.00950316610874413,0.044835553436785205,0.21166204831871793,0.00358749234438505,0.003703408457541892,0.016835216881733384,47.46208900653729,92.20365665198725,179.6903852165624,-179.82177862055966,0.1603774197930344,0.02827017488077053,0.18430592233460974,0.06749224562201095
C021_A18_SY16_P07_S02_01DAS.mp4,601,0.45605774180193026,0.007729792233931021,0.012024357170066577,0.057792198568119534,0.16483903894155227,0.0027938820159585133,0.0035298976798250016,0.016477615075404864,-50.04270928475418,81.15034065985535,12.139286911782957,-179.68138883797636,0.11817595713585062,0.04689422464698488,0.17222943580126926,0.04952010473187565
C021_A18_SY16_P07_S02_01DBS.mp4,600,0.6691844171888793,0.01134210876591321,0.022310231967031854,0.13778151069357356,0.14507895980186655,0.0024589654203706194,0.002858013168959448,0.013827296932781551,3.7681704449399622,26.029723488397273,24.52130948647233,-72.46498015328288,0.12437141498579346,0.042709946491534756,0.1587900008652501,0.043564768829008345
C021_A18_SY16_P07_S02_02DBS.mp4,600,0.8818186954185447,0.014946079583365164,0.030475482701388796,0.17185905215532066,0.17917037873017402,0.0030367860801724413,0.003359458858318652,0.015912503737836297,-0.9108814280470627,30.409254576979304,20.192902965654973,-85.87268725454753,0.1339491802873681,0.0342485245050191,0.16371920341671606,0.06231789174971668
C021_A18_SY16_P07_S02_03DAS.mp4,601,0.47571375483439987,0.008062944997193218,0.010113271276189805,0.05304850012868433,0.1527787175262656,0.002589469788580773,0.003365527263301254,0.017233290832631944,5.554500422293549,8.121522824740968,25.263859927184985,-22.29604492600009,0.15946165149605768,0.009190942942606813,0.1867102451485907,0.13549541604884816
C021_A18_SY16_P07_S02_03DBS.mp4,600,0.16992094957221976,0.002880016094444403,0.004023427285061145,0.020214677071145052,0.10480110879203058,0.001776289979525942,0.0022276096626672065,0.011359943662879924,18.379534756686223,4.983990612093192,34.50402528118673,1.9402591730359435,0.15124687899765601,0.006958070159627562,0.17517552518375382,0.1443527528244362
C021_A18_SY16_P07_S03_01DAS.mp4,600,0.9883073542642717,0.016750972106174097,0.0144468306316226,0.05624786981705075,0.1764195319025496,0.0029901615576703325,0.0034043417113613127,0.01911262303883531,-2.880084322996248,8.276144763296495,7.693639515274832,-31.786184825884984,0.1688651923594032,0.0197108453011405,0.19407514367542905,0.11914021669213554
C021_A18_SY16_P07_S03_01DBS.mp4,600,0.5998899983556053,0.010167627090772971,0.01085002070878053,0.05039146873514189,0.2445390112152868,0.004144729003648929,0.004843715438717157,0.02371620673319359,-4.653273323703962,10.158477616335688,10.67335173065937,-22.380691257130735,0.19125684509212532,0.025431369647930833,0.2149289644938761,0.13148815878882283
C021_A18_SY16_P07_S03_02DAS.mp4,600,1.3634753858817235,0.02310975230308006,0.027948268081043455,0.17445035649662116,0.35958923383388625,0.00609473277684553,0.004581417227953494,0.024136680269826467,-24.31141420999287,43.729703668950414,8.983993111300855,-157.1533556764374,0.16338806658327995,0.03644614126970224,0.23725457146911208,0.06681067413246145
C021_A18_SY16_P07_S03_02DBS.mp4,600,1.5780336789192393,0.026746333541004055,0.03437847051449144,0.1465600386227054,0.5099743067195388,0.008643632317280318,0.006256518766248927,0.028196469326274037,-29.972686605344684,34.83595598022934,9.053867422676658,-108.98300008353635,0.16712426157994728,0.04588183561471905,0.22344369953071982,0.0972612607187366
C021_A18_SY16_P07_S03_03DAS.mp4,600,0.9108660796850528,0.015438408130255134,0.012568796931324752,0.060244655843549384,0.23216821625536718,0.0039350545128028335,0.004734905346071333,0.021647155451298455,0.6546894077196538,8.656469291282582,15.06054588426885,-35.403283745787185,0.17320215541925876,0.019037776466411166,0.23102737505827275,0.14613469942492552
C021_A18_SY16_P07_S03_03DBS.mp4,600,1.0833404874639732,0.018361703177355478,0.012883022279574002,0.05375671888269506,0.3336165013997734,0.005654516972877515,0.0066163337213713536,0.028137316792537906,3.9595135983182086,10.151905059536176,30.810919600930223,-29.051849834748065,0.20776152243919732,0.01692658345141702,0.2355736163880848,0.15940876655193162
C021_A18_SY16_P07_S06_01DAS.mp4,600,0.9196910088384258,0.015587983200651285,0.014030667656168182,0.05400346875861169,0.18932877375692062,0.003208962267066451,0.0024594801379998637,0.011507170340979206,6.333477150055029,4.759423147734046,13.577408148946885,-4.452356223617408,0.09411945292571455,0.032798732398011635,0.16312209326768645,0.058840896233220114
C021_A18_SY16_P07_S06_01DBS.mp4,600,0.5600503246835558,0.009492378384467046,0.010519247807762346,0.04596368469738813,0.17290783235648108,0.0029306412263810353,0.0025263685710399165,0.010874787721504521,11.508224945002848,5.358597066735439,20.579821849598176,-1.178107216269491,0.10248925573421687,0.02967860754359154,0.16184111354932298,0.07208129860268501
C021_A18_SY16_P07_S06_02DAS.mp4,600,2.114692286563239,0.03584224214513965,0.023338295525717607,0.08891930532870039,0.4658636315220757,0.007895993754611454,0.0060850645030197815,0.024926174557574014,17.588950490475437,14.517872878073007,54.439070217630615,0.7844342309688239,0.09871490775600893,0.030231864938314455,0.16766354614100204,0.05324147756801607
C021_A18_SY16_P07_S06_02DBS.mp4,600,2.19002000936604,0.0371189832095939,0.029448846711827455,0.1070439919620437,0.4798019195017084,0.00813223592375777,0.004999731755821688,0.020602499549875027,24.30848023751424,27.107062306020904,69.05521710505926,-136.42308061059384,0.12308538704752023,0.0337031992463241,0.16936076079028817,0.04701303308248926
C021_A18_SY16_P07_S06_03DAS.mp4,600,0.9779229101967772,0.016860739830978917,0.0157203507633622,0.06857584730162276,0.23621880620893537,0.004072738038085093,0.0038289652325819287,0.014258074645683629,5.616161884336471,12.578175439665218,28.020641160807017,-20.05344293832634,0.11487286185306288,0.022085912117174526,0.1615831603770426,0.07081578316795699
C021_A18_SY16_P07_S06_03DBS.mp4,600,0.8403649806049512,0.014489051389740538,0.01333751238704404,0.0598365030925751,0.22931596798780854,0.003953723585996699,0.0032454917307610433,0.014391866618470413,13.922488848904871,11.451619367090593,31.564173447946644,-10.605359516377083,0.1211192494582188,0.03185007690082821,0.16916941324002321,0.052007774404834534
C021_A18_SY16_P07_S07_01DAS.mp4,600,0.3306997862793513,0.006613995725587026,0.012341267603810682,0.08682965636834342,0.13245448029721027,0.0026490896059442053,0.003309681784459713,0.02286726997021554,2.9707738019006076,3.6362053895357564,13.207412533245211,-5.136793522740799,0.05252041260748516,0.03195336704704566,0.14452853662049583,0.027531232064923687
C021_A18_SY16_P07_S07_01DBS.mp4,600,0.3955477157887728,0.0067041985726910645,0.012160570878721588,0.0785302724713125,0.1438852947355707,0.0024387338090774697,0.0033718399227650525,0.021629937026689378,3.4660299737921116,3.203442810830031,11.73985741322532,-4.6726000002939925,0.08608020588710935,0.049583465332001246,0.16432624065549878,0.02146517080729379
C021_A18_SY16_P07_S07_02DAS.mp4,600,1.0503970551551465,0.03282490797359833,0.026310120861034847,0.09659064527942347,0.13888822311744198,0.004340256972420062,0.002939945487154278,0.011656365236019064,-16.953551135380483,38.815083236748166,10.685450976990946,-130.42715858080214,0.06961965021667875,0.041267120108007,0.1418883361836554,0.01976430775615241
C021_A18_SY16_P07_S07_02DBS.mp4,600,1.5930236372123379,0.02700040063071759,0.03110775384664177,0.1267212176445491,0.23791554222660458,0.0040324668174000775,0.0034136060374123102,0.015129818594415362,-8.20994009478451,33.61445040112,13.70365379327349,-134.18346299978882,0.1118383290367649,0.05572319809417972,0.17057276526077628,0.005809355997242928
C021_A18_SY16_P07_S07_03DAS.mp4,600,1.4999627168154137,0.025423096895176505,0.024535527771623888,0.10121698197982351,0.9038545241074325,0.01531956820521072,0.01039863211009819,0.05074541665162613,-39.11397030007249,85.82148948365662,173.87465541696014,-178.38600437739072,0.14206478652906512,0.02379235278810233,0.18033535664153338,0.03762622181522587
C021_A18_SY16_P07_S07_03DBS.mp4,600,0.8905293135559204,0.015093717178913904,0.0325154439432681,0.18241149860810935,0.9775911469642764,0.016569341473970788,0.04211923893525225,0.19353609496233393,-10.662630945057792,67.27767661271982,172.8211357430876,-179.97940998852542,0.15201920500621272,0.02128501731002848,0.17153890151802648,0.047949090782031245
C021_A18_SY16_P07_S08_01DAS.mp4,600,1.1382894920497857,0.019293042238131962,0.020285054711083505,0.0813770877660654,0.20035624162200882,0.003395868502067946,0.0034025476123570584,0.017159576327883334,-4.912174543281142,4.830599506188661,1.3877891408161043,-17.35346853162175,0.1912507087167846,0.028205602525965986,0.2451125889309262,0.12176499047997058
C021_A18_SY16_P07_S08_01DBS.mp4,600,0.2572612512360686,0.00436036019044184,0.0038243627052782945,0.018233493419920328,0.15259963951830538,0.002586434568106871,0.003702594581913119,0.021724484388254073,1.655386899751656,3.2072257976082263,8.946012062281389,-8.261226955178168,0.20621870919924828,0.0030259844694137776,0.21453203796838727,0.1981545160773469
C021_A18_SY16_P07_S08_02DAS.mp4,600,0.9652215150172527,0.016359686695207674,0.011799610569068633,0.05921362381216659,0.18327779943019382,0.0031064033801727767,0.003617616991622306,0.020651759501100975,-26.303917558262903,8.747888831660829,-3.999815487142011,-41.67641782608963,0.16837329712445945,0.028407657984506507,0.2196788306371625,0.1144809760224204
C021_A18_SY16_P07_S08_02DBS.mp4,600,0.3310153784974979,0.005610430144025388,0.004718411256208484,0.027641790694608304,0.10588973446753376,0.0017947412621615892,0.0017065650736793655,0.010147395004719693,-9.86614151744235,6.362627534798474,3.541151675312623,-17.856785859385734,0.19485531970744932,0.005915326278120534,0.20736813088481565,0.18004435748033332
C021_A18_SY16_P07_S08_03DAS.mp4,600,0.6215977492796323,0.01053555507253614,0.013951025347092185,0.06777009144872327,0.13558236987381397,0.0022980062690476943,0.002053112584671769,0.010418762269665502,-18.873780678589657,6.811818122923436,-2.1098463992393848,-29.144175121342176,0.22632362455171898,0.015508694897471918,0.24444656262301914,0.1787338830606502
C021_A18_SY16_P07_S08_03DBS.mp4,600,0.6084624036636053,0.01031292209599331,0.02377482727981753,0.12022843270135204,1.0612759122752107,0.017987727326698486,0.05756132029533991,0.24719803229497006,3.4555476438293353,38.269236770118766,172.3044332267898,-173.0972983186463,0.19489767386126272,0.03177982937123384,0.2120735643450267,0.039822806931120856
C021_A18_SY16_P07_S09_01DAS.mp4,600,4.23748025363321,0.07182169921412221,0.08265170945737789,0.27687451513394457,3.730715108764818,0.06323245947059014,0.07911936905942961,0.2253219674868634,17.491075686711433,63.32700782360706,173.68843174873987,-169.79392107273276,0.13656565668130002,0.017860569712840543,0.16679824015490832,0.05738464923588241
C021_A18_SY16_P07_S09_01DBS.mp4,600,0.5731395557500624,0.009714229758475633,0.007438309484154531,0.030737573284935652,0.2231402331331796,0.0037820378497149085,0.005710968865243936,0.039874763242620126,-1.1173087679219904,5.462628372080396,15.745379001572072,-9.357508880586316,0.25737042865249954,0.008967882849625394,0.28376188092925025,0.2277103290950672
C021_A18_SY16_P07_S09_02DAS.mp4,600,2.5585622588620693,0.04336546201461135,0.06880105992002722,0.30401734105922024,1.6206143014307357,0.027468039007300604,0.05397471264178541,0.17035412626205113,-2.737772452429319,49.71073003532186,163.13594895674996,-171.01221776117973,0.1334056860827365,0.027182832109634795,0.15513739588913109,0.023419304054017046
C021_A18_SY16_P07_S09_02DBS.mp4,600,0.45647086323669656,0.007736794292147399,0.00508503500434132,0.025402728012223968,0.34496899566191724,0.005846932129863004,0.00515210218158736,0.02868022235336501,-3.5263962097071513,8.687842684749079,7.766387661965994,-20.4838011363925,0.2522536173368989,0.008621989188474552,0.2721631591335849,0.2310922281291008
C021_A18_SY16_P07_S09_03DAS.mp4,600,2.7346222326019247,0.04634952936613432,0.05985777737116343,0.2129943207602913,2.8846974868127115,0.048893177742588334,0.07369712233237298,0.23321419958112968,4.245710102523722,23.929822029519794,38.76915691648362,-141.99891286308755,0.11416963349657087,0.03589172809393954,0.1491639551057067,0.010704772372014318
C021_A18_SY16_P07_S09_03DBS.mp4,600,0.44711363686690236,0.007578197235032244,0.007135161790060179,0.03211009061288159,0.22112389323142245,0.0037478625971427535,0.004794094416024102,0.02801739651311155,-3.8508944028027203,3.3672815372317637,1.522933215721452,-10.474773509621594,0.23866936743558875,0.022432116709158977,0.26108592758794147,0.1802385755922286
C021_A18_SY16_P07_S10_01DAS.mp4,600,1.1353913524882948,0.019243921228615166,0.03146958757192852,0.143288851357739,0.19308185742400835,0.0032725738546442095,0.00398445069287355,0.02395258031570185,8.210730043994456,16.67203661459883,35.31009529104381,-11.50941801426435,0.1395617560462589,0.05230785708536679,0.19262383290237417,0.00490178279732802
C021_A18_SY16_P07_S10_01DBS.mp4,600,1.1593013433427068,0.019649175310893337,0.03929156604304143,0.18590051910832492,0.2089472018259908,0.0035414779970506915,0.003169043037220241,0.014177305360272357,49.97725614177684,60.84241965191279,166.0883567856687,-5.069069846917845,0.18141215819970183,0.05964687151365162,0.23306147155555415,0.06683349123312442
C021_A18_SY16_P07_S10_02DAS.mp4,600,1.0697276742373159,0.01813097752944603,0.01579293344149591,0.08805657316598038,0.1967064816309759,0.0033340081632368796,0.003391670227090847,0.015698268540281776,13.070038211864123,14.426029392761219,47.12566790611641,-13.099776707932936,0.08713087817177148,0.047154035944332665,0.19184495601234708,0.024071433000606213
C021_A18_SY16_P07_S10_02DBS.mp4,600,0.8952492904855737,0.015173716787891079,0.024027489163122282,0.1359388409407531,0.1938756653811388,0.0032860282267989627,0.0028398321657237264,0.012421231924990062,31.288933643489475,32.60478382370294,124.24113349219412,-3.143732151360964,0.11669303915012871,0.07293482188478599,0.2245804781223348,0.03363595922834559
C021_A18_SY16_P07_S10_03DAS.mp4,600,0.675385089563528,0.011447204907856407,0.011634526427588665,0.07470678915757954,0.13911050796752575,0.002357805219788572,0.0037096187681065077,0.018317073302014576,-14.542743769084899,6.25672664458738,-0.4743766770215225,-26.037067851678486,0.0946775265924529,0.020579189386767855,0.14405305784152964,0.05696013973840562
C021_A18_SY16_P07_S10_03DBS.mp4,600,0.6244467204988615,0.010583842720319687,0.017639797494134104,0.12880593235264268,0.1377215930238811,0.0023342642885403574,0.0029253887994189366,0.011564005313849227,-0.6211009865724396,5.689614635128888,15.0594993431921,-6.46153340339263,0.10529343525320604,0.059903759435770323,0.2042709217717384,0.025157678973579952
C021_A18_SY16_P07_S11_01DAS.mp4,601,0.8375519998929551,0.014195796608355172,0.016514863662613618,0.11140880620066278,0.1520219849011002,0.0025766438118830543,0.0015489742018190138,0.0066568142503907754,-10.302855183164592,14.014761593043898,2.453907127519011,-40.33468523277441,0.11317324546812,0.032545438509073224,0.18474812120345402,0.05273536192369405
C021_A18_SY16_P07_S11_02NAS.mp4,601,2.68217681208861,0.04546062393370525,0.03870491098682275,0.1580297197114091,0.13718710544352755,0.0023252051770089417,0.0013094005878155131,0.007021014728948031,-32.00319837496179,14.472211918585886,8.628127951920177,-65.58109781540578,0.07781790074033983,0.023808406430157688,0.1423003114047617,0.04969348928388312
C021_A18_SY16_P07_S11_03NAS.mp4,601,0.6747155814309261,0.01143585731238858,0.012005750875511154,0.06411447875911404,0.15283670051658452,0.0025904525511285512,0.0030383572134711737,0.020605993476824933,-10.435668303797515,6.940040788898826,2.640253641125096,-20.927395436056997,0.06661843893571155,0.04795970400124141,0.166073661425774,0.006127127578611725
C021_A18_SY16_P07_S12_01NAS.mp4,601,1.6069524155140753,0.027236481618882633,0.02615235579265275,0.12306329291928896,0.22885902895482044,0.003878966592454584,0.003543509130964355,0.018610468735713915,-7.338294074078869,7.262245553145893,1.5790222765335173,-48.6010214081507,0.16468401900584614,0.02847440677326509,0.21395302786712456,0.06999139973930298
C021_A18_SY16_P07_S12_01NBS.mp4,601,0.6983267994520695,0.011836047448340162,0.01547263684981979,0.10585427588251878,0.15875075436351546,0.002690690751923991,0.002692434590236218,0.01524718699928084,0.5117645213851033,4.092426227811562,9.327105449065764,-11.792817099768467,0.08874449847978133,0.06675511464601308,0.17916185778643598,0.012881476363311134
C021_A18_SY16_P07_S12_02NAS.mp4,601,6.718758125745396,0.11387725636856603,0.0891689532122564,0.27859296822410523,0.34626889581043585,0.005868964335770099,0.003015218537474294,0.015778515475229474,-21.114204536090913,23.303472009002366,43.008910852132836,-59.710691014676314,0.11722406169940737,0.054860803856857786,0.21135873595357949,0.028329379997245545
C021_A18_SY16_P07_S12_02NBS.mp4,601,1.1177947254026885,0.018945673311909977,0.018863960107177884,0.08511513776214764,0.20876206148925025,0.00353834002524153,0.002583145988683896,0.011706811157742707,0.8787923506574237,6.166889758199517,14.222499344601767,-8.950384260561158,0.10493655512676307,0.06468336921471378,0.1868376488131463,0.021675732613878576
C021_A18_SY16_P07_S12_03NAS.mp4,601,0.7444996653251399,0.012618638395341355,0.01370512669676057,0.07660307186549536,0.1895805987069264,0.0032132304865580743,0.00407692339053726,0.020642134782442922,-17.21484251292697,8.547578487740708,-2.2307631835653443,-33.37085378265213,0.1550036973748781,0.028919416738208546,0.2012910376894698,0.07070739263184474
C021_A18_SY16_P07_S12_03NBS.mp4,601,0.44210178915659926,0.0074932506636711735,0.008643976468682453,0.04802392326189732,0.11821304359669836,0.0020036109084186162,0.0019111217548233,0.009133064682439655,6.1033675442397035,2.5032315114582824,12.724107587945294,-0.48649657671530194,0.10886315548176394,0.04674301518796721,0.1761890092150226,0.05909560265835463
C021_A18_SY16_P07_S13_01NAS.mp4,601,0.37442561023270043,0.006346196783605092,0.0075773544880630124,0.04300745659210957,0.26556460141515886,0.004501094939239981,0.005809251260732073,0.028514266485626067,9.951790541746382,6.130749108486306,26.418821539768498,-6.022986103831336,0.18631046738949048,0.010393017600442353,0.19921481915611278,0.13466793854691142
C021_A18_SY16_P07_S13_02NAS.mp4,601,1.2170826816694715,0.020628520028296127,0.030084598087961184,0.1237010660093695,0.21544046693928837,0.00365153333795404,0.003444906460621874,0.01717172236734901,11.198950282500896,4.444460079394474,19.428246022625455,2.042774961204301,0.17246046390738007,0.023535556325419277,0.19051328360311873,0.08015888852583332
C021_A18_SY16_P07_S13_02NBS.mp4,601,1.3178568147911245,0.023120294996335517,0.03327229341970286,0.12537926408995087,0.24649810790644774,0.004324528208885048,0.003579515534911627,0.015481853612668033,20.81832517903241,32.98141767786454,137.29911390791435,-141.03722193777404,0.15489616253058278,0.031605530159909974,0.17862117710232459,0.030300992817812858
C021_A18_SY16_P07_S13_03NAS.mp4,601,0.7570362113361665,0.012831122226036721,0.016879050056071102,0.09956662449073808,0.1463449999055336,0.0024804237272124338,0.003847296511829183,0.02030132579675617,4.82823041003848,3.2510736101124866,16.973509294520692,1.0214559409890085,0.09066315958356612,0.04420863342750231,0.1921976181445962,0.05300228112748314
C021_A18_SY16_P07_S13_03NBS.mp4,601,0.46399905871045405,0.007864390825600916,0.012806170843413515,0.055848770036635666,0.18307151173107075,0.0031029069784927247,0.0028742580408012723,0.013064487160921828,19.719915789292603,6.91838746952307,36.60213020862271,-2.7033044775723956,0.09625127649920949,0.0399628747246779,0.17839427865359347,0.06711926408408973
C021_A18_SY16_P07_S14_01DAS.mp4,601,1.309560456568189,0.022195939941833713,0.035244997648134026,0.1540520186889299,0.21127295552761616,0.003580897551315528,0.002348736333207961,0.012611029063409657,-14.080377336279401,54.55748567668487,176.55066770335867,-158.16899650720018,0.18125290159178048,0.0435884187533815,0.22532144763943,0.09283921937567745
C021_A18_SY16_P07_S14_01DBS.mp4,601,1.1820086900816125,0.020034045594603603,0.03022504215666272,0.12756323138779851,0.20049676274044434,0.0033982502159397346,0.002464312381467385,0.011349225010325625,36.21171461063982,46.94640150161551,166.06063571475042,-0.27847562755910416,0.17563746967703528,0.05016637502308509,0.22830610463602755,0.09630221432403775
C021_A18_SY16_P07_S14_02DAS.mp4,601,1.3048096040545862,0.022115417017874343,0.03662493314565669,0.16154628665774418,0.20785150259058552,0.003522906823569246,0.0020321095297740547,0.010417856383816773,-39.66003776200361,43.240027463701004,7.910253534366508,-171.6980967229102,0.15953122606501097,0.05249107668510628,0.22515618699190076,0.08524458280862514
C021_A18_SY16_P07_S14_02DBS.mp4,601,0.6758160837292428,0.01145450989371598,0.017703229729106304,0.10413839426659638,0.18585090742026242,0.0031500153800044475,0.002051645767183823,0.012632459254267994,42.19788633659978,56.65479206651701,164.8459604465403,-7.0070196222920895,0.17747658554109175,0.05968037834260863,0.23184185153281062,0.07109205780302665
C021_A18_SY16_P07_S14_03DAS.mp4,601,0.8801546481597499,0.014917875392538133,0.01991844213313913,0.11048485821656595,0.2221818820025922,0.0037657946102134274,0.0036087912542337544,0.020267475086498402,-4.5689201393920955,20.602122289870877,25.656020009530717,-136.65379139107915,0.1470974644759905,0.077935383989937,0.22620191408222667,0.03284850343575473
C021_A18_SY16_P07_S14_03DBS.mp4,601,0.6318020104752312,0.010708508652122563,0.020952958276508782,0.1353547885785655,0.30792741713509625,0.005219108765001632,0.006362119808361215,0.03263281140653186,34.759687456706985,47.51593286134795,163.91180491704102,-11.831725559009435,0.14234032440487684,0.09164350087534229,0.23646434901835714,0.029249058298908854
C021_A18_SY17_P01_S01_01DAS.mp4,600,0.7754752817809857,0.013370263478982512,0.016393701527032026,0.08091038617369321,0.6263290194781591,0.010798776197899295,0.01474478348714551,0.10258507389334269,67.43847373699806,99.15512842710517,174.81493247707158,-173.1410353641735,0.08256604620936138,0.03794100879622306,0.19861016155793762,0.032121284868589124
C021_A18_SY17_P01_S01_01DBS.mp4,600,0.7528755757769959,0.012760602979271117,0.016165088509913456,0.09046561233638448,0.49249283479145084,0.008347336182905946,0.014434981551297672,0.07683770036924534,100.19575584103508,69.621686238458,179.3067660285704,-174.19626360756368,0.102080398907993,0.03450232052128739,0.20067594094753194,0.07146184878394744
C021_A18_SY17_P01_S01_02DAS.mp4,600,1.13715207905912,0.019273764051849492,0.030781516475269173,0.11754056464139659,0.3511680145083958,0.005952000245905013,0.012627886833011784,0.05887036428377032,51.11383569665458,55.30137296185199,175.69810530954902,0.2564932343510619,0.08902404961057084,0.052467067777930025,0.17781754500918112,0.034834116554067165
C021_A18_SY17_P01_S01_02DBS.mp4,600,0.7886484257317121,0.013366922470029019,0.0215490223254996,0.0823236604801879,0.816630455842046,0.013841194166814338,0.025212583551589396,0.10259627606215113,-43.30515353879051,131.12007751048574,179.97797135856376,-179.44547653648067,0.0793582785224403,0.027813635626243522,0.17728533727197912,0.00827871078775248
C021_A18_SY17_P01_S02_01DAS.mp4,600,0.8551243049606289,0.016767143234522136,0.017513731735083842,0.08080128802299465,0.5998056083814867,0.011760894281989934,0.015831758400888626,0.07802663903193813,3.056595750585601,91.99325301779109,125.7064854421482,-177.19440880724184,0.05683230323039106,0.04299618588187185,0.1590798249311942,0.002689144562212814
C021_A18_SY17_P01_S02_01DBS.mp4,600,0.6497021017650975,0.04060638136031859,0.018847062279405143,0.07931185900320759,0.33918307351244537,0.021198942094527835,0.028106352301470103,0.11807324188809275,-50.78771904805949,72.24271858368564,29.55468169229762,-174.0875178243805,0.07916705498938278,0.03971513550599402,0.14177648781165375,0.01066083203065292
C021_A18_SY17_P01_S02_02DAS.mp4,600,1.1954113714544377,0.020610540887145475,0.020738861921571844,0.09753740769513601,0.7354111595813939,0.012679502751403343,0.01710249413378964,0.07594207736092398,-38.9354506075624,132.33125459786967,178.6974498308585,-175.63464263500842,0.06232934349955878,0.01573687365434657,0.11468832192854264,0.028283795983388548
C021_A18_SY17_P01_S02_02DBS.mp4,600,0.9393448883877477,0.015921099803182164,0.025780411755229604,0.19001655501899872,0.4311528434731795,0.007307675313104737,0.02243843337494064,0.15328502581957826,5.555735006775871,34.8929264231155,177.98985749673952,-34.501081634774366,0.08649262758674739,0.019952462423195982,0.11769990739816515,0.043289083949697944
C021_A18_SY17_P01_S03_01NAS.mp4,600,1.7883438982426962,0.030310913529537225,0.03623773250360851,0.19621506201052585,0.46892933312034085,0.007947954798649844,0.01478524432586818,0.08700510798041439,-96.34582458888835,77.6250403858752,54.62248940710076,-175.55135044871565,0.08290112199477906,0.02767472753636297,0.1703746084935559,0.02515918349582059
C021_A18_SY17_P01_S03_01NBS.mp4,600,1.2109405908575102,0.02052441679419509,0.017280576626263703,0.07817113723240071,0.5817565389491957,0.009860280321172808,0.015021214500076732,0.08620716444700878,6.008463700072492,21.40526872191512,43.63408891681834,-33.52568135945486,0.13471826561350222,0.050416527510746836,0.20326381628929124,0.03877211268673906
C021_A18_SY17_P01_S03_02NAS.mp4,600,2.665783137237997,0.04518276503793216,0.03395293834073353,0.13402697201789676,0.44634179785780986,0.007565115217928981,0.014482217037508734,0.09031500293819605,-67.16079517378189,65.74480374312499,114.07520871620466,-153.74406986840614,0.06573235030607866,0.023523602739499272,0.13983992906143553,0.025864674296082787
C021_A18_SY17_P01_S03_02NBS.mp4,600,1.524687154917561,0.025842155168094252,0.02619160976308144,0.1570950912296935,0.5140417940251746,0.008712572780087705,0.01593459669149852,0.1023939144721109,4.167056144529696,17.589620845224793,25.30935648482787,-36.208963954347595,0.1296430905172619,0.03555396015791934,0.18566615957384747,0.03783025893565626
C021_A18_SY17_P01_S04_01DAS.mp4,600,0.9737363965334045,0.01650400672090516,0.013185891056964669,0.07307145513815051,0.3974208055772433,0.006735945857241412,0.01605138243507906,0.09886899680135668,15.31368155473359,24.04666782980613,56.71235682888256,-4.9802084833305305,0.10878831882399889,0.029612810177565566,0.20222366584314438,0.06230315758352366
C021_A18_SY17_P01_S04_01DBS.mp4,600,0.5366111314345959,0.009251916059217172,0.018662787706548983,0.11113692819236137,0.4055121011383387,0.006991587950661012,0.015891801870708513,0.09056936087966216,53.170365849175056,70.01789441362902,173.59938557475897,-176.28244242452513,0.10912254262384569,0.02207645335783381,0.1943743365100813,0.0664674978738822
C021_A18_SY17_P01_S04_02DAS.mp4,600,0.9219802853129779,0.015626784496830134,0.01458232162831065,0.07179247860142242,0.4292053239960324,0.007274666508407328,0.016110024786169713,0.08424627074850817,34.36181825722745,25.96250072748894,62.275706950692395,-1.2734811016523495,0.09272117983344302,0.02668101427702564,0.18752925703490522,0.051879150527736964
C021_A18_SY17_P01_S04_02DBS.mp4,600,0.6666099118059841,0.011903748425106858,0.01625732247211414,0.08899963377304895,0.9264030898081681,0.016542912318003002,0.02494325200283071,0.09227831722732219,58.83667130199335,85.80517213542939,178.84369180215876,-168.00816390147943,0.08220863587142568,0.04344661417731682,0.1778808710335647,0.0037062071957439284
C021_A18_SY17_P07_S01_01DAS.mp4,601,0.5008922257552771,0.008489698741614867,0.01724103127242463,0.11069774701009097,0.38665251917957016,0.006553432528467291,0.013302092270783602,0.07543039550351886,63.4847764406735,24.60347295123237,101.21906296220999,7.529388982853144,0.09152596967851198,0.022227719871083722,0.20148650381629107,0.05872118949910597
C021_A18_SY17_P07_S01_01DBS.mp4,601,0.41712933761287496,0.007069988773099576,0.014789950563814883,0.07076647241789388,0.3483065469058267,0.005903500795014012,0.013532502380511775,0.07184681476803433,105.75985248585934,66.16795603260731,159.60952616991605,-173.1257269565741,0.11028180694933,0.017386504088277632,0.1620403020100639,0.06263574591998601
C021_A18_SY17_P07_S01_02DAS.mp4,601,0.6328112728082966,0.01072561479336096,0.014983149004141072,0.06274993068006343,0.45095455392441436,0.007643297524142616,0.01394217524994797,0.08868378197283051,58.150862762160585,45.8279832272947,178.40708774271366,-55.63649190280615,0.09921047352878858,0.03498333816048908,0.17962688346612385,0.05890989367864696
C021_A18_SY17_P07_S01_02DBS.mp4,600,0.4957816035590553,0.008403078026424666,0.013567357124215978,0.07008277986131428,0.3741810405930629,0.006342051535475643,0.013926076146625678,0.07898518470366443,92.09264779299548,72.95749539131802,160.64194014464616,-174.5135852258493,0.10966900951594596,0.020413343017920787,0.16863235445403824,0.06442515418650487
C021_A18_SY17_P07_S01_03DAS.mp4,601,0.6499075168570225,0.011015381641644449,0.013177986761375498,0.06267013969873297,0.24643967231497788,0.004176943598558947,0.01316297397410317,0.10183356476477155,44.562962786059316,32.14352125927812,66.0237255698276,-82.00006675635846,0.08862581972755598,0.01645439593496599,0.13309185070495236,0.024920680935480593
C021_A18_SY17_P07_S01_03DBS.mp4,600,0.40531396946146825,0.006869728295957089,0.005459999978248018,0.03064928659467985,0.1881882536205898,0.0031896314172981323,0.003276581403378309,0.018023148516861615,130.49592346481356,26.781861991700126,170.82414421409365,77.58811979551211,0.07135346353395744,0.007443335781974708,0.08893423082472798,0.05929789958882893
C021_A18_SY17_P07_S02_01DAS.mp4,601,0.7456886894136842,0.012638791345994646,0.014374276342559012,0.059500604096407055,0.3276841916089528,0.005553969349304285,0.014407389267160103,0.07888311281262761,-80.82845937597737,42.065537369173,5.656903787885824,-177.65013469115772,0.1028034996224023,0.019995404321342253,0.17361363735526222,0.06756530383338663
C021_A18_SY17_P07_S02_01DBS.mp4,600,1.1044742288339628,0.01871990218362649,0.015837639202425178,0.07163519855156357,0.36332872679528205,0.006158114013479357,0.011587599679607255,0.05487859179584478,-25.357390071977413,18.350096336546464,19.89421469880252,-65.81280761317709,0.09636965429729563,0.020659522032556932,0.15395828834783007,0.04292519040347198
C021_A18_SY17_P07_S02_02DAS.mp4,601,0.8340497092234382,0.0141364357495498,0.01946847126173097,0.09338936456462499,0.3990797038340478,0.0067640627768482675,0.015826755902729535,0.08772405778228373,-65.81518617710263,35.88458619352623,8.182564705671236,-111.65645993194846,0.10716264333788908,0.0312475051184213,0.19195190371291357,0.05645864276282695
C021_A18_SY17_P07_S02_02DBS.mp4,600,0.7364485033020539,0.012697387987966447,0.017889193277308407,0.08235017649212736,0.38244229435247284,0.006593832661249532,0.013043413506635121,0.06751515076714465,-4.376433866838905,23.39932879053656,29.407532767064875,-48.43905825070994,0.1308946519956523,0.03004561216119195,0.1799710870892079,0.047077270335545804
C021_A18_SY17_P07_S02_03DAS.mp4,601,0.7727515704240818,0.013097484244475963,0.010810253668650663,0.04682623551819653,0.17369925832233835,0.002944055225802345,0.0028342289202063367,0.012368969433803428,-51.28493393421258,29.567004748197515,-10.710901962078346,-144.47375708725244,0.07640390159415374,0.013902509314698299,0.1059342935730244,0.04474273373352877
C021_A18_SY17_P07_S02_03DBS.mp4,600,0.8319624782462187,0.014101058953325741,0.013919387576663533,0.07341938888834249,0.19768953848329435,0.00335067014378465,0.0031406566456626817,0.014562345019525408,-7.906587084263795,8.600880131876508,13.27337831532375,-23.15669393018691,0.0924042029362233,0.024964647481305904,0.13313863112282906,0.057351475860528904
C021_A18_SY17_P07_S03_01DAS.mp4,600,0.6833134169949509,0.011581583338897472,0.017470836022856106,0.10390276809540702,0.4993035624104433,0.008462772244244802,0.019679698440246293,0.123808469819886,-53.76107366188613,44.51901608618546,13.540684639741308,-114.94503121526424,0.1451060680294752,0.0380507575125744,0.20459074100440858,0.0983581340787137
C021_A18_SY17_P07_S03_01DBS.mp4,600,1.2448661851768696,0.02109942686740457,0.018611828304921158,0.10378827098538218,0.5617966141859639,0.009521976511626508,0.019834154625741823,0.1252517573454604,-31.189832061722306,32.873679014715385,139.87738743145115,-68.68699457310476,0.14156680137652167,0.04140634876015289,0.21745973073551703,0.08784150189312069
C021_A18_SY17_P07_S03_02DAS.mp4,600,0.9867669889601043,0.016724864219662783,0.023879674825873984,0.11272202862584943,0.47615191584307864,0.008070371454967435,0.020008749737725425,0.12789899461861504,-62.36361571212553,58.905270959273054,10.984307880615482,-152.24819898331518,0.14317784418871699,0.025407668658748144,0.2100653694326241,0.09481901968566012
C021_A18_SY17_P07_S03_02DBS.mp4,600,1.0642684158384235,0.018038447726074974,0.02715508335699089,0.11315502474721074,0.6209123061501597,0.010523937392375587,0.019779555630894632,0.11887594653554263,-36.04563796082032,49.17477704918398,11.363726937545165,-146.6630800374215,0.17285389834532622,0.040492292623400504,0.22679134663610995,0.111083059222039
C021_A18_SY17_P07_S03_03DAS.mp4,600,0.6435358067684049,0.010907386555396694,0.014519181227578093,0.07108675692262166,0.29203403761633756,0.004949729451124365,0.006210604901705317,0.03150444925758969,-122.19876334612492,57.264412063490035,176.13852875756703,-177.9874561538882,0.12407386507623085,0.011680962995915811,0.15273243014274987,0.09301487646961398
C021_A18_SY17_P07_S03_03DBS.mp4,600,0.7386548004951379,0.012958856149037506,0.014009503049891257,0.06877329783320957,0.6513541937334718,0.011427266556727576,0.016456748230104408,0.08596060689872279,-50.15220595577327,51.718276274632146,59.66539552634362,-111.17887700313592,0.1266694013356159,0.03258531694092635,0.1949093811690864,0.051101825536941134
C021_A18_SY17_P07_S06_01DAS.mp4,600,0.5752092916142789,0.01198352690863081,0.01615677310433653,0.09037639383454635,0.35450832231805485,0.007385590048292809,0.016617453165977656,0.08174083417883997,16.30965194467785,22.717881655893464,76.95956574184117,-41.748470747323445,0.08142417964387684,0.020332457892775175,0.17022300598856047,0.052253469617869745
C021_A19_SY15_P01_S01_01DAS.mp4,600,1.9832826298148678,0.033614959827370644,0.017805641487853473,0.09552979573432485,1.013234334859282,0.017173463302699695,0.009166490137560922,0.06016187482802107,7.017294207866678,29.286480572343866,122.8063830695046,-68.05622023709365,0.15120969158778336,0.025297939722085584,0.19406153348506017,0.08594578080373592
C021_A19_SY15_P01_S01_01DBS.mp4,600,2.0741051652222273,0.03515432483427504,0.02023611674302916,0.09115928572813735,1.0015286902259126,0.01697506254620191,0.009752337713291091,0.05947952159134779,30.056229814615133,76.70834865749481,174.9684290306539,-168.80215058675768,0.16512888451433347,0.026794331103982133,0.20997795787188725,0.10187764036958084
C021_A19_SY15_P01_S02_01DAS.mp4,600,1.53928633713468,0.026089598934486105,0.019527956994652124,0.12343081174622493,0.8582990217631855,0.014547441046833653,0.007101137925321716,0.031268632963503774,-18.588731128003293,94.9282541052371,179.77173048852305,-176.34638776913448,0.14120841777049795,0.019280646948156722,0.17185889069778398,0.05568530393849857
C021_A19_SY15_P01_S02_01DBS.mp4,600,1.3009797425501834,0.022430685216382473,0.020961518556659297,0.15458625311293095,0.9551807670595541,0.0164686339148199,0.02756864919956899,0.21240998819457188,-20.89577811104608,65.31237702870277,174.7315881368915,-159.50016096842592,0.10131357931210712,0.04854083523183721,0.15816005867079788,0.008055406316815011
C021_A19_SY15_P01_S03_01NAS.mp4,600,3.320269945897052,0.056275761794865285,0.061626236422896004,0.2621585855070171,1.1466552964650598,0.019434835533306098,0.029169139174714663,0.17850463647289816,-54.26424870633825,87.6849648716442,179.1027050124339,-174.68695019777405,0.14149542737004495,0.039739951877115286,0.20981594920226962,0.03961982005349205
C021_A19_SY15_P01_S03_01NBS.mp4,600,2.079221167805502,0.035848640824232794,0.016776109276644732,0.0855668200147898,1.1143722528050866,0.019213314703535975,0.010998867683619568,0.05693454898411494,31.42752947330124,53.75967562437333,151.08897685598913,-93.60402539177093,0.18006876943271555,0.04157078599226538,0.2405679466276877,0.08367919137538408
C021_A19_SY15_P01_S04_01DAS.mp4,600,2.3068169054500114,0.0390985916177968,0.022270333827439884,0.10886782195461582,1.2954014495324384,0.021955956771736243,0.014273074447940473,0.05264097325526796,-11.682149092785027,50.91373268031336,176.89649028032235,-178.19135105314962,0.20072611720694583,0.024889576805597655,0.24962918252257005,0.13933251713120523
C021_A19_SY15_P01_S04_01DBS.mp4,600,2.089909100984709,0.03542218815228321,0.022582048718857346,0.0967620204491497,0.9372376153699862,0.015885383311355698,0.010274418301772979,0.045007045914493685,12.986288308353675,54.66446860748246,160.71714579828478,-170.3537280102097,0.1855654144296129,0.01935252606027231,0.21687229570005392,0.13425317875477424
C021_A19_SY15_P01_S05_01DAS.mp4,600,2.402952701216588,0.040728011885026914,0.02224362807434405,0.13567741312695758,1.6375418774743928,0.02775494707583717,0.04111297038697668,0.1760884618553979,11.880411931483751,58.91466047262164,174.36166567220596,-139.94143989367907,0.1681958593319442,0.03768452692617167,0.22233383383195185,0.006498380074019118
C021_A19_SY15_P01_S05_01DBS.mp4,600,2.459615848821471,0.04168840421731307,0.029214591319300723,0.1440707449559445,0.8751465679081372,0.014832992676409104,0.01132280381828826,0.04896634494373348,46.69806355525933,99.86641810314045,178.04079810921533,-178.37618357440113,0.19577145030233947,0.02809073843344703,0.2546389612919235,0.08961977036039856
C021_A19_SY15_P01_S06_01DAS.mp4,600,2.7653960187533446,0.046871118961921095,0.031689621352968475,0.14648171702323057,1.317004508426003,0.022322110312305136,0.015637270850449882,0.08276653453140961,-31.307550595416025,46.705899777853936,48.22487915835799,-119.99705143128219,0.24212248577805648,0.048638710718596254,0.31774092593792724,0.08480972983952173
C021_A19_SY15_P01_S06_01DBS.mp4,600,1.1843407987536279,0.02007357286023098,0.015193979405553835,0.09110854816925025,0.7328018636042718,0.012420370569563929,0.007450160362511996,0.04278034532266868,32.33286178262782,67.90724560259939,178.6021189775153,-176.1076231105995,0.19867047932544185,0.031259800986145655,0.23650638743738786,0.10095791888099992
C021_A19_SY15_P01_S07_01DAS.mp4,600,2.3037141825912446,0.03971921004467663,0.02543185262375409,0.1104976456052064,1.4746124775922334,0.025424353061935058,0.013818212828777699,0.06466088962745338,24.57080256729095,61.22732398882105,167.6609098409588,-63.255584473597715,0.17619169301744583,0.034497986757825644,0.23444613867305894,0.05396341839298829
C021_A19_SY15_P01_S07_01DBS.mp4,600,2.1078741091384767,0.03572667981590639,0.029944731228619695,0.21712352165426352,1.3523855906915776,0.022921789672738602,0.01037682390209782,0.04409895676613626,14.740227400115431,81.81013706003263,175.26486632437027,-172.68147024770906,0.1598619840175829,0.027372661396683318,0.200883513464726,0.02157692716656886
C021_A19_SY15_P01_S08_01DAS.mp4,600,2.3037141825912446,0.03971921004467663,0.02543185262375409,0.1104976456052064,1.4746124775922334,0.025424353061935058,0.013818212828777699,0.06466088962745338,24.57080256729095,61.22732398882105,167.6609098409588,-63.255584473597715,0.17619169301744583,0.034497986757825644,0.23444613867305894,0.05396341839298829
C021_A19_SY15_P01_S08_01DBS.mp4,600,1.846606011253933,0.031298406970405646,0.02320775302062797,0.13315732894265653,1.3593631099653085,0.023040052711276415,0.024120174443131,0.14645706836172373,35.28992275829778,60.51835425231835,152.29522890674676,-50.381829154085004,0.11567850925183479,0.02173616499984427,0.1628674030827637,0.03213767962696539
C021_A19_SY15_P01_S09_01DAS.mp4,600,2.157388949902544,0.03656591440512786,0.029598923227292913,0.1919471226970634,1.0082519931806377,0.01708901683357013,0.008614118688554178,0.0471435148130708,-28.60661025413056,93.68332594124865,178.61663376636724,-176.62665906500322,0.18768296356387382,0.03976736765245042,0.24950833672376524,0.03890411211065564
C021_A19_SY15_P01_S09_01DBS.mp4,600,1.7760527914215147,0.03010258968511042,0.01682048057328758,0.07776219922400773,0.7983392161766502,0.013531173155536444,0.008011852579720157,0.03764971990431713,4.396966949254969,47.073820048270356,173.06996063817712,-156.86794323065007,0.16668333300504826,0.022010083739859805,0.22893558876936448,0.11215480648992596
C021_A19_SY15_P01_S10_01DAS.mp4,600,2.277046480905499,0.03859400815094066,0.02294599975753658,0.11094536063424565,1.0329222681366237,0.01750715708706142,0.010862674067355176,0.04536728995253493,-27.119726263103825,84.82759558741417,177.43740120525047,-178.46180038659642,0.16681575100846124,0.04204257777927643,0.24681293074297203,0.067942907983623
C021_A19_SY15_P01_S10_01DBS.mp4,600,2.2296646478537525,0.03779092623480936,0.024599479194243514,0.12814633299672779,1.1274826553574098,0.01910987551453237,0.012388117545781233,0.05338613242566783,29.17425298334255,71.36631615153505,175.37251642237226,-172.15264696768799,0.18578195631267044,0.031580672070885066,0.25635721165371533,0.09148940799033296
C021_A19_SY15_P01_S11_01DAS.mp4,600,3.3185931090984693,0.056247340832177445,0.05167569973361197,0.2424559197367887,2.541323839963635,0.04307328542311246,0.06520431043439724,0.23783536138881195,-24.1134521054256,106.89859904968338,178.35595725456113,-179.35742096289388,0.1012450920991143,0.03986092682222624,0.1504600937618733,0.0013277094438128325
C021_A19_SY15_P01_S11_01DBS.mp4,600,2.9010472321003475,0.04917029206949742,0.04762701199045438,0.28274658159036276,1.4335542151890226,0.024297529071000384,0.016459981120808542,0.06901110569483565,18.620416687050636,85.04105667151137,178.20854165742307,-177.77923610843789,0.19454279551114328,0.043049378270781334,0.29458385735023745,0.0800985286374991
C021_A19_SY15_P01_S12_01NAS.mp4,600,0.89658230103373,0.015196310187012374,0.018144217307763312,0.11179067582025841,0.44285619553715116,0.0075060372124940876,0.004668731254500853,0.023188073514110574,-26.98208319796729,51.98640500136934,15.698901058118592,-165.56205815423223,0.1664372491786193,0.015027903232295947,0.200862862485512,0.09986432909687179
C021_A19_SY15_P01_S12_01NBS.mp4,601,2.1097444593045647,0.03701306068955377,0.06126419766914248,0.24050960270924807,3.653314744160958,0.06409324112563085,0.12332672178576667,0.5486747056984443,17.951179785697033,54.92400683956035,129.87103846908497,-162.37828676388185,0.2071784647359044,0.04630871144278121,0.3009997693926123,0.07755676500081037
C021_A19_SY15_P01_S13_01NBS.mp4,600,1.0841123904806182,0.018374786279332513,0.017756095874029765,0.0673919055612685,0.4924935940200966,0.008347349051188079,0.005327094167739535,0.02130516426543631,57.322487346148,59.816609018413544,179.61075423992915,-132.6302043376141,0.1724137969125687,0.03079151565101195,0.26694956087503047,0.12486688716000256
C021_A19_SY15_P07_S01_02DAS.mp4,601,1.3211322605059583,0.022392072211965396,0.012491670021263395,0.0571830335773901,0.9158120893319912,0.015522238802237139,0.0063904054317149,0.031163752316649643,9.419905320335607,9.652881484274042,28.713256706701276,-12.021354607710876,0.15929811840344582,0.020387151932584186,0.19112206243458602,0.1020781598564227
C021_A19_SY15_P07_S01_02DBS.mp4,600,1.0329912581022913,0.017508326408513412,0.009482692625231456,0.04063005826366365,0.7526515224522257,0.01275680546529196,0.008011214356153653,0.03451543114462333,14.443285090231704,59.42671840233706,174.3624604511645,-173.8673811249028,0.16536070270381367,0.015203470797849237,0.1858254768327345,0.12136055228899408
C021_A19_SY15_P07_S02_02DAS.mp4,601,1.87920446247908,0.03185092309286576,0.01902060185578748,0.07717153084121404,0.9555313010707241,0.01619544578085973,0.009790762102220558,0.04015359300456305,9.237708287335424,44.062336423482236,168.34123834692025,-81.32393682939862,0.17427967309855788,0.02530955898493218,0.2157040444135612,0.08583813256330013
C021_A19_SY15_P07_S02_02DBS.mp4,600,1.7285641046780116,0.029297696689457822,0.02124354301503724,0.08608134236162869,0.8524784400600894,0.014448787119662533,0.00877772510276189,0.039170977443334316,19.01948262600944,50.66459875415043,177.13428451131895,-176.60371985777275,0.1563239749485837,0.025251300432420038,0.19674028914097627,0.0762439344579586
C021_A19_SY15_P07_S03_02DAS.mp4,600,1.4989425456162222,0.025405805857902072,0.01935839788719312,0.08785310171083463,0.8295741973658001,0.014060579616369492,0.009011412581447952,0.03274334022685035,-8.082608635421947,14.630636111217234,22.127995505234065,-42.520528448341615,0.20657998684040962,0.023552894585613857,0.25468888212851765,0.13273563747972647
C021_A19_SY15_P07_S03_02DBS.mp4,600,1.524816134245411,0.025844341258396797,0.016458722145698313,0.06663043144080465,0.9296716121306273,0.015757145968315716,0.010163204897291767,0.035205013456338946,2.6485898380529838,15.325301315766604,48.24172009800084,-31.334355412004243,0.21488479213717948,0.02184509815716576,0.2554517021161852,0.15448189984714575
C021_A19_SY15_P07_S06_02DAS.mp4,600,2.576950001462324,0.04367711866885295,0.028841323774842567,0.14724121392595377,1.3855053371717574,0.023483141307995888,0.010262720032988443,0.045301545465733783,8.816119855706063,49.047064340562585,162.537327919284,-163.7670252202553,0.16363609613390107,0.03754988559518719,0.21869508863607667,0.05213804540012279
C021_A19_SY15_P07_S06_02DBS.mp4,600,2.8232492434950083,0.047851682093135735,0.03824682850016872,0.22137583329303362,1.2201536897173562,0.020680571012158578,0.01003702437183446,0.045162986021342104,24.706527514551127,42.50177920766866,170.57290757308883,-30.17131846312368,0.16401678701431205,0.03747982467374524,0.22740030652713814,0.0232921224352542
C021_A19_SY15_P07_S07_02DAS.mp4,600,3.0822486344671267,0.05314221783564012,0.05927829616810454,0.23397186189794628,3.07569247318446,0.05302918057214587,0.06688971985763427,0.2951973235441479,-4.894055528383323,68.76602253457095,177.81125872053642,-168.0687268811849,0.1180423140023423,0.03535170356983289,0.1569843831797638,0.014942019977760571
C021_A19_SY15_P07_S07_02DBS.mp4,600,2.250775673884386,0.038148740235328576,0.04921304675135696,0.3312023585082118,2.327972865456418,0.03945716721112573,0.060082949984392585,0.1985804852108882,-7.176294196030036,31.62429612594241,24.686792238878876,-151.5252520678342,0.12519069708205482,0.04703689408545888,0.2132912803476624,0.02572510050931527
C021_A19_SY15_P07_S08_02DAS.mp4,600,1.7689502110252964,0.029982206966530447,0.017373370561475306,0.06839781172691523,1.237481989038647,0.020974271000655034,0.010865817630759727,0.0412082053745058,-8.39906719157475,35.712291442900835,159.6705157558049,-109.444398311692,0.2704307037426442,0.023673752305940807,0.3175114281899754,0.19369011932734606
C021_A19_SY15_P07_S08_02DBS.mp4,600,1.626390259689466,0.0275659366049062,0.01845222716990966,0.10218758640753153,0.9256308704101334,0.015688658820510733,0.009869758892473136,0.03790050954941066,1.0788338558925326,41.76278668296226,164.4460643244725,-173.5774389360533,0.2119517473553051,0.027159595302653924,0.25463876102113325,0.106729142367515
C021_A19_SY15_P07_S09_02DAS.mp4,600,2.081105697514449,0.03527297792397371,0.020817072674326125,0.08638092966591991,0.7340226027356987,0.012441061063316928,0.007537882866525897,0.025923584860944638,-2.661562964787082,23.29358341110269,53.79507530113491,-53.74316704896435,0.13113189739188585,0.035900016924609514,0.18812057914168953,0.057288479656772244
C021_A19_SY15_P07_S09_02DBS.mp4,600,1.854527746360877,0.03143267366713351,0.020767760118280697,0.0997981327506727,0.9691758175349503,0.01642670877177882,0.010281665447582924,0.04503988242390744,14.222201917010485,28.540153165894463,165.278970027791,-15.086642598421024,0.26523262736880443,0.03445499341939845,0.33186561173209483,0.162415242702499
C021_A19_SY15_P07_S10_02DAS.mp4,600,1.3563012011785591,0.022988155952178967,0.016493066810203256,0.06381401474572075,0.6500733172650817,0.011018191818052232,0.006952906315659647,0.0269016883871593,-17.684226938031834,80.60946275481818,171.94777718175024,-175.29616799547543,0.18014327521412765,0.012674617665631393,0.19824955696891683,0.1378105228080408
C021_A19_SY15_P07_S10_02DBS.mp4,600,1.597570924204103,0.027077473291594965,0.019696467682879727,0.08702247829639637,0.6317069825146481,0.010706898008722848,0.0073397901413501,0.030969497566355895,-3.5470613827792983,27.868039234170876,30.38227645365092,-124.57647187194988,0.20954852614732175,0.021528798144500986,0.23881468253577232,0.14206765092392173
C021_A19_SY15_P07_S11_02DAS.mp4,601,1.7099539025126786,0.028982269534113196,0.019465436818369986,0.08188747044789074,0.6331103795619155,0.0107306843993545,0.006375626033774735,0.026613088225506305,-11.003723351491434,30.494051298342786,159.1302428850787,-118.43818058635425,0.13330187067322144,0.024060904129533454,0.17708434656534353,0.07072476297734025
C021_A19_SY15_P07_S12_02NAS.mp4,601,2.1586972099708874,0.03721891741329116,0.023010520525592937,0.11255453893935137,1.2413489170282035,0.021402567534969025,0.012155475703257264,0.0581431631902549,-16.35171862024159,76.28521155931409,179.67451350119444,-171.7929746494751,0.19580536087561798,0.029969813658364364,0.2683417692796648,0.12037275347578431
C021_A19_SY15_P07_S12_02NBS.mp4,601,1.341867385227501,0.02274351500385595,0.012969779400849826,0.06648643667533047,0.881965104880466,0.014948561099668915,0.010142008515769666,0.0467110998540719,-5.202687138684651,21.719552310319358,36.34390993870834,-125.68401160687517,0.19034779213164177,0.014191415768843037,0.220279253340896,0.1525740172814212
C021_A19_SY15_P07_S13_02NAS.mp4,601,1.5835385231619712,0.026839635985796122,0.01850819694845519,0.08232980052241543,1.0385965008135791,0.017603330522264052,0.009451960409871027,0.03999897096821332,10.860194366163135,35.45531528792228,137.48925285105474,-98.9432416249524,0.18345305183248636,0.023512879635317882,0.21563351368232267,0.0995479183133625
C021_A19_SY15_P07_S13_02NBS.mp4,601,2.069924330938057,0.03508346323623825,0.040407765583962856,0.21429718556058722,0.7848334918299702,0.013302262573389326,0.0089285726804246,0.0396438688206913,7.483091011421419,77.45966091772782,177.94613849133643,-173.8897862105913,0.16629410720427895,0.032602158272638466,0.23700260045263694,0.014997941699756337
C021_A19_SY15_P07_S14_01DAS.mp4,601,1.5188667414834836,0.0257435040929404,0.024347301384618127,0.09500561874349782,0.4842921897952119,0.008208342199918846,0.0065146405225714596,0.028180491942677764,-45.78860406808139,64.8473975154188,179.16385510154717,-176.14534518747948,0.17905404888373655,0.05723681041101604,0.25247477939056545,0.006851173651300904
C021_A19_SY15_P07_S14_01DBS.mp4,601,0.9153385561968981,0.015514212816896578,0.017467132635222742,0.08946821259180501,0.4020288897324364,0.006814048978515871,0.005332896131830418,0.024814610304561936,30.082442356774145,68.36238508953124,173.54940565856404,-177.15364881223442,0.21519654369727906,0.023745614480023495,0.25045758485014785,0.11662034873007432
C021_A19_SY16_P01_S01_01DAS.mp4,600,1.3234755045254525,0.022431788212295804,0.018452616868438076,0.08948370040968721,0.5748940320832532,0.009743966645478868,0.011905591539737295,0.05492267236941036,5.609701796969874,11.717956010655408,21.997521351494058,-24.83314583758004,0.14574472453364784,0.015298665700371751,0.18263537393745352,0.11150407580529217
C021_A19_SY16_P01_S01_01DBS.mp4,600,1.0582702205492767,0.01793678339914028,0.019916074242831205,0.08602271911928498,0.6197781673566213,0.010504714700959683,0.011888048149966756,0.052197588920371116,13.667638279098492,13.218436937892392,55.56014455147916,-23.187422279484196,0.17537754322579063,0.010030310943712746,0.20172744225055828,0.15228030921659366
C021_A19_SY16_P01_S02_01DAS.mp4,600,1.8938522597655176,0.03209919084348335,0.02942170778836727,0.1098118620919626,0.616889494131361,0.010455754137819677,0.01084737214617943,0.0399545740702778,-35.951276245400905,62.41602192379858,153.7409823014749,-166.06874052312062,0.1266129461835336,0.025796476380565314,0.15293023678525058,0.0389700995561892
C021_A19_SY16_P01_S02_01DBS.mp4,600,1.2349614516842424,0.02093155002854648,0.021325735750107468,0.08386539451920916,0.42183598035551156,0.007149762378906976,0.008190560029985689,0.03294272240774689,-6.645802722747607,27.40256171390437,47.15494156307726,-114.94692771951773,0.09942470883893399,0.016092584720968375,0.1424087030028649,0.05783187159573032
C021_A19_SY16_P01_S03_01NAS.mp4,600,3.839852676906234,0.06508224876112262,0.06807285586552779,0.3042157049680587,0.5711649656560457,0.009680762129763485,0.006494268591275009,0.025870854761858752,-39.74338246385746,83.61527773032826,170.15093471386785,-169.20691071505095,0.09983315962991927,0.040265349113220654,0.2443604095431959,0.02655035198349156
C021_A19_SY16_P01_S03_01NBS.mp4,600,1.7864204886586177,0.030278313367095216,0.030798102344738988,0.1585498310234745,0.47560226827153634,0.008061055394432819,0.004937504952696406,0.024937894677847183,14.84423350828415,14.118103277859063,33.31820697199247,-30.527176272511724,0.11072374711509905,0.06008625685893272,0.20161201236210688,0.006491762332171073
C021_A19_SY16_P01_S04_01DAS.mp4,600,1.5029755625632633,0.025474162077343446,0.01868403148569575,0.08538467909619889,0.7417315333018197,0.012571720903420673,0.011060293646003624,0.042697196436848155,-7.077898814859638,10.023779239515331,10.995692213464922,-27.903068170498983,0.178113710678761,0.03140534826707028,0.23620544973694957,0.10631252389342405
C021_A19_SY16_P01_S04_01DBS.mp4,600,1.3273699081446162,0.02249779505329858,0.019587197424160003,0.07375695799259929,0.4696246800224916,0.007959740339364264,0.0064993109530919685,0.033138266229454136,4.708859433754566,17.247611660950575,60.836611782659205,-23.461444847473544,0.18962002172335374,0.012680647967568777,0.21671089883838884,0.1621584748547948
C021_A19_SY16_P01_S05_01DAS.mp4,600,2.076867434907746,0.035201142964538065,0.03341110010410697,0.1980870243600468,0.44538631681619845,0.0075489206240033635,0.00677133173695268,0.027792180340623755,8.185875390130587,22.66162658677979,85.882335133452,-17.334962064805364,0.1656172292086566,0.03265551401753556,0.2524665938974206,0.08174457684281951
C021_A19_SY16_P01_S05_01DBS.mp4,600,2.036833087817177,0.034522594708765716,0.02875976976686817,0.14151854267427705,0.47582873175793283,0.008064893758609032,0.005693091322904362,0.023814957939952114,58.34120632949552,80.01977437048741,172.69088471011366,-179.47998275719675,0.19984957720352947,0.01567705254097965,0.22531696438083723,0.14015609122171194
C021_A19_SY16_P01_S06_01DAS.mp4,600,2.1182591456010025,0.03590269738306784,0.02508774673438188,0.11039872172342641,0.7750059088952876,0.01313569337110657,0.014682651617533777,0.07922839523057251,-24.624541533683058,44.11817865907943,37.503759936717046,-152.74576491566296,0.22090751926651012,0.044125883685053165,0.3048346801680007,0.12284590372344373
C021_A19_SY16_P01_S06_01DBS.mp4,600,0.9082504064898816,0.015394074686269181,0.009865403587279813,0.047821540455203246,0.630537913441864,0.010687083278675662,0.008964257948361776,0.03640810817129723,4.263223770877458,56.962658198332875,171.423895090229,-176.1463689620463,0.21059513645828248,0.012607988750755623,0.23321173805145937,0.18530132234098065
C021_A19_SY16_P01_S07_01DAS.mp4,600,1.2860831406731268,0.021798019333442827,0.014472279841435022,0.058490880647904774,1.031030903245983,0.01747510005501666,0.011907988663694002,0.048658062058581836,-0.9888878287139012,20.223207026802587,31.231541671861525,-37.116689322654196,0.1683715194953868,0.014585654341889557,0.1990135530022528,0.12933996076733703
C021_A19_SY16_P01_S07_01DBS.mp4,600,1.4538380268285385,0.024641322488619295,0.022054233551883778,0.12011727430735224,0.6510484695268971,0.011034719822489781,0.01036256731333194,0.03450872542164059,1.134352848545776,19.850998129886595,54.30731125767219,-29.058721873987515,0.14782878240724065,0.027130275168255977,0.17879275215558044,0.067736708523039
C021_A19_SY16_P01_S08_01DAS.mp4,600,1.2860831406731268,0.021798019333442827,0.014472279841435022,0.058490880647904774,1.031030903245983,0.01747510005501666,0.011907988663694002,0.048658062058581836,-0.9888878287139012,20.223207026802587,31.231541671861525,-37.116689322654196,0.1683715194953868,0.014585654341889557,0.1990135530022528,0.12933996076733703
C021_A19_SY16_P01_S08_01DBS.mp4,600,1.1888594781373552,0.02015016064639585,0.02101323089308681,0.10692486459860166,0.8833026118887858,0.01497123070997942,0.016554348651126642,0.09756334146199729,14.78452954906269,31.668209066980992,135.05592750010638,-32.107778992092314,0.11408629367106846,0.01728040240511164,0.14274213219444645,0.023353682458986367
C021_A19_SY16_P01_S09_01DAS.mp4,600,2.1691127889965887,0.036764623542315064,0.03323198912079542,0.18433264076703426,0.7621999733537679,0.012918643616165557,0.013008457676343437,0.045918984952992827,-28.34322077952494,84.84317800974873,177.18619944090727,-172.90100464944717,0.192895633989807,0.038275479651909354,0.2393209718555263,0.04744421953659567
C021_A19_SY16_P01_S09_01DBS.mp4,600,1.7397654023420233,0.029487549192237682,0.03042259822079833,0.12215597717033554,0.5118180607194999,0.00867488238507627,0.007074914501523956,0.027697950695408566,-9.03829082577639,15.504481707137641,17.865041200109786,-47.063026282886476,0.1601869731679982,0.029837344685310355,0.21237494116537992,0.09054567061828596
C021_A19_SY16_P01_S10_01DAS.mp4,600,2.0056098167681893,0.03399338672488456,0.02605552372301861,0.10777826576669948,0.8870170389403781,0.015034187100684375,0.012464298401746891,0.05393360739647282,-33.47353378965781,63.5890176535804,173.60450080573665,-175.75795988850186,0.1486472109408437,0.02016162353572895,0.18010677273286785,0.0788391550817882
C021_A19_SY16_P01_S10_01DBS.mp4,600,2.350544159156701,0.03983973151113052,0.03118073854995662,0.11328537652354544,0.7644014311437389,0.012955956460063372,0.010886966589220611,0.038445050365577806,1.4026664209122985,20.0100186524948,44.06412894976286,-60.71471659562039,0.1792366685306057,0.04219789695486344,0.24209392230668406,0.08375137158588068
C021_A19_SY16_P01_S11_01DAS.mp4,600,3.081039580460002,0.05222100983830512,0.052479794835624975,0.17920096203784086,2.1070549309019375,0.03571279543901589,0.06167476098316707,0.2204772140702236,-3.2061029376206713,67.44006186455415,161.64410646467468,-167.91106988296215,0.1382256366178098,0.027918101938774812,0.1823102923592012,0.055423319848589295
C021_A19_SY16_P01_S11_01DBS.mp4,600,1.782324198438547,0.030208884719297405,0.02529460060702893,0.14220787950385083,0.9079403037751315,0.015388818708053075,0.014393823659336917,0.0687589823584494,21.61943153032771,30.076122020030837,161.211541432211,-23.653549539841748,0.18970768678164954,0.02487294655663806,0.22667708416920648,0.0792442234347824
C021_A19_SY16_P01_S12_01NAS.mp4,600,1.0815314590631866,0.01864709412177908,0.01846871263498259,0.08284704102400427,0.4275925002579746,0.007372284487206458,0.009299539150841052,0.054193341513265984,2.077871552154969,21.598365364926597,153.38672626416633,-35.278559453796866,0.15259250803806002,0.020157477550770447,0.1805140733650878,0.07211187262294218
C021_A19_SY16_P01_S12_01NBS.mp4,601,3.833796170267711,0.07099622537532799,0.10745820008432351,0.5860102629078655,1.1323876006128095,0.020970140752089066,0.07490908374901387,0.42428064964292506,5.308289523651387,101.62809733567948,177.0471094752144,-169.61735754795208,0.19321804569569395,0.05061080126603008,0.2388984477936254,0.04115369646553242
C021_A19_SY16_P01_S13_01NAS.mp4,601,1.493459024713416,0.026668911155596716,0.02940543905998937,0.1188420789173985,0.2593860202395492,0.004631893218563379,0.0034699446857516386,0.013099574461340755,-21.25975432042715,14.257405551640657,6.639416157762774,-50.47912899201034,0.14960651294177643,0.0421625632052248,0.2069090248883167,0.04381822292333974
C021_A19_SY16_P01_S13_01NBS.mp4,600,0.8631861119888083,0.014630273084556073,0.016694129205235036,0.10913403840203684,0.2952469994431608,0.005004186431240013,0.003470724399258283,0.01645097426351152,88.13159579413107,52.62197736932809,175.99679704527102,-117.3789970038427,0.18223574453576039,0.051740374254136384,0.23818625959693948,0.06902644333848565
C021_A19_SY16_P07_S01_01DAS.mp4,601,1.3254099095495089,0.02246457473812727,0.02120567023375466,0.10300187343922446,0.5890679214949012,0.009984202059235612,0.010772894407626767,0.05168028984168412,8.539000671714344,10.02619574432853,31.23729763237285,-13.79785838126372,0.16932886446134499,0.019935525364197744,0.20443518311424028,0.09913892514548185
C021_A19_SY16_P07_S01_01DBS.mp4,600,0.8820281913711413,0.014949630362222735,0.020832348384598937,0.1145844033689048,0.35446832384322047,0.006007937692257974,0.0077417851020537935,0.033100518661991825,17.074156223621873,13.507398139300902,52.18598431450963,-17.013386274567605,0.1710735438792887,0.009693806740035182,0.19286884615156447,0.14357084169710296
C021_A19_SY16_P07_S02_01DAS.mp4,601,1.2427414742424554,0.021063414817668737,0.027964848082858533,0.13937677210813854,0.5088864711364792,0.00862519442604202,0.0099208721471581,0.043177391164248805,-0.8143466858808563,15.750585345382678,17.92621801436513,-53.874718577539184,0.15209753599221593,0.0216947283896833,0.2085341057437128,0.06921895693356783
C021_A19_SY16_P07_S02_01DBS.mp4,600,0.7467848718328489,0.012657370709031338,0.01563457450028077,0.07136366897200508,0.4850800974633274,0.008221696567175042,0.009390807222577315,0.040393248154304374,11.619621787777712,12.658763021092426,28.901402202499483,-21.302202679689103,0.15148005422933286,0.009652453275446716,0.1733290894527545,0.1131365416832258
C021_A19_SY16_P07_S03_01DAS.mp4,600,1.4277390491719584,0.02419896693511794,0.021258358394791455,0.08715571261009893,0.3356122249056985,0.005688342795011838,0.005915663005012861,0.026981871956753202,-5.602250199531769,9.24271122989646,6.954959966438256,-24.635394271110325,0.13848684708405676,0.044287118674111635,0.21922164773507657,0.05694667462529778
C021_A19_SY16_P07_S03_01DBS.mp4,600,1.3143472270978505,0.02227707164572628,0.024479619234953964,0.09345118236964016,0.41525806893715644,0.007038272354867058,0.009586584729137473,0.05848394219080101,1.715609762842616,8.085935872989019,13.804649041368362,-21.618024310885232,0.18343573970150232,0.05319155150124832,0.23740168448605148,0.060324762474077205
C021_A19_SY16_P07_S06_01DAS.mp4,600,2.507422184691295,0.04249868109646263,0.034960543739912864,0.19022406145847107,1.0559900228185302,0.017898135979975086,0.030074559369984155,0.18530743787569884,0.1740154918070946,29.65089804760367,179.1076572964822,-112.80643253786278,0.14397650828382702,0.04421539326064442,0.21527665998780524,0.00813351131750703
C021_A19_SY16_P07_S06_01DBS.mp4,600,3.32788474419006,0.05640482617271288,0.03804054059705718,0.16957116836012104,0.8589834333805032,0.014559041243737343,0.011140457587630673,0.04929367927568975,4.911597738484571,13.12172815259857,38.18924948826707,-26.724736227775267,0.14406913302102695,0.045727510813977724,0.21263435522172655,0.051111268798263776
C021_A19_SY16_P07_S07_01DAS.mp4,600,2.8775281050234804,0.051384430446847866,0.05938462502579353,0.25186242419382265,1.9082431397205823,0.034075770352153256,0.05486429918674736,0.1892192157682614,-7.722260224099726,79.56792009563523,178.32016421738433,-178.9499601900282,0.1177949544151044,0.03824882083379458,0.15915583356813093,0.005415467233211378
C021_A19_SY16_P07_S07_01DBS.mp4,600,0.8161136905577361,0.013832435433181968,0.016215267475988688,0.07084577781824554,0.6091093008955282,0.010323886455856409,0.02186576639413716,0.12194007678812394,5.967856188870881,22.1082859674198,156.18772659442317,-22.003991990685584,0.13465752871385234,0.046982792407845995,0.18179715232064464,0.010475919079533054
C021_A19_SY16_P07_S08_01DAS.mp4,600,1.3307967717356508,0.02255587748704493,0.01298330284508723,0.08083046445726176,0.5924559341097696,0.010041626001860501,0.009340514809700037,0.05372572248198619,-16.153212999281546,13.594526689696854,5.261809679832526,-74.6372503761658,0.2640529003265658,0.02578630851834675,0.29704397599967536,0.19018381331233786
C021_A19_SY16_P07_S08_01DBS.mp4,600,0.824740547958182,0.013978653355223422,0.01217998740956737,0.05107602290659059,0.3589901940121251,0.006084579559527545,0.0065045737643656355,0.036715385122001724,4.344969897859041,6.228102955437854,18.248481770998353,-6.87220629174999,0.20667906901018362,0.011093951394718138,0.22690321422773624,0.1802723757129818
C021_A19_SY16_P07_S09_01DAS.mp4,600,1.3911242250140508,0.0235783766951534,0.02322304659909918,0.0894710727777518,0.5794681547223841,0.009821494147837019,0.02949253343810166,0.17373193103979837,-0.7149577426590665,7.937240012553972,12.836282679667343,-28.307471184719,0.12253293050556488,0.031236093902369134,0.16541901713666526,0.029836122059701
C021_A19_SY16_P07_S09_01DBS.mp4,600,0.9531717632190511,0.016155453613882223,0.017345006073259908,0.07105713170557146,0.3582923857831007,0.0060727523014084865,0.0063128067401201585,0.043045996759965566,4.968319245590768,6.2553541153635805,18.28756385583665,-7.611025217122071,0.24956312928853117,0.01935979303054046,0.272961557768984,0.1732733596705782
C021_A19_SY16_P07_S10_01DAS.mp4,600,1.7282215968294317,0.02929189147168528,0.02649797643328368,0.10864589859757716,0.33431630840923354,0.005666378108631077,0.006444914294673328,0.03536682037483129,-8.99246069093027,11.335716894938411,13.806406218547336,-35.546251290743434,0.12545052305515536,0.03925887807499598,0.18894305028097752,0.060359247447421084
C021_A19_SY16_P07_S10_01DBS.mp4,600,1.5962034465901198,0.027054295704917283,0.029004177202113308,0.15900115914965351,0.37482444026653566,0.006352956614687045,0.005570269371656004,0.032651301210271655,4.580881075911666,14.783140928247775,31.874925312397565,-31.371649524895357,0.1997235357280547,0.023170639270427024,0.23461702187614952,0.08016952320197644
C021_A19_SY16_P07_S12_01NAS.mp4,601,2.169429324568507,0.03676998855200859,0.021765698135341096,0.0973242470774894,0.9759988686986539,0.016542353706756847,0.011530544511763583,0.05362180395738513,-9.947047952737922,19.61207507781176,14.647982217894505,-136.46118573751843,0.18312420294541087,0.026842943040440555,0.23786024237945858,0.10368570032070054
C021_A19_SY16_P07_S12_01NBS.mp4,601,1.2027902225331966,0.020386274958189773,0.016863390131672734,0.07009767081823368,0.6387585963758518,0.0108264168877263,0.0072525296305350285,0.03018052588840622,2.370387168300241,6.57468957513094,21.26320691140455,-18.255134817813733,0.1943736549630701,0.01892945913659524,0.2341959824574186,0.16416945614953432
C021_A19_SY16_P07_S13_01NAS.mp4,601,1.0718202625077895,0.019487641136505262,0.014219548533349878,0.07258993510468628,0.5509757874753713,0.010017741590461298,0.007471613417031629,0.030050359988063564,10.829220990701582,10.790502252282662,36.935329863582645,-15.956145370087608,0.18431452810101048,0.020983332223818818,0.211963577053034,0.09946949987393154
C021_A19_SY16_P07_S13_01NBS.mp4,601,1.7970618216663683,0.03667473105441568,0.03539049961846207,0.165635958152026,0.6687725161986664,0.013648418697931968,0.010279512191103,0.03720231156478781,-1.91719981759764,50.446852003402206,35.78499396683309,-170.38707706391472,0.15087940701596494,0.027830418742494988,0.17599346024949122,0.029958063497777354
C021_A19_SY16_P07_S14_01DAS.mp4,601,0.597407527407272,0.010125551311987661,0.006138711925522257,0.029295769555515744,0.32952302431855357,0.005585136005399213,0.0029816268275373466,0.013811016894070698,-4.599080727527295,41.294241777036056,176.3744227913645,-171.5539921312132,0.20954595004056528,0.008413216395267483,0.2260919037887416,0.19242523989176694
C021_A19_SY16_P07_S14_01DBS.mp4,601,0.526845578133359,0.008929586070056932,0.005666155803109569,0.02172245557557847,0.27359872821674086,0.004637266579944761,0.0024686695771890406,0.01180323896217029,31.428588704143138,39.07768356419259,151.14252548590272,-2.3318674568129523,0.22581330632297936,0.01047836774553496,0.244951892426193,0.19947899074176734
C021_A19_SY17_P01_S01_01DAS.mp4,600,2.2678897300234517,0.038438808983448335,0.02841608148600291,0.12198172861154992,0.9892817859563228,0.016767487897564794,0.015844009438917738,0.08666147439204851,38.689011382586855,66.75589266328925,162.44072629485473,-139.44554217173817,0.14245668679120801,0.035075624051549674,0.22226590292991205,0.08961499112361315
C021_A19_SY17_P01_S01_01DBS.mp4,600,1.6070947199744714,0.028194644210078446,0.021899173199963578,0.09398508569014756,1.3325822337517206,0.023378635679854747,0.025268227292386224,0.1125482511934655,-11.32299145788501,69.82740586000888,174.95651409327292,-179.11958739756088,0.10209532590360745,0.06187445159414724,0.22647901972271184,0.013875333420373117
C021_A19_SY17_P01_S02_01DAS.mp4,600,0.9184661575582592,0.016113441360671214,0.018373196655859163,0.09335445143158956,0.7042011897381536,0.012354406837511466,0.01736319941010673,0.10106820533877633,14.989658734434483,131.62258146571807,174.2054485619052,-178.71860892782547,0.0894453594928133,0.03318195037966044,0.1545433107365388,0.04061817258840796
C021_A19_SY17_P01_S02_01DBS.mp4,600,1.1544574176167035,0.0245629237790788,0.02631016150510859,0.18725782484046896,0.7849995888242942,0.016702118911155195,0.022797984608840048,0.09808475646657466,-20.299730244453517,31.825154687404254,49.44628884713977,-118.5708735651353,0.09064544279404611,0.025908248992555734,0.14425583538285347,0.02750217664722585
C021_A19_SY17_P01_S03_01NAS.mp4,600,2.291469116504503,0.04091909136615184,0.048645970766031756,0.2255016881160482,0.6092265098692955,0.010879044819094562,0.016831543863124104,0.10338639838571761,-110.76086946160716,74.21947770532832,179.7767391947543,-178.61430832074345,0.09037866357497239,0.03326511198225881,0.14488064355456048,0.031031397166104743
C021_A19_SY17_P01_S03_01NBS.mp4,600,1.7228611113843058,0.029201035786174674,0.03016252942286755,0.1415901009138211,0.5372162643604698,0.009105360412889318,0.016101319950378827,0.08657137854091336,-3.585636404910221,21.256105092266274,26.434219180861948,-55.34585942495029,0.07416705925109413,0.034832999294593846,0.12494206847217341,0.007135911575005389
C021_A19_SY17_P01_S04_01DAS.mp4,600,1.4473050579934508,0.024530594203278827,0.017521960012267992,0.07371780205176467,0.7532663232942423,0.012767225818546479,0.01725963101413683,0.10011106888662778,24.23872213823544,33.69461440361131,145.66404782954345,-22.292228486936896,0.14458201449728503,0.0580477556682168,0.22066719657176212,0.027136965918984176
C021_A19_SY17_P01_S04_01DBS.mp4,600,1.154366953925675,0.019902878515959913,0.019106215634251668,0.07674143365881649,0.6482573154500527,0.011176850266380219,0.016325089195192533,0.08444662203610241,46.313183958053635,77.1549773549711,178.86102102989145,-175.7950096147594,0.14475799078969523,0.058044923442204285,0.22088902133577684,0.05969318402070363
C021_A19_SY17_P07_S01_01DAS.mp4,601,1.0727175603758823,0.01818165356569292,0.02291337911203227,0.10082425814858954,0.509983775760614,0.008643792809501933,0.014363043324626307,0.08187825215301459,37.791480324339595,24.131975959689466,65.02065782605061,-10.03759819830777,0.11588935628105333,0.05154779533338433,0.2066484580861141,0.06304182010132742
C021_A19_SY17_P07_S01_01DBS.mp4,600,0.6984469554722438,0.011838083991054979,0.017037102768587015,0.07551970061900444,0.4860833005101661,0.008238700008646883,0.014967426970188345,0.09025479175669135,56.87428869710751,74.84466338855674,149.30930598399405,-163.458243705566,0.1168062226060404,0.03486911223716154,0.18983519633476723,0.08229482362039715
C021_A19_SY17_P07_S02_01DAS.mp4,601,1.2218250002293656,0.0207088983089723,0.02222004897994285,0.103212866769594,0.7379402208658666,0.01250746137060791,0.016273391464146386,0.07982343089011398,-51.97143385057931,44.34643428887925,16.478880444586075,-124.00365701830964,0.12749512599523938,0.04158794708206988,0.1971063579958693,0.07683229858213968
C021_A19_SY17_P07_S02_01DBS.mp4,600,1.2024905073748224,0.020381195040251227,0.020363165297684848,0.13145540060065575,0.7681592032923337,0.013019647513429385,0.0246468348354499,0.16409544440117999,-7.576703429715933,24.047109027721557,100.79809172043402,-41.68356609530933,0.14098609560840544,0.02608915965890227,0.1857444795407924,0.0668708094746181
C021_A19_SY17_P07_S03_01DAS.mp4,600,0.6670927242460862,0.011306656343154003,0.01753523839073467,0.09876097085357055,0.612868647323109,0.010387604191917102,0.02041827804100891,0.10666813632630479,-95.38457308551772,70.18342701981821,4.502809394424898,-177.58654389196934,0.17026862245507227,0.03523710764026068,0.22443947770789635,0.10843386622061589
C021_A19_SY17_P07_S03_01DBS.mp4,600,1.0922941875762755,0.01851346080637755,0.013917753848936728,0.058905656221001995,0.6336021224604319,0.010739019024753084,0.020318686678678997,0.117871463788711,-64.02414302817859,57.45563790389255,16.747229761868923,-154.9543349890207,0.16336697024190497,0.0526196501848015,0.2440777839498769,0.09593666255846238
C021_A19_SY17_P07_S06_01DAS.mp4,600,1.2714749183448508,0.021550422344827982,0.027591894660849617,0.11985479202307302,0.561932885583102,0.009524286196323763,0.015242698641895596,0.08428221297400619,44.265410332745155,45.30541767117068,156.98437531863223,-118.92464901859367,0.1070336497361561,0.0416196913599036,0.20428998056475092,0.037681087677155424
C021_A19_SY17_P07_S06_01DBS.mp4,600,2.008992491332565,0.034637801574699395,0.05018005997981538,0.2149413324903224,0.8558032252391607,0.014755228021364841,0.01794594054575448,0.07735724663365877,45.05304852208353,64.90321865053366,152.51250185117874,-172.70527492751916,0.10155620104204187,0.050004770636229955,0.20276680124291813,0.008746477355832269
C021_A20_SY15_P01_S01_01DAS.mp4,600,1.54811514215167,0.02623923969748593,0.021493147845297354,0.10169327129824773,0.7917753352146689,0.013419920935841847,0.009332476673912819,0.03151747368267862,16.832482765330205,28.20419806075408,144.84371182216265,-57.45905384152835,0.12147111922663982,0.0449578815225544,0.1863452306345719,0.036171486964042675
C021_A20_SY15_P01_S01_01DBS.mp4,600,1.4241044833635816,0.02413736412480647,0.019311137593440747,0.10289201759059396,0.7989447108728841,0.01354143577750651,0.00847500910672598,0.031624808590708084,49.45998512249881,58.34038556134521,176.74500175951553,-6.555160992314928,0.13740362083255656,0.06005239231990234,0.2295470964574246,0.04374331741203382
C021_A20_SY15_P01_S01_02DAS.mp4,600,1.7157260613186969,0.029080102734215203,0.021499267281870394,0.10580775314418478,0.8723342127083512,0.014785325639124597,0.007567626859169753,0.03147759974707565,16.43763675793765,39.56857105747623,142.5238823360045,-140.89612300877462,0.11222762465062862,0.05209231043510424,0.1885411762619104,0.03173261645584147
C021_A20_SY15_P01_S01_02DBS.mp4,600,1.7775002488098308,0.03012712286118357,0.02325823275559301,0.11523148560411996,0.748905560752064,0.012693314589018035,0.007242059701833793,0.028309782598528684,34.96485773030968,61.63469262852927,178.03073887847557,-178.41903419372093,0.13094869083572408,0.05351552164566306,0.22577220815512572,0.02697132070668869
C021_A20_SY15_P01_S02_01DAS.mp4,600,1.3373210289821449,0.022666458118341438,0.014520582201118914,0.0626010076985756,0.8062534858160569,0.01366531331891622,0.007290773762830438,0.030885611248131883,-10.944671953589394,79.19234974170666,177.68779072648013,-173.68876240352856,0.13224103145177699,0.021763167509497586,0.17197918536034615,0.07546396056975724
C021_A20_SY15_P01_S02_01DBS.mp4,600,0.9776820215221153,0.016570881720713818,0.015213993060934227,0.06868166737585892,0.7787550573575746,0.013199238260297874,0.018196106428192693,0.1065541365854647,2.291782453021375,39.01617852419627,56.003852726446254,-153.35005422211594,0.10979834814714945,0.01796598479918944,0.1506527143697198,0.06424126792937382
C021_A20_SY15_P01_S02_02DAS.mp4,600,1.677473203575416,0.028431749213142645,0.036602562038166205,0.22891412993990828,1.0357368720664561,0.01755486223841451,0.03032140381099371,0.18631515141108795,-3.239428002232122,81.48114870400786,179.8260127348449,-179.98527786929205,0.11781220777487973,0.03220781462892632,0.1669712180621999,0.046424822930011926
C021_A20_SY15_P01_S02_02DBS.mp4,600,1.40967482119918,0.02389279357964712,0.01974405079052451,0.12325229131608911,0.7235311851574863,0.012263240426398073,0.031524148081236165,0.24756990151247552,1.1486415713051235,40.44881851503589,46.31449162243946,-142.65143814067886,0.07908879466508648,0.035365604174040145,0.13690644829172047,0.010338126086782069
C021_A20_SY15_P01_S03_01NAS.mp4,600,2.6441149971398477,0.04481550842609911,0.045319908820979485,0.25142185805685185,0.9080050497986241,0.015389916098281763,0.011619902581106461,0.08021460739854426,-20.325695625793262,46.72674656610711,27.654460027357686,-175.02905829006454,0.12094508361002063,0.03875148710998608,0.2087633663310462,0.019663936750701067
C021_A20_SY15_P01_S03_01NBS.mp4,600,2.411085278759392,0.04086585218236258,0.02276108646206004,0.10547862470771796,1.0285394545503799,0.017432872111023387,0.008368048752347184,0.035805144092551144,21.847449290512177,32.07937321161925,152.57838266387807,-71.18458802054556,0.15231496259357055,0.03250091827567392,0.2290470621472106,0.0865579115553864
C021_A20_SY15_P01_S03_02NAS.mp4,600,3.1130615430060327,0.052763754966203946,0.04739300561543939,0.25650817005310245,0.7000486822632981,0.011865231902767764,0.006478948838121052,0.02931194079320449,-21.174565266539,71.64921735631789,179.8053508184471,-156.1033212385777,0.09329424719322449,0.03613662674495764,0.16684095132770077,0.028242321021112234
C021_A20_SY15_P01_S03_02NBS.mp4,600,2.9533100983629583,0.05005610336208404,0.035555496749608895,0.16061814529106808,0.9478836782590738,0.01606582505523854,0.008729904568411695,0.03486760192794405,20.031508836456727,27.885177277651678,100.9641869271414,-83.80007275775077,0.10047903489211288,0.05354010877403264,0.23474029759269627,0.0035964772884291936
C021_A20_SY15_P01_S04_01DAS.mp4,600,1.5795598762943122,0.026772201293123934,0.01540386685002859,0.0629810645964534,1.2082834424715376,0.02047938038087352,0.012273568558207522,0.04525091688640991,-3.568475546702154,65.98597169136525,178.78283830648024,-179.92285444210782,0.17221106351053764,0.022601189738341437,0.22914500443261474,0.12978292870685273
C021_A20_SY15_P01_S04_01DBS.mp4,600,1.7078859576915981,0.028947219621891493,0.019626575432630473,0.07882389321788813,1.1584316269122592,0.01963443435444507,0.01445267915223617,0.051002106946658216,30.325486287905843,51.29332308162838,178.7225328690498,-30.923492533797308,0.18511741519124378,0.022017628814930638,0.2328075332147778,0.12441042985554805
C021_A20_SY15_P01_S04_02DAS.mp4,600,3.814710646508692,0.0646561126526897,0.08127433995164132,0.42641405007208466,1.393088202204633,0.02361166444414632,0.04088314703199164,0.23624779818575586,-5.033933454062691,60.02244619290153,177.35124176830791,-177.86743061451892,0.14042646092684027,0.049970694416418764,0.22772101464153918,0.035842720555835525
C021_A20_SY15_P01_S04_02DBS.mp4,600,3.833759417941212,0.06497897318544427,0.08150125365428108,0.5009487466158786,1.4207462355394045,0.0240804446701594,0.03972601594711799,0.23569998167658648,19.672165994441805,51.16905049902099,175.51371159750474,-48.98554236292414,0.11200927582912516,0.06537472998486436,0.21931428768432604,0.012287043782119632
C021_A20_SY15_P01_S05_01DAS.mp4,600,2.564834530600599,0.0434717717050949,0.04747704206635461,0.2203754576412765,1.6379687228388884,0.027762181743032008,0.042306028160939584,0.1716259556483412,4.103843095045365,68.92702845619256,170.1532268309249,-175.53254862760795,0.16260312977276914,0.041150581550443044,0.2763953598040801,0.03794119987494234
C021_A20_SY15_P01_S05_01DBS.mp4,600,1.4200099048915173,0.024067964489686736,0.017006831468520365,0.08919862209690221,0.9079032507461325,0.015388190690612416,0.008564877845165488,0.03551689608801747,21.654820481594026,76.65378887069211,178.9344083580802,-179.37593199566,0.1995894524455304,0.02304418722979814,0.2600312527398152,0.1552078641297846
C021_A20_SY15_P01_S05_02DAS.mp4,600,1.577142958103423,0.02673123657802412,0.018942383635967838,0.08619612537364918,0.671608325767638,0.011383191962163355,0.007673560176765099,0.03242276587960734,12.475025440176816,31.738157048111532,86.18929778570724,-103.95460318095485,0.12260890573238574,0.04876765589064463,0.24198622550813537,0.02721538197041945
C021_A20_SY15_P01_S05_02DBS.mp4,600,2.2315283916021635,0.03782251511190108,0.04810577339719223,0.2781536181362099,0.8463576120538718,0.014345044272099523,0.009374449858813794,0.04267706207427449,42.79296551129621,61.78192107809707,174.80836905867383,-34.182277654631584,0.17400991920069664,0.04722866642548822,0.2759611802736319,0.0752795035224074
C021_A20_SY15_P01_S06_01DAS.mp4,600,2.402698076757969,0.04072369621623676,0.027827845003553387,0.12316278411439484,1.158781211502362,0.019640359516989184,0.010053078108889021,0.04959412550187684,-8.411950080473297,29.097348853769162,55.12528328139343,-85.85529672574137,0.22286414678042973,0.05397817865425123,0.32160320233201606,0.12554504628403704
C021_A20_SY15_P01_S06_01DBS.mp4,600,0.7673831462185697,0.013006494003704572,0.008106235285962295,0.033818835045510844,0.4712035111103671,0.007986500188311306,0.004341201740898327,0.018694899112345998,23.23999915719795,65.03795175506654,167.5562390257387,-172.93120078344086,0.19576518338036814,0.013376009148069912,0.22327386780550423,0.1472041459013233
C021_A20_SY15_P01_S06_02DAS.mp4,600,2.8123168679667674,0.047666387592657074,0.040854397096537286,0.23134709294896283,1.0941537058926882,0.018544978065977765,0.010758808032676407,0.048099194435407853,0.3704475636040334,23.153378824440527,34.090950091771624,-72.20623607168642,0.21601724196825553,0.059487499492135124,0.29471456176374333,0.06179267705931736
C021_A20_SY15_P01_S06_02DBS.mp4,600,1.1298664249071815,0.01915027838825731,0.022690360234626946,0.15396750169988538,0.3992089651927496,0.0067662536473347395,0.004873460472281697,0.01978384571918439,28.087248227624325,56.006265424645505,166.99001064659842,-159.61422432163218,0.16449000158469923,0.05597779911621216,0.21505220830186092,0.03913761589671692
C021_A20_SY15_P01_S07_01DAS.mp4,600,1.7609329521673343,0.029846321223175157,0.02043430121918554,0.07428190285088489,1.348332926285519,0.022853100445517274,0.01233445452632273,0.047164119744824304,11.957103914031292,60.73630843690926,158.2004569173013,-177.69090106956614,0.18440928667601575,0.02455726577798858,0.23738541280956954,0.15094564216698245
C021_A20_SY15_P01_S07_01DBS.mp4,600,1.4107567654478357,0.023911131617759925,0.018617436426855073,0.07416115232615557,1.1181293304433078,0.018951344583784877,0.012152219001715876,0.04820305932849678,0.21232665788163754,78.26453322798324,179.90927621190616,-178.36925517279107,0.15780572236512605,0.018302405871125343,0.19610683832767692,0.10501863017978905
C021_A20_SY15_P01_S07_02DAS.mp4,600,1.6740846287415785,0.028374315741382685,0.02113302640896099,0.1050796716878746,1.2182429949174767,0.020648186354533502,0.01426343355437638,0.052919639704976026,-13.562930679477166,57.61854270146517,130.3058032668422,-170.8042970421627,0.1498164817287044,0.04147192767757066,0.2252929376768004,0.06474384631815461
C021_A20_SY15_P01_S07_02DBS.mp4,600,0.7460489930395334,0.012644898187110737,0.012435891615538316,0.05273442976048756,0.5879884277247296,0.009965905554656434,0.007391023777562738,0.034742567043763134,30.685942112542858,65.3237009660743,174.24703413261057,-154.49778047575867,0.156098828833403,0.012946160746843105,0.19385787763495846,0.13611133322933647
C021_A20_SY15_P01_S08_01DAS.mp4,600,1.7609329521673343,0.029846321223175157,0.02043430121918554,0.07428190285088489,1.348332926285519,0.022853100445517274,0.01233445452632273,0.047164119744824304,11.957103914031292,60.73630843690926,158.2004569173013,-177.69090106956614,0.18440928667601575,0.02455726577798858,0.23738541280956954,0.15094564216698245
C021_A20_SY15_P01_S08_01DBS.mp4,600,1.2227460124872593,0.020724508686224736,0.014857714770940458,0.061216936019325506,0.877982448834677,0.014881058454825034,0.009473363991995566,0.038360131280911355,17.354557288905273,44.326051775349036,145.05642497834822,-50.10459149719995,0.11591370871203237,0.019496461192143308,0.1567122899231477,0.06381079092654392
C021_A20_SY15_P01_S08_02DAS.mp4,600,1.6740846287415785,0.028374315741382685,0.02113302640896099,0.1050796716878746,1.2182429949174767,0.020648186354533502,0.01426343355437638,0.052919639704976026,-13.562930679477166,57.61854270146517,130.3058032668422,-170.8042970421627,0.1498164817287044,0.04147192767757066,0.2252929376768004,0.06474384631815461
C021_A20_SY15_P01_S08_02DBS.mp4,600,1.3276163649936747,0.022501972288028384,0.020408333757548913,0.10174804504780371,0.7446517608111513,0.012621216284934768,0.008662353264483206,0.034360656306218464,0.13702632773518258,32.817741523947795,53.54985676920054,-80.51644169457288,0.09365376673195583,0.027593045701168228,0.1556705703701525,0.027714219860055365
C021_A20_SY15_P01_S09_01DAS.mp4,600,2.154801879709184,0.03652206575778278,0.02493030715652778,0.11239357006559247,1.176518202605372,0.019940986484836814,0.008387375466539481,0.04131184747483921,-27.849408614915152,100.02658721394313,179.26729091487945,-176.44642664898473,0.19212953325114113,0.029028186947871425,0.24974196171575466,0.14575629392040584
C021_A20_SY15_P01_S09_01DBS.mp4,600,1.3962776542835855,0.023665722953959075,0.015712049462417242,0.07613618572977346,1.1466807203693308,0.01943526644693781,0.009725607134399678,0.04105172119339207,9.212275784508027,58.334059311169504,179.0234634175863,-176.89602128222273,0.16939383831539023,0.01877284370845783,0.2176804862507823,0.10563356033391787
C021_A20_SY15_P01_S09_02DBS.mp4,600,1.5053531086006615,0.025514459467807823,0.019791936574139603,0.09256552136283787,1.0309753492024205,0.017474158461057973,0.011020328027527584,0.041368800611816935,16.13412577470716,63.44806774011467,172.98901939851714,-172.9427474573941,0.13838355394251195,0.03669666319680288,0.21906645763730828,0.06363436454784412
C021_A20_SY15_P01_S10_01DAS.mp4,600,1.7062165493564905,0.028918924565364244,0.027000225051815815,0.12414400444920252,1.4252140426106532,0.024156170213739885,0.03248597243578876,0.14874151346452263,-39.98575768741731,85.61995396751023,179.96453116834485,-172.17122569143908,0.13891949865451306,0.03906795779344198,0.19302282933775722,0.007164558306906252
C021_A20_SY15_P01_S10_01DBS.mp4,600,1.6333819990325456,0.02768444066156857,0.016780506745488918,0.08200201120120562,1.3397582855585863,0.022707767551840445,0.013457305962376378,0.060306067712261865,-2.3888026720907978,70.0869316436439,178.33798669049568,-178.44877250792052,0.1676871081966547,0.02179313666754264,0.22011447035171874,0.10048441718684936
C021_A20_SY15_P01_S10_02DAS.mp4,600,2.0580548158873238,0.034882285015039385,0.026549798671095713,0.12562984536958147,0.9608846876002575,0.016286181145767076,0.011417912136728934,0.047657899510715224,-56.27833195098637,82.31094097190562,178.36062922879702,-173.72999017717854,0.12105687701834338,0.06066327902508751,0.25052221664445806,0.048638747994295774
C021_A20_SY15_P01_S10_02DBS.mp4,600,2.53074255498583,0.04289394160992932,0.04217869881598082,0.2460279132251007,1.0891212636841299,0.018459682435324237,0.010982159217670623,0.04639762976929582,-3.060801785319321,53.96808052728326,162.4260270935563,-170.10362226671947,0.1129886650944753,0.0597150651803291,0.22813621401374717,0.027242515229312862
C021_A20_SY15_P01_S11_01DAS.mp4,600,1.5166940383746719,0.02614989721335641,0.030178151317269426,0.18582594123955332,1.6663990816916363,0.028731018649855798,0.0417732568732331,0.14569586581945285,-40.62242940419577,73.54934192165209,55.78835450615375,-179.9140191644998,0.136653871899213,0.041076193475007676,0.2188036577878755,0.008080217097068857
C021_A20_SY15_P01_S11_01DBS.mp4,600,1.8275144309637275,0.03097482086379199,0.02536950221350556,0.11505947082277619,1.807230973883953,0.03063103345566022,0.03175833208432402,0.18358261729605613,7.405536449482042,74.26969438713368,177.02405189848614,-178.4421906240287,0.19400016773183423,0.04886936961583911,0.3214932278435958,0.01313121435182242
C021_A20_SY15_P01_S11_02DAS.mp4,600,3.894586849358973,0.06954619373855309,0.09653176545111201,0.3990722820235394,2.2435548250630446,0.04006347901898294,0.060436760441429975,0.23410563334441514,-20.786661321073296,81.23364460035023,177.60003419153477,-179.36796030189197,0.11892913627877368,0.035779129748759776,0.21406269249665916,0.042151602407722845
C021_A20_SY15_P01_S11_02DBS.mp4,600,2.4985101746888034,0.042347630079471246,0.0317110035154343,0.1321530231646137,1.13927339796028,0.019309718609496273,0.01666233893290918,0.05728585557627061,3.18332867414244,65.26727954657947,177.5098617862648,-175.846812121506,0.14400678921767615,0.07375572537017312,0.304203365401755,0.03756480316215365
C021_A20_SY15_P01_S12_01NAS.mp4,600,1.3382495259147984,0.022682195354488108,0.018641851191040403,0.07928478887433212,0.5214543064642765,0.00883820858414028,0.0052984206275180174,0.02691055829704044,-14.144115966007885,47.746158887826184,173.41038828643315,-151.2029959067745,0.14574726256774218,0.042052442535497496,0.21875922430708347,0.06241398252033238
C021_A20_SY15_P01_S12_01NBS.mp4,601,2.623207417206605,0.045227714089769055,0.10022848515358986,0.43260982486500293,1.9205420287848853,0.033112793599739405,0.09039968557117031,0.39509494622705027,1.402684029275376,109.38456266944644,179.2889083133161,-179.3662863655605,0.16078586364817177,0.06084149251473659,0.24138077048115972,0.05759931095374365
C021_A20_SY15_P01_S12_02NAS.mp4,600,1.4282860337205274,0.024208237859669957,0.020955641966892972,0.08998350501307169,0.5064346492753337,0.00858363812331074,0.0054972754743800156,0.02109486247005356,-2.0413467008896236,51.6595299541622,176.1262730394528,-152.43156070719445,0.10539745927008462,0.06480403819039,0.2073496214710773,0.004386828142692288
C021_A20_SY15_P01_S12_02NBS.mp4,600,5.070356620057827,0.08593824779759028,0.137475545012359,0.4424001190924363,3.4631300087016132,0.05869711879155277,0.12310901074005219,0.38051852535591996,-0.7632535201751462,106.1950931296256,179.23066658195228,-179.97154833603622,0.15901148594845163,0.09128125145836996,0.31968685210275205,0.011970032446058739
C021_A20_SY15_P01_S13_01NAS.mp4,600,2.9041115087667655,0.05094932471520641,0.06003973079824656,0.2723507238218168,1.7743663157170741,0.031129233609071476,0.06311280327216787,0.29700038246514043,-24.63930961675321,96.7581568549556,177.6805204561373,-176.16713677083212,0.15327036578712427,0.04794521683787436,0.24302423087970793,0.07136381884087754
C021_A20_SY15_P01_S13_01NBS.mp4,601,2.15929873035642,0.03659828356536305,0.07463356252398608,0.421333406790583,1.3413472936975104,0.022734699893178143,0.06898519564549947,0.39146021174182216,64.31155884202528,94.52750584322543,177.29594460411607,-178.16555370557086,0.1704467085192383,0.05585297758641952,0.29658249625910144,0.0839467227091969
C021_A20_SY15_P01_S13_02NBS.mp4,600,2.381958041173739,0.04037217018938541,0.08045480352348063,0.4192881526410877,1.244409151102958,0.02109168052716878,0.07030385651122717,0.3995553106231738,47.79574873563801,106.31941182615374,176.74810647381184,-179.30068996249167,0.13560852751729657,0.04318376248138391,0.2198308981173038,0.03908542199135666
C021_A20_SY15_P07_S01_01DAS.mp4,601,1.1590603271542408,0.019645090290749845,0.014648891446861625,0.0659387084183897,0.8035973658627148,0.013620294336656184,0.005894347530212928,0.02575603456356194,11.58868325323422,11.543039390796428,27.48876149936618,-21.697723379275857,0.16224863655036764,0.019666702962014553,0.19064497390984134,0.08673215857774717
C021_A20_SY15_P07_S01_01DBS.mp4,600,0.9840647325615954,0.016679063263755855,0.01035172489984593,0.04914955910058404,0.6947047407769429,0.011774656623338015,0.006629471528170513,0.02678238194104424,14.666862194203192,55.53046199893708,176.67883727366956,-177.78861242114303,0.16421959838454112,0.01806474251487662,0.18718741837267694,0.09813888838953938
C021_A20_SY15_P07_S01_02DAS.mp4,601,1.2841253533408519,0.021764836497302573,0.012557903485999876,0.06375929018523284,0.7461517940463827,0.012646640577057333,0.006360320657673347,0.024498032795181018,15.005894799672866,20.116271852781107,48.316328386630495,-70.14667283795741,0.11238535184815697,0.05457044973118968,0.1903361006177328,0.010274588866891879
C021_A20_SY15_P07_S01_02DBS.mp4,600,1.0722047153350107,0.018172961276864588,0.010066560985403875,0.04960831257127353,0.5448071971785372,0.009234020291161648,0.006099261909911271,0.02525951523427757,12.958281519062671,62.33991569834425,177.00174588363814,-169.8696374847486,0.11388611757238302,0.046780210792379304,0.18696308798707992,0.04449944292834273
C021_A20_SY15_P07_S02_01DAS.mp4,601,1.3755788307242187,0.023314895436003708,0.020951842240435063,0.09498075191325898,0.7140974108756055,0.012103345947044162,0.009169654341198985,0.03333218551912762,4.084302495972858,18.71524077080708,50.809261720940725,-22.19526727153854,0.16324328740052235,0.024952611718484598,0.20346305611669604,0.08252436856463521
C021_A20_SY15_P07_S02_01DBS.mp4,600,1.0357492783076356,0.01755507251368874,0.014087501917062612,0.055206060643857684,0.45733220787758916,0.007751393353857443,0.007575563307560144,0.028625961337412516,20.416706689452287,35.66032363315691,172.9265495803019,-8.152631722929675,0.1416287023052084,0.024914695301674887,0.18810613522782327,0.08764768553718191
C021_A20_SY15_P07_S02_02DAS.mp4,601,1.5491675376643437,0.026257076909565146,0.019868615468640705,0.09088535625074026,0.7583933579243488,0.012854124710582183,0.008987065868307014,0.03163228719265855,7.323279969601828,28.04623208941573,169.9013500143421,-21.297981554823153,0.12743716233905877,0.061639764141488626,0.20871525059520984,0.019789013851519998
C021_A20_SY15_P07_S02_02DBS.mp4,600,1.061356386912806,0.01798909130360688,0.011114806103299932,0.05383490253836956,0.5365628626056415,0.009094285806875279,0.006764308729380393,0.023831222582244994,23.741132913611864,55.768623242481624,170.50537349866855,-177.1943062237035,0.10481417981780887,0.05819499934316305,0.19238858657551086,0.016656925425876965
C021_A20_SY15_P07_S03_01DAS.mp4,600,1.2845692948599778,0.021772360929830134,0.014319581468086278,0.0666953168914413,0.988851627400164,0.01676019707457905,0.011612632987565225,0.05629212781543037,-9.440213137311899,34.20863450960522,44.58678665684268,-64.85986262436667,0.1962895077046928,0.025048739315698565,0.24431426301491485,0.1257394958747993
C021_A20_SY15_P07_S03_01DBS.mp4,600,1.3135073627389757,0.02226283665659281,0.02306842039869893,0.1437036801117249,1.202698067515232,0.020384713008732742,0.023803210600747405,0.1753830538999771,-8.126073663731002,35.51199245892943,48.816536121963196,-62.640125358042646,0.2068290904508398,0.018675900418350547,0.2471905835604324,0.16228201988023203
C021_A20_SY15_P07_S03_02DAS.mp4,600,2.0483149640408236,0.034717202780352945,0.02504351017270263,0.10955515070692788,0.9774638785599811,0.01656718438237256,0.009711343125595582,0.04206736698408314,-14.211537626058327,30.45220252280362,52.006306029540944,-67.38485381962062,0.15341820283982063,0.06207702662872502,0.24424586363233616,0.023306591769100198
C021_A20_SY15_P07_S03_02DBS.mp4,600,2.013958191551171,0.03413488460256222,0.022582344743799942,0.10070825771496415,1.0746955133363267,0.01821517819214113,0.011113355836934418,0.04114822624695519,-6.506740907590233,30.841759002669498,56.367813464218926,-58.40543432474381,0.1519464989236646,0.06541013479966878,0.25523352444093245,0.0023334178606034236
C021_A20_SY15_P07_S06_01DAS.mp4,600,1.6735973759542866,0.02836605721956418,0.019875683521076007,0.09218490128131145,0.8787188835847233,0.014893540399741072,0.012157906739205108,0.052633740858755995,5.522921279785114,31.509842443645088,49.715449105430146,-67.30638474548938,0.14772056386409935,0.02204840698271838,0.18572509959199007,0.0931951563702484
C021_A20_SY15_P07_S06_01DBS.mp4,600,1.9679113363600633,0.033354429429831585,0.029862803319720847,0.16408264440734002,1.1425097534648587,0.019364572092624724,0.01210447124744747,0.060583106082471,9.930703546507882,40.66437822846292,154.572667198094,-135.51174728810346,0.15103716208960147,0.028722460017459157,0.19726158018244946,0.03201238242152586
C021_A20_SY15_P07_S06_02DAS.mp4,600,2.4836248180543548,0.04209533589922635,0.029239593345667975,0.16240981459997406,1.2076277793996133,0.020468267447451075,0.009514974459192999,0.044045919585769956,6.265518185918591,39.41677164289679,131.40631666140985,-140.71437402308322,0.09789619294063286,0.06675506692130455,0.19856929113805316,0.007718934911556227
C021_A20_SY15_P07_S06_02DBS.mp4,600,2.3083554772055264,0.039124669105178415,0.024392390853114194,0.11535177998845976,1.2091508656151704,0.020494082468053735,0.009027178761957808,0.037382377733540986,18.377606364305223,51.071100646794825,173.4328244111728,-154.5008433101287,0.10156480440072348,0.06488255516525908,0.20418254863713967,0.01623583057045558
C021_A20_SY15_P07_S07_01DAS.mp4,600,2.6003352719019728,0.0440734791847792,0.05165480108000814,0.19551415618262832,2.2325032824382176,0.03783903868539352,0.058684309255512,0.2648630556102427,32.52172792589633,88.57607971738474,179.247160005185,-164.76794691276405,0.13133947293521828,0.020502532221085105,0.1636104033115063,0.04989445888531397
C021_A20_SY15_P07_S07_01DBS.mp4,600,1.6801612744641319,0.02896829783558848,0.0344374589879506,0.19471542613019888,1.3984795101562832,0.02411171569234971,0.03409202934994221,0.20139897510756022,-2.743574827252432,51.005273994803034,157.22176145893727,-176.14023347547646,0.15257773003149525,0.028175168691119117,0.18591635529811779,0.029759885038176455
C021_A20_SY15_P07_S07_02DAS.mp4,600,3.9465741743110554,0.06804438231570785,0.07910937738446165,0.29934599821051144,3.1911330838647918,0.0550195359287033,0.07429917281240445,0.23536482021578015,-18.252176305982488,104.36652630333377,178.545422088989,-179.99581640761429,0.10766277460128325,0.04951581659749866,0.1729481299099949,0.005113725729605181
C021_A20_SY15_P07_S07_02DBS.mp4,600,2.1141149512193653,0.035832456800328226,0.03899152764705005,0.23239922728878823,1.5593513469193847,0.026429683846091265,0.046492043750253724,0.22642075269816964,-1.8454775274285578,30.032421245734348,40.178597931927456,-127.12155869395302,0.11857744192625946,0.05922166282258953,0.18558470575108396,0.003954921158913679
C021_A20_SY15_P07_S08_01DAS.mp4,600,1.3971629513560098,0.02368072798908491,0.01516823438240986,0.06552695193547599,1.2672228684634992,0.021478353702771173,0.011135607165765199,0.051781469677293676,-16.649738228804946,32.11055173861966,26.971733148108967,-177.21871985283502,0.25074463542734554,0.02424225813258945,0.30256940359950485,0.1767351092496166
C021_A20_SY15_P07_S08_01DBS.mp4,600,1.1075280306605195,0.018771661536618973,0.013807374840863708,0.06776208564223782,0.9096021214871611,0.015416985109951884,0.008038401174186926,0.03766928890029223,-0.2939102924274381,18.07771354303617,42.742954299522566,-31.672023893188154,0.20389434456783614,0.02065552841785142,0.25405092304132876,0.15291560754083744
C021_A20_SY15_P07_S08_02DAS.mp4,600,1.7479592160970572,0.029626427391475547,0.021710060727601895,0.09001048546610861,1.0628584468734728,0.01801454994700801,0.012692095642890847,0.05485855662553961,-3.394525849180413,16.841778370100204,22.62272390450762,-52.81376621244514,0.2098873411538482,0.06325338615344896,0.31184856797354926,0.11883345767675076
C021_A20_SY15_P07_S08_02DBS.mp4,600,1.4346804733887486,0.024316618193029636,0.020191929985131654,0.0826856505831902,0.8522173633516827,0.014444362090706488,0.010764459997648457,0.03903267354153968,1.982744209635672,11.536925430478757,36.48913634515799,-21.965340392075188,0.1795511580002214,0.04815171473154227,0.2623071293607704,0.10110562394114282
C021_A20_SY15_P07_S09_01DAS.mp4,600,2.0252251657186333,0.03432585026641751,0.03856300885027284,0.16495820567412847,1.8404406558994681,0.031193909422024883,0.049961507738470766,0.19041404926199884,-6.342390288809935,30.46285253313297,36.936143900501015,-159.22129886247376,0.13050277856686185,0.03715872118242376,0.18448300866510367,0.0076515204699033465
C021_A20_SY15_P07_S09_01DBS.mp4,600,1.7729687407564663,0.030050317639940108,0.02257075617716581,0.1152894194103598,0.9738300514811389,0.016505594092900658,0.011024694672639035,0.05057882527407506,1.5902272824725732,25.81481717724678,113.1333680280786,-47.353406671999764,0.2573735457859219,0.03759641912780187,0.33281343565650895,0.172243325354241
C021_A20_SY15_P07_S09_02DAS.mp4,600,1.3800025109616796,0.023389873067147113,0.020950553543057724,0.10570973822157122,0.6199502289164551,0.010507630998583985,0.008909145002810074,0.03603256471886117,5.981101088241044,29.91796136505244,141.08433891497862,-47.047646734186856,0.1054642443108873,0.05199082629682647,0.19216488790701847,0.005569433880525318
C021_A20_SY15_P07_S09_02DBS.mp4,600,1.9856459051587665,0.033655015341674005,0.027677865460707142,0.13651596343401648,0.7743261410978544,0.013124171883014481,0.01244746802229397,0.05872865601038434,10.152451523241613,49.93173515064843,173.57816809083883,-140.3820285870301,0.19418616597866936,0.08803237681689699,0.34591064199109806,0.035036172057037365
C021_A20_SY15_P07_S10_01DAS.mp4,600,1.8029856822743595,0.030559079360582365,0.022118018078923433,0.09381376822248985,0.8256476382438453,0.013994027766844837,0.008415861388685416,0.032261079367743174,-9.385092544653453,54.284250086009095,177.1369928108268,-169.28135117343658,0.14375432446225817,0.0506505553847712,0.22157868795562022,0.05204513801483532
C021_A20_SY15_P07_S10_01DBS.mp4,600,1.8719188672181488,0.03172743842742625,0.025899500511313442,0.12748986152870498,0.9179686488377982,0.015558790658267766,0.009471568567351665,0.03597601435830928,-2.263137831917718,46.901677369317724,126.86830001654646,-174.61672247135343,0.1598113651904867,0.0614745150535246,0.2508454223593849,0.06197672478106249
C021_A20_SY15_P07_S10_02DAS.mp4,600,1.285641041446919,0.021790526126218967,0.023500002511319357,0.09797069538401924,0.4950143182453645,0.008390073190599399,0.006076918775324466,0.02552570155755435,-3.76746366752263,19.455722722207945,27.050086076137273,-69.42496360837536,0.1608707404090903,0.03482345820299131,0.20884447525346062,0.07830662433753689
C021_A20_SY15_P07_S11_01NAS.mp4,601,1.5837667004258196,0.026843503397047788,0.0167647553756795,0.07556259824073254,0.7267495866865562,0.012317789604856884,0.009367285353923158,0.030139872082398888,-19.766424583206344,32.736791138321365,13.808458368584086,-146.6999795073477,0.1235082153362109,0.03274654786863674,0.18115679610454424,0.06346500659915454
C021_A20_SY15_P07_S11_02DAS.mp4,601,1.9150426886429235,0.0324583506549648,0.026556837212013663,0.14011612161015966,0.716290849955828,0.012140522880607255,0.008330763989641905,0.029967468935930035,-19.233419192318323,42.30195722712128,179.32801294702065,-162.22418239246036,0.11660061787633218,0.040120951767465794,0.18735739475495772,0.02761841646997837
C021_A20_SY15_P07_S12_01NAS.mp4,601,1.2919490753082008,0.021897441954376286,0.016196662751922445,0.07263548128758826,0.7769124218333686,0.013168007149718112,0.013912065097531123,0.05136432212563135,-14.330618079443116,61.019678529553964,172.8050179733403,-176.222037915576,0.1429019957515941,0.0710638615436439,0.27823619023393,0.04683020822240997
C021_A20_SY15_P07_S12_01NBS.mp4,601,1.6549681096304418,0.028050306942888844,0.03145860840084271,0.19109066300081368,0.7094266141796284,0.012024179901349633,0.012936372449555249,0.05078956497867556,10.274129814274493,65.02265245952627,176.9297885721104,-164.7845941328811,0.1225246480663555,0.05406220553669783,0.22496870544434394,0.04220450020823974
C021_A20_SY15_P07_S12_02NAS.mp4,601,2.243649855705293,0.038027963656021915,0.03385753196658318,0.16446074993557075,0.9915077100238289,0.016805215424132693,0.011193485295819964,0.05078566883427934,-17.108345354491274,62.8470817560689,178.8689170022437,-179.48796547887343,0.17336439981734736,0.050262369535474,0.25804625966275135,0.059800130030861334
C021_A20_SY15_P07_S12_02NBS.mp4,601,2.8477684476230647,0.048267261824119743,0.03923399928021981,0.2116558115263291,1.1645055588934445,0.019737382354126178,0.011718600792852796,0.04433132817679172,-7.042680318009544,60.18470839461357,160.8541992692635,-179.37504982327977,0.14681750291948809,0.05600227482022247,0.23240398041724666,0.026023266170361836
C021_A20_SY15_P07_S13_01NAS.mp4,601,1.1541946160757903,0.019562620611454074,0.016716462278031224,0.0878841825787719,0.7866530828804958,0.013333103099669421,0.012792350661158351,0.04739072070034084,3.3879350762851836,76.69647665768406,179.7622123008729,-175.7456271257294,0.133485751138577,0.045401904708149005,0.20770017566931875,0.08046088723635562
C021_A20_SY15_P07_S13_01NBS.mp4,601,1.1362085977796235,0.01925777284372243,0.016355201638222523,0.07152486554312414,0.663830194197465,0.011251359223685848,0.009578804133531724,0.03986410151923696,7.040021480976224,101.25194930932125,179.44048186252144,-177.7477211194702,0.13716137904868528,0.05322133146509865,0.22254051666462196,0.05997785974300612
C021_A20_SY15_P07_S13_02NAS.mp4,601,2.029986019224365,0.03440654269871805,0.028587837044023037,0.2061428068933468,0.7893287245622778,0.013378452958682674,0.011468357835615898,0.042393850837980376,-2.0268219736058297,29.365066861092824,114.11088923621391,-56.21752609531541,0.12683113931179946,0.05335610192727847,0.21399336078839065,0.03731790911635896
C021_A20_SY15_P07_S13_02NBS.mp4,601,1.6646281237982254,0.02821403599658009,0.032967211583633915,0.21406049627380078,0.47604923133059673,0.00806863103950164,0.00789738075713941,0.03967257735200605,-16.942328884558442,45.38959364044275,24.155637260062818,-179.8771139205236,0.11397258883660552,0.05169468898044444,0.2067117085619994,0.016416065896963854
C021_A20_SY15_P07_S14_01DAS.mp4,601,1.0947126596677894,0.01855445185877609,0.013207544401345219,0.05951723225480697,0.46323029031845164,0.007851360852855113,0.006712714908813521,0.026900519848539976,-35.810384240603376,56.34542543984496,12.216590187154418,-176.75889421884384,0.19831539238687765,0.02298025135528714,0.24092405312601956,0.12357300333741882
C021_A20_SY15_P07_S14_01DBS.mp4,601,0.7656779201529321,0.01297759186699885,0.015528343765759458,0.07227030439364121,0.35263997450985995,0.005976948720506101,0.005613125503168794,0.025716992785990087,41.255111950779074,103.43017150935722,169.8169310992937,-178.5884813485268,0.10621265086509628,0.06673725206494457,0.2488914530281868,0.051941778442233404
C021_A20_SY15_P07_S14_02DAS.mp4,601,1.6871861682763145,0.028596375733496857,0.025812247385498147,0.12432326992251293,0.5661146946233055,0.009595164315649246,0.007610405779502416,0.03221095132381517,-36.4757166655171,47.21943558033909,15.038924054655295,-175.25108251045825,0.16483210212552676,0.045028690316988,0.23571326154076522,0.06164167329764614
C021_A20_SY15_P07_S14_02DBS.mp4,601,1.337474819043112,0.02266906472954427,0.01687242192913251,0.07945875989145607,1.246917048968551,0.021134187270653408,0.0447259778513328,0.20929049370928351,14.97239808059217,76.59348838545466,179.30799436041212,-178.2130069664782,0.13222358129660508,0.07276482705943843,0.23213094175133642,0.01676015774453256
C021_A20_SY16_P01_S01_02DAS.mp4,600,1.034008884651829,0.017525574316132695,0.015265591805852994,0.06492721594956134,0.41526298447381704,0.0070383556690477465,0.007538240866916304,0.025800238504310697,15.577584734648296,16.532704960132534,52.00011471279648,-22.916189232501445,0.09999092034869653,0.04716005561456224,0.15553259392282284,0.02737102148463789
C021_A20_SY16_P01_S01_02DBS.mp4,600,0.7228886733299776,0.012252350395423349,0.015583405829439692,0.07881499908084763,0.43987949926567727,0.007455584733316564,0.00820218869854595,0.02875950391982398,26.130988818536885,17.35979150733209,66.05138258194222,-6.943799767796459,0.1178367573777122,0.05579784028310085,0.17822782284781288,0.036838700787354975
C021_A20_SY16_P01_S02_02DAS.mp4,600,1.4520198337258488,0.024610505656370317,0.04159874574362138,0.21594621744664688,0.5886981724059781,0.009977935125525052,0.027385431932117947,0.15730364287593074,-22.855752582888915,43.41230387019923,171.10539012420364,-168.98706082780308,0.12363029923922775,0.029031643232746727,0.172777199242246,0.03274932322697963
C021_A20_SY16_P01_S02_02DBS.mp4,600,1.6191721975142905,0.02744359656803882,0.04302479161254439,0.21243294628865084,0.5690338315354659,0.009644641212465525,0.019771178704194776,0.12277551335407134,8.873734035977089,58.07680900031707,176.4360385224614,-139.3731741196525,0.08439743655578216,0.023890518356842805,0.13083284180854873,0.010538121826370277
C021_A20_SY16_P01_S03_02NAS.mp4,600,4.245815814634494,0.07320372094197404,0.07050643172627283,0.2559858445031561,0.6594755588174429,0.011370268255473154,0.008265867663319201,0.047496032342446086,-4.16096441197362,52.08500920049079,177.84220398771188,-76.84336082662,0.10821732714400804,0.04621156210957085,0.16716556312162872,0.017597887415839973
C021_A20_SY16_P01_S03_02NBS.mp4,600,1.428461528713238,0.02421121235107183,0.019504786781683287,0.08796147170369187,0.607579146519083,0.010297951635916661,0.007060743988325671,0.02856951429837021,8.534281106798012,16.094340432130185,31.744419731193126,-27.685360592990158,0.12829724694057557,0.030595732658954343,0.19888815075804828,0.07913745102943176
C021_A20_SY16_P01_S04_02DBS.mp4,600,0.6813962780036146,0.011549089457688382,0.012963451555720972,0.06270000707673229,0.35176875403856994,0.005962182271840168,0.005293574484633829,0.02343617178433961,20.067443724303146,18.553871925285815,42.5793963996674,-27.199896701974406,0.17313258666892584,0.019805027990512706,0.19306130182166106,0.11044956721791183
C021_A20_SY16_P01_S05_02DAS.mp4,600,0.7086061080732807,0.012010273018191199,0.011393707229228115,0.048077787000662654,0.38664743189677225,0.006553346303335123,0.00578807088201069,0.02791697974595153,-1.5081288452252726,15.298033782513071,56.45760245428259,-30.705459291138276,0.15663992709926822,0.01628386763949432,0.18225816308919823,0.08683414762850152
C021_A20_SY16_P01_S05_02DBS.mp4,600,0.7970095452433831,0.01350863636005734,0.01707542513838517,0.1081440799206895,0.9426047963604098,0.01597635248068491,0.042270362788570465,0.2482038709117566,11.124211183714149,18.952117323797193,81.58681843761472,-18.35880761328438,0.20139879845928374,0.02093043891814899,0.22468719350275285,0.06833236192861902
C021_A20_SY16_P01_S06_02DAS.mp4,600,1.5213482860915153,0.025785564171042632,0.017500385624362267,0.09899561113769939,0.5676739661381489,0.009621592646409303,0.008017972100814804,0.03461963015378003,-4.197604859009629,12.660209778681864,18.94609869399871,-30.02638230515532,0.20818709293776036,0.03345093665285706,0.27367640607223354,0.13616615637275709
C021_A20_SY16_P01_S07_02DAS.mp4,600,0.929122576687089,0.015747840282832017,0.016189548746895332,0.07138859735546167,0.31248627223174824,0.00529637749545336,0.005938274546134204,0.02905350809333174,-10.61067467151013,14.040687190490441,20.34765954680549,-30.073049506071268,0.16206537259638384,0.021924952297436028,0.18408908418935516,0.0832533318574731
C021_A20_SY16_P01_S07_02DBS.mp4,600,0.5490333796671489,0.009305650502833033,0.009037720938244002,0.05495425096026055,0.42010437412455254,0.007120413120755128,0.00661620280009134,0.03385666839577302,-3.2061612825556214,19.39336235131747,33.755531512977164,-100.99009661485276,0.1487723260794454,0.012216382512417398,0.16889775171161034,0.10309412177039609
C021_A20_SY16_P01_S08_02DAS.mp4,600,0.929122576687089,0.015747840282832017,0.016189548746895332,0.07138859735546167,0.31248627223174824,0.00529637749545336,0.005938274546134204,0.02905350809333174,-10.61067467151013,14.040687190490441,20.34765954680549,-30.073049506071268,0.16206537259638384,0.021924952297436028,0.18408908418935516,0.0832533318574731
C021_A20_SY16_P01_S08_02DBS.mp4,600,1.0476400697161643,0.01775661135112143,0.025403156109740206,0.11578684895936214,0.7570114847587941,0.012830703131504985,0.02882990953463062,0.13002609843983343,8.523401462574716,25.894019763790634,147.08453655062937,-39.73804930980953,0.11397967313757834,0.01483613622806553,0.13750834997670852,0.07105734070108857
C021_A20_SY16_P01_S09_02DAS.mp4,600,1.968698721732885,0.03336777494462517,0.030761982825942332,0.17512775671771355,0.647465432980677,0.010973990389503,0.011231176980379377,0.052968513978672686,-22.04791957081045,34.00270195574517,35.81719161740877,-122.24547521165195,0.17530592939573314,0.04503844369651742,0.23914691275912367,0.07300583541897533
C021_A20_SY16_P01_S09_02DBS.mp4,600,1.301073958093159,0.022052100984629813,0.01762326351636672,0.07537997036781269,0.5444966428299816,0.00922875665813528,0.009336363144439279,0.03648805228407896,-2.4224916292807968,21.077449785063493,40.67178213921672,-43.68583121683336,0.1377295232572126,0.037046471412197815,0.18466103384883684,0.06289859458813762
C021_A20_SY16_P01_S10_02DAS.mp4,600,0.6361442044267082,0.010782105159774714,0.0072510675253494505,0.031041839020296714,0.4046421952897414,0.006858342293046464,0.007430720326178304,0.03906910146689878,-35.61199859424723,39.538247157013465,12.025196158551948,-143.63710616732075,0.15914420277602445,0.010753790373434222,0.17803422342571398,0.13319245491845014
C021_A20_SY16_P01_S10_02DBS.mp4,600,0.7005815608875797,0.011874263743857284,0.011956429602385401,0.05409173944032137,0.49388402069457826,0.008370915604992852,0.00782419140205198,0.02889659749697094,1.7504165702272634,9.99979953645616,25.380897535092753,-16.522094701220347,0.16673446005666148,0.013085106888831627,0.1917333861843385,0.12615349341857945
C021_A20_SY16_P01_S11_02DAS.mp4,600,1.0200416080008947,0.017288840813574485,0.021135740925468806,0.11243404591607006,0.8308298041476982,0.014081861087249122,0.03165433549039564,0.1378255691883143,-6.09895483644737,25.51720291232016,21.4823036516724,-145.31302120190426,0.1312685127791963,0.01803962405189211,0.1507435281564907,0.021228907089664503
C021_A20_SY16_P01_S11_02DBS.mp4,600,1.4409628435289095,0.024423099042862873,0.05349875784152217,0.2082144639863372,1.4747997389362915,0.024996605744682907,0.059503462710572615,0.2183896646693366,17.136683707915275,48.94770050669174,176.0858040364985,-176.04135244617063,0.1714127073248559,0.022017047071873484,0.18677972744802024,0.031911826617254634
C021_A20_SY16_P01_S12_02NAS.mp4,601,1.2916773455454684,0.021892836365177432,0.016593716523088144,0.07708348744291758,0.4299785457642343,0.007287771962105665,0.0066404778246668605,0.028419699845692335,0.495921575673606,9.309710932670258,15.465667900866697,-32.51340697048808,0.11382896064353831,0.028906892633746177,0.15876498766475458,0.039399069080801166
C021_A20_SY16_P01_S12_02NBS.mp4,600,2.653163011288985,0.04574418984981009,0.08053445585654107,0.36877600450400394,2.336358249342292,0.04028203878176365,0.09794178933625282,0.4319590331989903,-7.0469462676961925,81.50782067535803,166.4116859894483,-166.70631366120037,0.15699529381974273,0.06482361025861237,0.25472643178361587,0.01879601411164367
C021_A20_SY16_P01_S13_02NBS.mp4,601,4.774372411611102,0.08092156629849326,0.13990107023373977,0.5354145532542699,4.210392626555423,0.07136258689076988,0.14648587347793796,0.4178778298643888,66.76918613961975,84.94256172385552,169.74357982279267,-176.53070263040078,0.16956561246227383,0.0751445438006468,0.25563910591752176,0.05445218418664991
C021_A20_SY16_P07_S01_01DAS.mp4,601,0.27197445625204814,0.004609736546644884,0.0037513992380615816,0.014859896851883228,0.16614626950063055,0.002816038466112382,0.002713873716627877,0.01433495700146994,13.026951861693563,12.021869656141032,44.184818443223996,1.4709582872040035,0.15077837574375674,0.0051532536387666195,0.16634130047022241,0.13886472770388653
C021_A20_SY16_P07_S01_01DBS.mp4,600,0.1801980869033047,0.0030542048627678763,0.0023698584655769475,0.01247313692669284,0.10976510084815165,0.0018604254381042653,0.0028961888613743916,0.016888046170845366,28.078695243864658,13.493836924240494,57.75584143303855,10.510284368318393,0.16334821337331507,0.0027448653348243206,0.17204723000554428,0.15680852936493914
C021_A20_SY16_P07_S02_01DAS.mp4,601,0.2982915209362168,0.005055788490444353,0.004115390792707648,0.016961783430815783,0.15789966906179725,0.0026762655773185976,0.003768011241089816,0.02103159477357321,6.469319226055723,8.527631167150567,12.533843168737224,-27.362937061717247,0.16327859769177813,0.005601831887384481,0.17534896582149384,0.14204410722920227
C021_A20_SY16_P07_S02_01DBS.mp4,600,0.1778236353638686,0.0030139599214215017,0.0028226544577300513,0.014835917369069454,0.147891401471744,0.0025066339232498983,0.002724494915092619,0.01401110173750662,11.213309630169578,13.303223775368995,23.87057073047278,-18.301902453494964,0.15169399093719885,0.0036495910815516003,0.15788494320453691,0.14312611427112806
C021_A20_SY16_P07_S03_01DAS.mp4,600,1.2200908899704646,0.020679506609668892,0.014538264851715606,0.05971012786699891,0.37446930133039846,0.00634693731068472,0.008375933565626922,0.04124430888301397,-8.888311598957378,20.255066830957748,36.50601807867487,-54.0999856738493,0.1625308376499786,0.025889560134762422,0.21297197487839598,0.11559595595989257
C021_A20_SY16_P07_S03_01DBS.mp4,600,0.7684639235489554,0.013024812263541618,0.012531282849179762,0.07088446868688901,0.4170730839326414,0.007069035320892227,0.009392206101914964,0.04791748156158296,-5.068973963264762,20.282049138018827,44.528342580305804,-46.302442816455674,0.2009531039773857,0.016925093048224454,0.22606864866321685,0.11876830850043762
C021_A20_SY16_P07_S06_01DAS.mp4,600,1.3719285677550426,0.023253026572119365,0.02032793446381765,0.10740605362199378,0.4785086337602413,0.008110315826444767,0.007325928222862764,0.03503126191101651,11.816985200258038,31.07968983373557,56.26872180294529,-46.68936540825225,0.12879146191565158,0.034573877332832244,0.16939075135494674,0.0600655704883675
C021_A20_SY16_P07_S06_01DBS.mp4,600,1.2842712238029528,0.02176730887801615,0.019537884323630156,0.10515973810914157,0.43905582203189425,0.007441624102235496,0.008156226150548096,0.03815222222654005,19.391627698273812,28.607498704742742,63.90960619348469,-39.277297651031894,0.1324274955340676,0.02621789214237123,0.16755789617641034,0.07921760690973646
C021_A20_SY16_P07_S07_01DAS.mp4,600,1.3803250046314075,0.027065196169243286,0.045574579241208786,0.1662082357740136,0.7307507746268204,0.014328446561310203,0.03637227155268229,0.15910625818879412,25.599867026647164,72.06551866226067,179.03495018577118,-177.1870128560875,0.13293595501947483,0.020159768047051396,0.156947720287897,0.015052403516033064
C021_A20_SY16_P07_S07_01DBS.mp4,600,0.23843800757543065,0.004041322162295435,0.00316286195543298,0.015609782580768571,0.16145605893264206,0.002736543371739696,0.00325091130453629,0.019614379480183273,12.46013659156697,12.023641968165984,35.517139539232296,-2.5759489280571444,0.16143465161287215,0.004523685253838388,0.16888792663227734,0.15124547696769633
C021_A20_SY16_P07_S08_01DAS.mp4,600,1.3514360049143326,0.02290569499854801,0.014961740051704132,0.0597830622559221,1.1100215866572594,0.018813925197580666,0.01393421210617654,0.05393817392090815,-14.685855229142128,27.657517258212845,48.621431995269845,-72.94720089756395,0.2319939095692609,0.02045527735784034,0.25658529250891554,0.1477117647164229
C021_A20_SY16_P07_S08_01DBS.mp4,600,0.7584467557387764,0.012855029758284345,0.009114777343059665,0.036770208586815976,0.6497109233314915,0.011012049547991381,0.00951524378427093,0.030859768364730932,-2.2688918818824266,22.847821926054714,59.433785707194296,-54.07169051170996,0.20318754959909907,0.013831405153018079,0.22058254064571348,0.16355710423267567
C021_A20_SY16_P07_S09_01DAS.mp4,600,3.1440844836426507,0.05328956751936696,0.062131695211571,0.21940339348112348,2.783626407110631,0.04718010859509544,0.06791784270457872,0.27310562626049134,10.2423398306946,52.451797770931925,177.61299798622952,-161.3413453306694,0.11791008287976917,0.040851196217099026,0.1694563911834155,0.0078107887203956936
C021_A20_SY16_P07_S09_01DBS.mp4,600,0.743766623411957,0.012606213956134864,0.01075842798431794,0.04716225295293943,0.6347042801282224,0.01075769966319021,0.009818074205590256,0.03916672312452535,-3.126738747558522,24.6281246992006,35.987508227892995,-49.90504088284246,0.2428717001678788,0.022431475234269492,0.2684373268108875,0.1661651432293329
C021_A20_SY16_P07_S10_01DAS.mp4,600,0.9161069425692993,0.015527236314733886,0.020791564998158183,0.10635599018798322,0.22651661353095767,0.0038392646361179268,0.004295141263480613,0.022020428525031235,-12.732518034523471,11.813479263797399,4.982629475670699,-53.263344602979274,0.12217116818380763,0.051808150647238135,0.17264284741740005,0.02418494865088563
C021_A20_SY16_P07_S10_01DBS.mp4,600,0.7245948742317551,0.01228126905477551,0.02263788569556058,0.14894580646015101,0.3456986966944588,0.0058592999439738775,0.006072706820322652,0.026993330097857444,-4.8862994889439495,12.39882633612633,13.991800321643472,-45.717869341734485,0.13187969454338277,0.07250435432790253,0.20975153175016714,0.025112668731204456
C021_A20_SY16_P07_S11_01DAS.mp4,601,1.0341733136800082,0.017528361248813698,0.016808126304805177,0.08522586122787885,0.23086257063697388,0.003912924926050405,0.003878399768512145,0.018915640777460704,-9.12005681406783,10.026313647657846,3.624613619814982,-28.132013832138902,0.12863391538011218,0.02141972742519744,0.169567320086253,0.06184096249950698
C021_A20_SY16_P07_S12_01NAS.mp4,601,0.6447098302683522,0.01092728525878563,0.009939613689752661,0.04448150716194708,0.15524249926448197,0.002631228801092915,0.002695010160960734,0.018132967363664678,-9.392464581832485,11.477939891257977,4.290421585997929,-41.31589031579287,0.1404149891936533,0.04614007789522476,0.21108490229901164,0.07991427960245776
C021_A20_SY16_P07_S12_01NBS.mp4,601,0.5670114041865713,0.009610362782823241,0.00962442681269388,0.06609498272534785,0.1574856526849005,0.002669248350591534,0.004323885981031044,0.0268861273331132,8.686746286021597,4.525779908652272,21.094443829725098,-1.5379168914639045,0.13109128218650676,0.02437577602210204,0.17393561014558007,0.08960325905375927
C021_A20_SY16_P07_S13_01NBS.mp4,601,0.5530487726662398,0.009875870940468568,0.010398145582361022,0.06860066422908727,0.18534976346826015,0.00330981720479036,0.002548751555812798,0.01279945841310868,-1.876081818548743,41.62382937487417,22.591911741122185,-153.64168007984674,0.10098539253050907,0.03636572539082498,0.17680411135496,0.05284142084252132
C021_A20_SY16_P07_S14_01DAS.mp4,601,1.008250112767648,0.017088984962163524,0.01195367286813519,0.051997476638621545,0.31655587890528175,0.005365353879750538,0.004824596259502375,0.023305491108488598,-17.280284394833764,31.8990619730014,15.024506862591979,-155.38760256265851,0.19594529717696554,0.01904223298366145,0.22704159243714292,0.1340574559321345
C021_A20_SY16_P07_S14_01DBS.mp4,601,0.799506277665877,0.013550953858743678,0.019397974357392957,0.14244325958600415,0.2923670275658615,0.004955373348573924,0.0037654567656717495,0.01543328408867079,40.596516108664765,67.78091258039028,170.52711826937633,-89.02689008375165,0.15485002256150335,0.08142687963149985,0.23495905737586606,0.040326433784117724
C021_A20_SY17_P01_S01_01DAS.mp4,600,0.9546208099085631,0.01618001372726378,0.016174482686018454,0.07133067977569962,0.612770178646701,0.010385935231300018,0.014024940476156822,0.0748146421736079,35.66633070067488,40.99396609772652,132.67750718410736,-16.65252142260317,0.08148714460455464,0.04388360733611402,0.18080170826361996,0.021021826032854813
C021_A20_SY17_P01_S01_01DBS.mp4,600,0.8161980503863008,0.013833865260784759,0.01917282999988405,0.0902770898694924,0.6628468431902981,0.011234692257462679,0.015681973224533692,0.09347569645406081,61.57878845188274,75.87160602657276,177.42345218472937,-161.89324430801815,0.11330452144124713,0.045777685208308834,0.20305249905421718,0.04131726357755061
C021_A20_SY17_P01_S02_01DAS.mp4,600,1.4485483547758657,0.025866934906711887,0.0349251085088023,0.18918396221869466,1.2498631334254804,0.022318984525455006,0.03177105469098622,0.12185544420875102,-7.260752871494608,110.10706606738498,179.09475558373143,-179.41157754710264,0.08564443197656917,0.04493103090245057,0.1981454506258361,0.019839373144973978
C021_A20_SY17_P01_S02_01DBS.mp4,600,0.916227849307293,0.015529285581479542,0.013182348542520508,0.05939615009618444,0.4769537580827628,0.00808396200140276,0.01102861437858263,0.05816111557963574,-15.245669813350585,15.378183536629304,22.15105988054071,-35.582122481799885,0.07121931196773709,0.023004175552107015,0.11218857313951627,0.02375719200482999
C021_A20_SY17_P01_S03_01NAS.mp4,600,1.7073651245097576,0.02893839194084335,0.04821601185651493,0.23304608524195888,0.7069509939113844,0.011982220235786175,0.01522509884291095,0.07815960880360491,-100.20373979606615,62.43077307859658,37.62371924694538,-170.86625156386663,0.09590078205734559,0.03474232992270825,0.16461761688990242,0.03775618418910133
C021_A20_SY17_P01_S03_01NBS.mp4,600,1.463929272043933,0.024812360543117508,0.021569286096713224,0.14164459917351155,0.5912886023134851,0.010021840717177714,0.01365087350822459,0.08025919255505543,-18.950296222954957,31.21747972269627,35.32410092219455,-74.14723320197889,0.11650969421173513,0.027689455314146436,0.20594370152004535,0.06576938521820272
C021_A20_SY17_P07_S01_01DAS.mp4,601,0.4134069647782176,0.007006897708105383,0.008504465000531508,0.061814086997680213,0.33924015235054283,0.005749833090687166,0.012726089648353292,0.07017595685304599,43.88985665891309,13.433510135506623,65.13239582244724,12.62608384176531,0.10790292965060592,0.03263858838776697,0.1676446280239757,0.07367693842484244
C021_A20_SY17_P07_S01_01DBS.mp4,600,0.4638079631338659,0.007861151917523151,0.010042931879625225,0.05715055850669438,0.368178846618458,0.0062403194342111525,0.013673057931274825,0.08254772335415461,71.27498395590989,110.66179314927784,179.3974623980708,-179.1628265013911,0.10088453889070727,0.03244009065299343,0.17247024634726077,0.07275139036777956
C021_A20_SY17_P07_S01_02DAS.mp4,601,0.7161318211881219,0.012137827477764778,0.01601980816270866,0.11960749538221198,0.18270304236270188,0.0030966617349610487,0.004358469874708546,0.027366772947238504,60.012269052921205,14.486611690261409,91.7431249823504,37.56086867486295,0.0867750236895999,0.012769657342735056,0.1284834459453609,0.04517125232716639
C021_A20_SY17_P07_S01_02DBS.mp4,600,0.9539903852024695,0.01616932856275372,0.0182645409264149,0.08267036381075765,0.17708077699403596,0.00300136910159383,0.0038997306684848184,0.023401549470188947,109.06972906502541,97.7096157122822,179.1444226547442,-178.54192141032382,0.06470109256873872,0.01483779946488771,0.10264630287161516,0.027075434667159202
C021_A20_SY17_P07_S02_01DAS.mp4,601,0.8238534941096679,0.013963618544231659,0.017436530500187983,0.10374687345186284,0.4448344593061513,0.00753956710688392,0.01327812674207789,0.07739593490006055,-44.503854992255356,65.44277321021006,152.7343896245542,-174.9013683044979,0.12387139094814918,0.03882156557689841,0.17265521287141888,0.050021782706033406
C021_A20_SY17_P07_S02_01DBS.mp4,600,0.8232831400565886,0.014701484643867654,0.02772663960883894,0.19395714488917384,0.49487909533007374,0.008837126702322746,0.02454490731127335,0.1761571338033814,0.4129090202971827,30.87563122311055,46.062431612036065,-50.98256378260182,0.12252410934305756,0.040213282059215774,0.16487393350373267,0.0432585454579112
C021_A20_SY17_P07_S02_02DAS.mp4,601,0.34310241967828553,0.005815295248784501,0.010624150419373504,0.07356982284080889,0.166812238181688,0.002827326070876068,0.002644112626557208,0.012945501204342378,-66.79388486522126,63.660466169419024,176.49570429400558,-170.93515806968088,0.0867695795590677,0.015883075898646355,0.12111616973998734,0.060334577017220066
C021_A20_SY17_P07_S02_02DBS.mp4,600,1.1292131503601002,0.022141434320786278,0.022223312807038972,0.1030181750492342,0.2999835739095157,0.005882030860970896,0.011901935243431343,0.06535430344705688,-9.701636740834578,31.05512851005842,86.04001666491251,-152.28433110714954,0.09164386447392428,0.02210417306379021,0.13889342707291666,0.05029566618886353
C021_A20_SY17_P07_S03_01DAS.mp4,600,0.7845696371433922,0.013297790460057496,0.017670394035151124,0.10382609219133686,0.7944737761541711,0.013465657222952053,0.020585298179485047,0.1232655622488201,-63.137929996375945,74.259698074872,57.43518624879014,-173.45174016043407,0.16795346329909203,0.03446717360543163,0.22244656353076683,0.12123999578854447
C021_A20_SY17_P07_S03_01DBS.mp4,600,0.8678837528476417,0.014709894116061724,0.015687719691185712,0.07146505042307698,0.7333582943391175,0.012429801598968093,0.02091239765289198,0.12433465531144752,-65.57801740595558,48.37088690072678,59.35731745025469,-161.97379318369502,0.1558829207595729,0.04139054666263275,0.23143363159039246,0.09163181221325088
C021_A20_SY17_P07_S03_02DAS.mp4,600,0.6488747534552767,0.01099787717720808,0.017252775217821648,0.09963692592144102,0.41361764647787,0.007010468584370678,0.007794681505033808,0.033677430505960886,-66.7706128922022,88.73339488939028,53.132592841969114,-175.63007649673062,0.10560227155832387,0.018161869553834576,0.13092028444955814,0.06429755507723572
C021_A20_SY17_P07_S03_02DBS.mp4,600,0.8868357280345072,0.015031114034483171,0.009190098527575576,0.03837165282238805,0.3802354648755015,0.006444668896194941,0.00805635267791046,0.041099791848794504,-36.26385187270592,76.97999224510178,178.96462902917062,-177.74204005703444,0.10175447231081539,0.02846690451622161,0.17654134492741916,0.05866806824457529
C021_A20_SY17_P07_S06_01DAS.mp4,600,1.0146176444127837,0.017493407662289375,0.0185728153225439,0.09353078672563862,0.6958452000647914,0.011997331035599853,0.016665324011794623,0.09397968541464578,70.44091699562523,61.30840701402947,154.52846058604948,-37.46802113186642,0.10918355167919708,0.026768792422875654,0.19005525157408926,0.05816695791407138
C021_A20_SY17_P07_S06_01DBS.mp4,600,1.2621582349887783,0.02381430632054299,0.02537324044423092,0.09693397870166062,0.7404969695742653,0.013971640935363495,0.015968375325505588,0.08013554267063745,65.59355213182569,65.45154608250785,178.35785574277534,-34.18205363204739,0.10738510473365206,0.033282600256341735,0.17558049698584677,0.039713469009732355
C021_A20_SY17_P07_S06_02DAS.mp4,600,0.5346464427408455,0.010911151892670317,0.02101397267050852,0.08939873619818017,0.342665157308961,0.0069931664756930825,0.00869347271830751,0.049841354316743115,53.76886317153256,29.358804095998437,118.90345970311766,18.690034804116333,0.0643644672555128,0.011121064724228035,0.09446342007103943,0.05075190794852335
C021_A20_SY17_P07_S06_02DBS.mp4,600,0.3428975807540179,0.008572439518850446,0.013876355285276218,0.06579219585032799,0.406123096640846,0.01015307741602115,0.009014531534715433,0.04945694890681153,60.76503838538251,20.859764967113342,133.51967369189714,40.14665500689123,0.06695058595991898,0.009465258957723618,0.10998593167964406,0.046360927812033305
C021_A20_SY17_P07_S07_01DAS.mp4,600,1.7508147623723955,0.03126454932807849,0.041240836091145386,0.1757020801073739,1.2510984995339252,0.022341044634534377,0.03933306351886889,0.20371144380425407,-45.46842254826662,109.57567678271958,176.63313213874991,-178.12979454085848,0.08648188598147705,0.04558715637761004,0.1578796059331802,0.012810010258136386
C021_A20_SY17_P07_S07_01DBS.mp4,600,0.7729879135927202,0.013101490060893563,0.014677426675889033,0.07235439253056197,0.4833787359886953,0.008192859932011784,0.015360478560755295,0.10285544525999288,35.095106548021505,92.43876319885698,165.02719465202918,-175.74252360170405,0.12027634140622953,0.039737192312892265,0.18176950341466938,0.06950386530808504
C021_A20_SY17_P07_S07_02DAS.mp4,600,0.7648219496529747,0.015933790617770307,0.02239307155276248,0.14836399130977776,0.545787061173677,0.011370563774451605,0.007989440763973187,0.03554383833270168,-12.714199328140461,72.07774974052909,174.8430958113167,-144.85266643926064,0.07934625994516933,0.018273429179764693,0.12018039459889404,0.02403594932541286
C021_A20_SY32_P01_S05_02DAS.mp4,600,0.851501494926984,0.014432228727576,0.015642922015924293,0.07003077815767203,1.0756508158855513,0.018231369760772057,0.02913745173535085,0.16622080055405627,33.464942282197775,110.68556505064774,177.7264048759219,-173.0512814029908,0.1547646970276471,0.0168648735054196,0.20266999729706894,0.05813088758600642
C021_A20_SY32_P01_S05_02DBS.mp4,600,1.1314516848192837,0.019177147200326844,0.02168645934759765,0.10475640050047884,0.9710181417601954,0.016457934606105007,0.017279621162559256,0.06370105291133778,41.544053311412895,104.50392521303469,179.2201696197865,-179.2853824108736,0.20924885669775278,0.02271844696487542,0.32142683593307414,0.17632494651222122
C021_A20_SY32_P01_S06_02DAS.mp4,600,1.4537547082851716,0.02463991030991816,0.031835041511263255,0.145006059261616,0.9270874877181118,0.01571334724945952,0.02009769759262156,0.1079449131658311,-61.25272097686491,74.89616537052964,35.43079051268593,-164.20634346403185,0.23813452651763323,0.019806809881652985,0.30398237148498136,0.18414179803580508
C021_A20_SY32_P01_S07_02DAS.mp4,600,0.9532696585883511,0.016435683768764673,0.015423672734293537,0.08767057500983441,1.0402098396602768,0.017934652407935806,0.03422196533901939,0.19696458368544684,-25.276412807553353,68.13989140144324,174.1152563422942,-179.3677290565744,0.15786368982784177,0.023013530223145645,0.1875150762156173,0.02534505809128612
C021_A20_SY32_P01_S07_02DBS.mp4,600,1.1518156956489538,0.020568137422302745,0.03414540284135142,0.14620703788705938,1.3789252046160216,0.024623664368143245,0.0577862474500869,0.25685487479555774,9.931591083641903,53.03945228355684,174.20935438007143,-107.6747569124638,0.1433566187935341,0.01804095341556684,0.1601000081283102,0.04175296832161405
C021_A20_SY32_P01_S08_02DAS.mp4,600,0.9532696585883511,0.016435683768764673,0.015423672734293537,0.08767057500983441,1.0402098396602768,0.017934652407935806,0.03422196533901939,0.19696458368544684,-25.276412807553353,68.13989140144324,174.1152563422942,-179.3677290565744,0.15786368982784177,0.023013530223145645,0.1875150762156173,0.02534505809128612
C021_A20_SY32_P01_S08_02DBS.mp4,600,1.5901636895102191,0.026951926940851172,0.03221387394247417,0.17600308073546733,1.9618986449289109,0.03325251940557476,0.05043191446636278,0.19027179078559087,-6.45386946740771,52.28889272861313,144.17879850106394,-92.56266126074682,0.10937339650082677,0.03178252928257609,0.1494927608864777,0.024631127781473205
C021_A21_SY15_P01_S01_01DAS.mp4,600,1.3132369731294988,0.022258253781855912,0.027284666790203867,0.13368375963135234,0.5135097897623401,0.00870355575868373,0.00808495941656305,0.028174169818700478,8.149194143601749,36.03253064550181,155.6876785953761,-145.7736327546869,0.11148888501335508,0.04440327578960324,0.18326346104081426,0.04899952406136296
C021_A21_SY15_P01_S01_01DBS.mp4,600,1.3841226760910008,0.023459706374423742,0.02205075738088392,0.10002721325440972,0.677615690651555,0.01148501170595856,0.008400244003926484,0.028714334610215112,22.670292400476992,69.70761387177147,177.60829319614814,-177.97496258836932,0.13277604581173866,0.05432872448561078,0.21796412633943507,0.048722648856677826
C021_A21_SY15_P01_S02_01DAS.mp4,600,3.5613278596515494,0.06036148914663643,0.07025631356075596,0.3020784951988828,2.888841876459896,0.04896342163491349,0.08494959460527061,0.25449085118207243,-33.906760951329126,69.20119701103854,178.26488719486173,-179.6306758073565,0.11190237572972017,0.041291180543306244,0.15759246364152857,0.02194277118496811
C021_A21_SY15_P01_S02_01DBS.mp4,600,1.0136016638037735,0.01717968921701311,0.02587765190790681,0.16641605556247824,0.38807086901554366,0.0065774723561956554,0.006899021055119338,0.026001801104961593,-11.300647055030407,37.28600340841912,40.30951301359776,-169.7841071788368,0.08583182031086903,0.03635647756179149,0.15856846267457295,0.029968563223255085
C021_A21_SY15_P01_S03_01NAS.mp4,0,0.0,0.0,0.0,0.0,0.0,0.0,0.0,0.0,0.0,0.0,0.0,0.0,0.0,0.0,0.0,0.0
C021_A21_SY15_P01_S03_01NBS.mp4,600,3.2966325588916763,0.05587512811680807,0.042494255743484824,0.21756122084293555,0.8750395920631003,0.014831179526493226,0.009234216581478306,0.03248815647350529,37.93588681231802,59.126110476428686,153.03953544621606,-179.87399117964355,0.15886566177553674,0.06144456421175539,0.25257664112940587,0.017704762738595784
C021_A21_SY15_P01_S05_01DBS.mp4,600,1.9958790403097253,0.033828458310334326,0.02911127515055039,0.14381600972140665,0.9375856784850954,0.015891282686188057,0.011551493832885215,0.05320119805113155,31.904851432086346,66.10012683292568,177.26741996653968,-134.85851338750498,0.1401247569305252,0.06455637796349946,0.2532001658550895,0.045745762917272344
C021_A21_SY15_P01_S06_01DAS.mp4,600,2.4457389422097116,0.041453202410334095,0.0405687286223296,0.2753460036588308,0.9219785866217813,0.01562675570545392,0.01303609182833549,0.0570455216657406,-7.195472404079866,17.24724798254841,30.76420976252704,-59.29026584554356,0.14665295906975903,0.10095721554797009,0.3152678537464761,0.00992140110535325
C021_A21_SY15_P01_S06_01DBS.mp4,600,1.2922577147856815,0.021902673131960704,0.024925276082677,0.15035496592837044,0.4347190858920246,0.0073681200998648244,0.006088563584518289,0.024474617560161147,-2.3687204592650337,54.86722822881967,142.28768585108526,-179.11645772709085,0.12272178082100008,0.06859971199070089,0.2140721942536455,0.02717235718603246
C021_A21_SY15_P01_S07_01DAS.mp4,600,2.595326042151714,0.044747000726753694,0.03562297359513412,0.14693583359602808,1.256993394527305,0.02167229990564319,0.015386129956392514,0.07565563645618398,1.5866335562524871,63.83392673402902,174.13883435686432,-145.81814751678135,0.15009979893356581,0.05629970909039963,0.23189294129002994,0.030006669375140668
C021_A21_SY15_P01_S07_01DBS.mp4,600,2.1992053369957163,0.037274666728740954,0.03458789247982531,0.20886756031514325,0.8769377162229357,0.014863351122422638,0.011431295716250242,0.04376429031624702,28.738636555918198,81.04229348892994,179.62157322752412,-138.4230012159233,0.15077333620589334,0.038443315861071733,0.20208218041918036,0.04894799349464591
C021_A21_SY15_P01_S08_01DAS.mp4,600,2.595326042151714,0.044747000726753694,0.03562297359513412,0.14693583359602808,1.256993394527305,0.02167229990564319,0.015386129956392514,0.07565563645618398,1.5866335562524871,63.83392673402902,174.13883435686432,-145.81814751678135,0.15009979893356581,0.05629970909039963,0.23189294129002994,0.030006669375140668
C021_A21_SY15_P01_S08_01DBS.mp4,600,1.8195640251185745,0.03084006822234872,0.028158740217367622,0.15336117926500176,0.7626649719179107,0.0129265249477612,0.010078063045281076,0.033737588325912594,5.244171404593912,50.88898012141583,150.0301741378373,-65.81164600753247,0.09111566793503263,0.03808150763148351,0.1612055640866152,0.014620652674456574
C021_A21_SY15_P01_S09_01DAS.mp4,600,3.525204763574618,0.05974923328092573,0.07629678473307273,0.3364364282599345,0.81224587823816,0.013766879292172202,0.009520205549842252,0.04165537146188863,-39.21495475967697,82.34314285668759,177.84650203238132,-179.99859310777882,0.17361713532973788,0.05411023787442054,0.24147152364387584,0.03439531638992068
C021_A21_SY15_P01_S09_01DBS.mp4,600,1.953991103815462,0.03311849328500783,0.03848834529130829,0.22780753096133882,0.8083823997340787,0.01370139660566235,0.008159866246719579,0.030672217213166982,-12.029100910084658,55.475628711603726,178.14727484533697,-174.56565080809287,0.143257181573477,0.053845200752651014,0.21361342018376261,0.04476703311155317
C021_A21_SY15_P01_S10_01DAS.mp4,600,1.5538113695741038,0.02633578592498481,0.028231380673746573,0.11537372898206591,0.665214462540984,0.01127482139899973,0.010605040224410382,0.04104919304874306,-37.28825455782408,76.3338181681167,178.69736548049815,-179.33804475767434,0.14805843591194426,0.04597398379995545,0.24759840485851908,0.023907755615118678
C021_A21_SY15_P01_S10_01DBS.mp4,600,1.8589699356657285,0.031507965011283535,0.027064071147766305,0.1415077553002775,1.2411793453706736,0.021036938057130063,0.016822091781553934,0.05930200878811405,-13.085518410961265,76.05494043062613,179.68240045116323,-175.99162734280716,0.11368922813508783,0.07146877385205405,0.2209374683372595,0.022584359335223354
C021_A21_SY15_P01_S11_01DAS.mp4,600,2.7900220649967795,0.0472885095762166,0.056983971543462186,0.3214728070752254,2.314917880008702,0.03923589627133393,0.06927226673715296,0.3011040986082901,-28.9528566570608,83.5552646093426,177.4281231250347,-179.03437770187253,0.12655389743888076,0.050412766126301495,0.21684842073915556,0.019573908315851683
C021_A21_SY15_P01_S11_01DBS.mp4,600,2.0484574704191787,0.034719618142697944,0.030988540777274094,0.13269580621619906,1.0902345286115556,0.018478551332399246,0.015945074724175487,0.07341411694052513,11.29271678910393,89.07367818607614,179.46800287417489,-179.15440877366254,0.1641085244745682,0.0783839413095432,0.32126658704633504,0.011990725165835703
C021_A21_SY15_P01_S12_01NAS.mp4,601,1.9565901671629364,0.03373431322694718,0.02908112632608733,0.12340429891201757,0.5163896902081766,0.008903270520830632,0.0045406434606976845,0.021363062283428276,-25.586801513476253,46.843003562525695,43.96383413781597,-179.82501873906187,0.08254233807859962,0.05818429142757664,0.18265240149141942,0.0020390434759362986
C021_A21_SY15_P01_S13_01NAS.mp4,600,3.739212266097862,0.06337647908640444,0.04753272370061025,0.2213903468855008,0.6904186427646278,0.011702010894315726,0.030918746021890813,0.24095126219794982,-16.64174627917517,39.985338773544335,161.74310726537246,-87.64675152266238,0.08022794008620829,0.037153302299535604,0.2257942665417632,0.028253377711751793
C021_A21_SY15_P01_S13_01NBS.mp4,600,3.8646213027090823,0.0715670611612793,0.11892948561054045,0.4792970671932789,2.9253493255069,0.05417313565753518,0.12226793700036258,0.41658484100086013,43.36046348746571,80.41958699136005,175.28684542580982,-171.90691679851892,0.1569620666654905,0.04453058365133424,0.2522747448217277,0.057054237012805674
C021_A21_SY15_P07_S01_01DAS.mp4,601,1.1520921236907253,0.01952698514730043,0.014133165856943696,0.06815771561014587,0.6934315949504422,0.011753077880515968,0.006006387771507769,0.02186290276071029,10.289975277806281,10.86232992991993,32.55974647479037,-13.680607762694857,0.14050832135653224,0.04648798594430206,0.19645871024934328,0.034242198584490416
C021_A21_SY15_P07_S01_01DBS.mp4,600,1.3183985138891503,0.02234573752354492,0.02857795601896961,0.12164980384672265,0.4281780900482981,0.0072572557635304765,0.005417868239140273,0.022992059177507924,11.418516492168116,38.981865598249826,145.38788550544157,-176.87332964740156,0.11742234086543271,0.05676684576974142,0.1839637364598095,0.03437834613883899
C021_A21_SY15_P07_S02_01DAS.mp4,601,1.9983129600735283,0.03386971118768692,0.023189328343169127,0.10916251790746737,1.1254886851243346,0.019076079408887028,0.008483035221080834,0.0371362715570035,20.40769007184857,41.53516773291773,164.7473249263822,-39.3315070341969,0.1653327797799356,0.042467706846534815,0.2095495435103694,0.041593267049119705
C021_A21_SY15_P07_S02_01DBS.mp4,600,1.6540322529502813,0.028034444965259007,0.02159370868370532,0.1007569902347665,0.7432578834075906,0.012597591244196451,0.007553308789978039,0.031928341363506085,38.020777302286085,77.15716193798015,178.64847207363516,-178.51788708752056,0.14126905948738527,0.043931819514550496,0.19576488183757154,0.03899968385821876
C021_A21_SY15_P07_S03_01DAS.mp4,600,1.9306931690376274,0.03272361303453606,0.036395563648090525,0.20243470307805145,0.9149174823565884,0.015507075972145566,0.009015387071851996,0.03509200527641783,-7.430786840562583,19.65363881860858,25.367429292695494,-67.01730635507357,0.17375411051396203,0.059776565733820536,0.24019958206178757,0.06878522663164112
C021_A21_SY15_P07_S03_01DBS.mp4,600,2.0195668310218875,0.03422994628850657,0.0429821570019619,0.22927435492076922,0.8727992200625787,0.014793207119704724,0.011346674167691013,0.03826564260624407,6.732489561258329,18.752924240109706,49.071899611108286,-31.895147384282215,0.17326724482003117,0.05922394127757444,0.25247453511365503,0.06040582524230726
C021_A21_SY15_P07_S06_01DAS.mp4,600,2.3105394189350403,0.0391616850666956,0.03871334422457048,0.18962363671797083,0.7515418338110841,0.012737997183238713,0.012604786355591464,0.040557828356176225,6.878307219261113,29.246976089096954,133.34467718186076,-30.910699531374362,0.11617283385149897,0.0500295295261081,0.1976042359150635,0.04122388086774735
C021_A21_SY15_P07_S06_01DBS.mp4,600,2.008361392459941,0.03404002360101595,0.03366084409133639,0.1736128712855077,0.6794230662766196,0.011515645191129147,0.01188731187171371,0.04133744868628223,20.82843320773237,42.14845140698879,174.3569514430191,-27.56530270826092,0.11188318289962806,0.04891460706018241,0.1959935188172089,0.0320087579718935
C021_A21_SY15_P07_S07_01DAS.mp4,600,2.525753531179264,0.045102741628201146,0.057626197805720834,0.2824583623985799,1.260653717052065,0.022511673518786877,0.03809555140319121,0.19208922002147857,-47.08088975461229,102.91103268155028,178.56621373467314,-174.63368795675973,0.13067385673313114,0.02640892423296999,0.16476878638828413,0.03447405080882437
C021_A21_SY15_P07_S07_01DBS.mp4,600,5.364726540454609,0.09249528518025188,0.13572833302784337,0.4332824981450407,3.0332928236786194,0.05229815213238999,0.07398259669320573,0.21815198006444145,-7.557129398643969,69.3802873832374,175.2266300835025,-177.25087446371444,0.12187327027949983,0.0509825772391835,0.18824391827860318,0.021630699684541618
C021_A21_SY15_P07_S08_01DAS.mp4,600,1.658708243254494,0.028113699038211763,0.03234108925426328,0.1554783172710393,0.6503899634271197,0.011023558702154572,0.010609779860195758,0.04835633359722232,-5.438344244938912,17.827168611274388,17.200137912862463,-93.4467886218428,0.23664057161983626,0.038461585810024373,0.30512309235425644,0.13171840225456655
C021_A21_SY15_P07_S08_01DBS.mp4,600,1.6469717025065402,0.02791477461875492,0.0305721475030099,0.16576548111555672,0.7466214548291532,0.012654600929307681,0.009152796472956427,0.03420423742006383,3.9318840531042367,11.795879731727648,47.25762050543813,-22.726129469008427,0.19653776846724763,0.04288485598404335,0.25083388562611464,0.03566969314783519
C021_A21_SY15_P07_S09_01DAS.mp4,600,2.3214831328641163,0.04002557125627787,0.05539614847058321,0.23109853339370076,1.4886588515683754,0.02566653192359268,0.047792027326706975,0.17102135943001445,1.712842557414169,36.9862038862962,158.78708955110238,-151.43633184992174,0.13311317013930282,0.03853817962796666,0.1957794947838203,0.011504977189705811
C021_A21_SY15_P07_S09_01DBS.mp4,600,1.6699764739688898,0.02830468599947271,0.034326500963049365,0.20489779213442333,0.61914846699578,0.010494041813487795,0.010918547503150666,0.04021671386658043,4.377547557403351,20.264000238023485,77.8887184920112,-32.75404228334556,0.2409276368526754,0.055754291933081686,0.3283172766821096,0.04474650356332301
C021_A21_SY15_P07_S10_01DAS.mp4,600,1.3992128202348801,0.023715471529404748,0.02175881921987842,0.12238133212881958,0.4752760898710471,0.0080555269469669,0.007488538875508845,0.028687227842688307,-11.826220367523522,59.539109809485154,179.6619167679014,-169.10693915676543,0.08575510450990768,0.06950500785752754,0.21108376774159635,0.008583180661619724
C021_A21_SY15_P07_S10_01DBS.mp4,600,1.531653666349567,0.02596023163304351,0.027088526680163216,0.18065333002971803,0.5134816453695923,0.008703078735077835,0.008422639527502405,0.03239462911287601,-6.931960882517112,28.80160310337379,44.27897334925303,-156.5386539404828,0.10651027453277814,0.0766876435112197,0.23002065938498273,0.031172008591780515
C021_A21_SY15_P07_S11_01DAS.mp4,601,1.8296712342876813,0.031011376852333582,0.03195783660622358,0.15294741154948785,0.6246736152404284,0.010587688393905566,0.007877534076946403,0.027897731229364932,-12.140796164366032,19.650668353681354,16.130678885312136,-65.8720152304078,0.10697781095727765,0.04645437744172736,0.18205395293278454,0.009296980371584143
C021_A21_SY15_P07_S12_01NAS.mp4,601,2.6626756135674357,0.045130095145210776,0.040919212154541806,0.18116322100642268,0.8061875527127232,0.013664195808690225,0.011041953359415749,0.04742255488416583,-16.83249342181394,59.893517058837965,170.12821117627192,-178.2402665796589,0.140750221145629,0.06864100884634418,0.2521436319620519,0.026198799900703302
C021_A21_SY15_P07_S12_01NBS.mp4,601,1.2452656707159306,0.02110619780874459,0.018149955095663486,0.07591973905208727,0.6943703990428992,0.011768989814286427,0.011554904185550432,0.040633055247890494,-9.776691088050702,14.541610890638731,18.41928027222165,-50.179454064481725,0.10923351457844058,0.052947918130042265,0.1973536686305354,0.037238396560323093
C021_A21_SY15_P07_S13_01NBS.mp4,601,2.6440843952542727,0.04481498975007242,0.03293456878271812,0.1629580845979189,0.6208763246074319,0.010523327535719185,0.008768719564305638,0.03906946857614019,-37.40861041939573,72.97478115127116,177.1529967927263,-175.7914918082832,0.11689578213553566,0.054488782508294496,0.22784111579669097,0.04013526007800697
C021_A21_SY15_P07_S14_01DAS.mp4,601,1.3846489406521358,0.023468626112748064,0.021162902947896987,0.07953567280311669,0.48644328212616456,0.008244801391968891,0.0068809621227226055,0.030682943676475286,-38.239014886041986,66.63056306689681,170.30600825711855,-179.03400485419488,0.1889000069431682,0.03136279095659036,0.2553322329309725,0.04377869521053582
C021_A21_SY15_P07_S14_01DBS.mp4,601,1.6528345968695128,0.02801414570965276,0.037658164905367476,0.16404438551419034,0.49581671839878516,0.008403673193199748,0.007095448453216454,0.029221116098141653,42.21693307379708,69.04169736023665,177.78021767696958,-13.318101985340824,0.15780594771861595,0.0656074693946888,0.26025488695945104,0.06348696014852925
C021_A21_SY16_P07_S01_01DAS.mp4,601,0.6370579882226575,0.010797593020723008,0.023124286904755098,0.1418538488239438,0.1456416499141897,0.0024685025409184698,0.0022466368291271448,0.011142089226921819,6.485332201020188,5.540667587863719,13.725823567476414,-7.494545612796318,0.13547422354293073,0.03840164651426361,0.16121611130901353,0.035036649797361034
C021_A21_SY16_P07_S01_01DBS.mp4,600,0.6175292516861004,0.010466597486205091,0.02578904032360297,0.12955528953718023,0.13807784417765426,0.0023403024436890554,0.002794706909285841,0.014615967363594228,22.624044395599693,23.11959345086685,141.92401421255755,-0.7194309645573866,0.14014700093286794,0.03744623647512827,0.181550374239828,0.04323724241238357
C021_A21_SY16_P07_S01_02DAS.mp4,601,0.7876021030656088,0.013349188187552692,0.02173198430940062,0.10797771321415611,0.1984164638606612,0.0033629909128925625,0.003839908306531069,0.018931186431363604,8.856790976139887,3.2932398636427798,17.68629966021991,2.057466481648043,0.11584796338177929,0.04292012105892492,0.17469565178559338,0.05605886520597725
C021_A21_SY16_P07_S01_02DBS.mp4,600,0.6115914010517401,0.010365955950029494,0.021944004811655888,0.11199149013400919,0.13023975464662715,0.002207453468586901,0.002878686064393592,0.015484097507660909,14.150216907632085,9.71918524331189,42.04483676580068,-2.345704693369592,0.1224649462163183,0.04025754294578135,0.17342743627334256,0.07486892933280616
C021_A21_SY16_P07_S02_01DAS.mp4,601,0.6041489442210699,0.01023981261391644,0.022021197957797327,0.12975042629717742,0.1362189575743756,0.002308795891091112,0.003375861478899099,0.018562043274904055,-3.2638625827968273,11.393285870812692,12.34731909369394,-19.64821263192974,0.10390866066557894,0.05490671141427606,0.16746694657535913,0.04017758872514814
C021_A21_SY16_P07_S02_01DBS.mp4,600,0.6389520194592282,0.010829695245071665,0.02266851930408989,0.1408101732429664,0.10962127040125777,0.0018579876339196231,0.0023952269048348853,0.010429928205488147,4.692935789937504,12.459024359933194,23.18051981646251,-12.508976038656659,0.09828967803440028,0.05098174521388172,0.15689911268111084,0.017659682937915037
C021_A21_SY16_P07_S02_02DAS.mp4,601,0.38493438260462975,0.006524311569569996,0.015671087813544315,0.11972164379012354,0.08011406740146444,0.0013578655491773635,0.000886741621970817,0.00492070362596359,7.335292085258818,2.4647093268790146,10.797333272265988,1.9172592194540874,0.14118358882124202,0.05023083464718756,0.17718363259463862,0.04945955318233805
C021_A21_SY16_P07_S02_02DBS.mp4,600,0.431972131295017,0.007321561547373169,0.021848526781516015,0.13710231738252174,0.06589981605165376,0.0011169460347737925,0.0007016925674444505,0.003450213608027584,10.398063314899671,2.5171584948113574,18.06092381590002,6.0656607055740945,0.12166410401052996,0.041449001297610574,0.1663991515033138,0.07636210619904076
C021_A21_SY16_P07_S03_01DAS.mp4,600,1.1208118410672006,0.018996810865545773,0.024056535670329064,0.15306597952079576,0.1528731910351319,0.0025910710344937606,0.0025302097231636833,0.01663731040406839,-2.4756855711205246,7.157339273738149,10.935502837667281,-18.087902148501207,0.12248001923533401,0.026602209890272496,0.18526885662439274,0.06351162831001989
C021_A21_SY16_P07_S03_01DBS.mp4,600,1.3493807593011984,0.022870860327138955,0.02623071810972503,0.16852507563504351,0.17393305171210457,0.002948017825628891,0.002939045778421284,0.01654534104007141,2.5226873771229186,6.111170701346824,12.208421161667168,-11.080181640383135,0.15621205543419317,0.04135070671065681,0.21218322445228174,0.06168788681978829
C021_A21_SY16_P07_S03_02DAS.mp4,600,1.1779112710422643,0.01996459781427567,0.013695904079385757,0.06003387939431665,0.143468214055685,0.00243166464501161,0.002284701009815657,0.010696105272143853,1.7246551031994704,5.042126483865985,11.557823826299183,-8.808687862286943,0.1458228235462568,0.022301265003350227,0.19232182409882165,0.09668123840044715
C021_A21_SY16_P07_S03_02DBS.mp4,600,0.8203281370454634,0.013903866729584125,0.013010027169676239,0.05672158762695152,0.16787511187068754,0.0028453408791641955,0.002792223742792024,0.01471421729768623,4.05462124205988,6.297975748329773,15.134293433651141,-9.836572912640571,0.18769758795040703,0.020317438715646174,0.21798828936833167,0.13293288422898938
C021_A21_SY16_P07_S06_01DAS.mp4,600,1.6876430659648012,0.028604119762115274,0.03180976347795526,0.15894097396357854,0.15873474627370887,0.002690419428367947,0.0016479707265867726,0.009090623975204883,-0.7907423928598664,17.732077357236477,31.925576743934258,-26.185363316300254,0.09137199333825106,0.03593785770625929,0.15436732232623537,0.020475803157886056
C021_A21_SY16_P07_S06_01DBS.mp4,600,1.1117945583400697,0.01884397556508593,0.027588067148778733,0.1612490341289923,0.18354539338963732,0.0031109388710108023,0.002206674820462598,0.012684970278979947,3.475884248353101,16.652344528499132,39.57453552476189,-21.42675377053113,0.10909085655697333,0.04137124246759466,0.16000125562014883,0.039902748651467444
C021_A21_SY16_P07_S06_02DAS.mp4,600,0.8715091264326844,0.014771341125977703,0.017897665411690303,0.07414389711648867,0.17470188300200387,0.002961048864440744,0.0024765177867951006,0.010601237915474307,4.345946046431059,6.394492496147524,20.062746697386807,-10.106279738416807,0.09257403321440147,0.030217278295699642,0.16253917680834556,0.060795094070009936
C021_A21_SY16_P07_S06_02DBS.mp4,600,0.48502192739794,0.00822071063386339,0.01452240289650901,0.10890546805379024,0.1667079912558897,0.002825559173828639,0.0024273252428329297,0.011875847216350956,11.236133445211276,6.42422075478703,28.56076166032902,-5.477430893579606,0.11050459445658861,0.031006314222242166,0.1683006410889293,0.07777121412549967
C021_A21_SY16_P07_S07_01DAS.mp4,600,1.8517721182023248,0.037035442364046496,0.06999145824179195,0.3650393411481193,1.2211119756470281,0.024422239512940563,0.03974971431782793,0.17231082890735905,-19.90567988724102,92.22976039449959,175.580711664184,-177.60102401617164,0.15096867552316234,0.030038887949497394,0.20182192914589275,0.021816057256954152
C021_A21_SY16_P07_S07_01DBS.mp4,600,5.399919306844852,0.09152405604821784,0.15250060324428047,0.4226953096527795,2.5198525949739667,0.04270936601650791,0.07659513162012829,0.20347795071117664,-1.6038697540986453,60.5098889285024,176.68025551240845,-179.03006742560578,0.09417555074792706,0.057532890543096286,0.17302630831564378,0.023222606095599643
C021_A21_SY16_P07_S07_02DAS.mp4,600,0.7882075039287838,0.02318257364496423,0.06526327416633708,0.3022290127711053,0.38789901410317473,0.011408794532446316,0.037968157048367424,0.16574277308577515,0.49317621452398613,30.21306342216942,23.247413849034157,-173.4755046982507,0.03956336439554541,0.03237031521011813,0.1450205846222428,0.022128250777123652
C021_A21_SY16_P07_S07_02DBS.mp4,600,0.33035915497820595,0.005599307711495016,0.016210132398936417,0.12614317931342436,0.09130410054244206,0.001547527127838001,0.0014120477353753787,0.007421272353783174,3.5382087476072557,2.0266175013646155,7.438892805469163,-0.5964445595402836,0.08324961884717735,0.060199214454886976,0.16247559141618392,0.030240941076542755
C021_A21_SY16_P07_S08_01DAS.mp4,600,1.7218251492644556,0.029183477106177216,0.021512061324312937,0.08983653188537538,0.15853071254770162,0.0026869612296220612,0.0017294033775926765,0.009222938364057177,-12.469489696401329,5.986805976118313,1.0013663873035583,-19.984153797416774,0.21653122439206207,0.026555344073578235,0.26770548324225657,0.1638184696646576
C021_A21_SY16_P07_S08_01DBS.mp4,600,0.8091118298163082,0.013713759827395054,0.01381702077084098,0.07976842139804659,0.12892228617585663,0.002185123494506045,0.0015292992445941215,0.007179056502567197,-6.367447312456226,4.734301159846152,4.833570197652125,-13.281640119657112,0.13515491954266673,0.06632431827806563,0.2172810294604194,0.03686427309201469
C021_A21_SY16_P07_S09_01DAS.mp4,600,2.346417734828175,0.03976979211573178,0.06418577723211336,0.24610420243819353,2.3760579479337958,0.040272168609047386,0.06681802069204477,0.18063207029924963,3.432817856176909,69.71363666904006,177.04651912844318,-175.24649567569247,0.1280710599426135,0.03557850079402852,0.15504416052327316,0.007077267515023568
C021_A21_SY16_P07_S09_01DBS.mp4,600,1.542704103548712,0.026147527178791728,0.040129621400645396,0.23936781424739206,0.273091729184706,0.004628673376011965,0.006333408999791859,0.03622517112572969,-1.5132336879815387,6.882027770771307,9.976902159994495,-20.72065166442987,0.22494216695438088,0.052929727177109046,0.27851732491808695,0.030463165962381605
C021_A21_SY16_P07_S10_01DAS.mp4,600,1.1208388026542417,0.018997267841597318,0.02276566872378446,0.10697687104050067,0.21538330063136837,0.0036505644174808197,0.0051159067687031575,0.02856486552592797,-10.06377100031012,10.751820994503628,14.023291133329073,-30.045801338909513,0.11479667523858945,0.05368283030411418,0.17045873921091512,0.02337827964273111
C021_A21_SY16_P07_S10_01DBS.mp4,600,1.3424895082327752,0.02275405946157246,0.03196515668368084,0.12602885879656275,0.2271355136826011,0.003849754469196629,0.003965899851223793,0.021351927400527042,-1.7975351504303465,11.524962423885121,19.940271733612047,-19.37125868839774,0.14275654871705704,0.07037481161335962,0.212385741540778,0.028185086347104926
C021_A21_SY16_P07_S11_01NAS.mp4,601,1.7083256372749298,0.02895467181821915,0.028823243584826276,0.14453123925614175,0.2880705724035873,0.004882552074637073,0.003547674251399584,0.01771285252580506,-19.942106175453816,20.311100384528007,17.734013189205875,-47.15814108255647,0.0858722423663876,0.026891055080436294,0.14732968686568582,0.015234621019022693
C021_A21_SY16_P07_S11_02NAS.mp4,601,2.2051426259460554,0.0373752987448484,0.02663064596806174,0.12336997068975186,0.17271770769470973,0.0029274187744866057,0.002356053788045774,0.014837018925290798,-30.8926937200381,24.796576869082706,18.670603529407522,-98.4935561833074,0.1064213460618806,0.03144650100178278,0.15749670790527556,0.049162605377547845
C021_A21_SY16_P07_S12_01NAS.mp4,601,2.486299328357682,0.0421406665823336,0.052468005623253045,0.2929601802896801,0.2614705477913365,0.004431704199853161,0.0036593472903554856,0.01894289477654737,-16.30095047250122,10.891315593505391,11.368523304871745,-39.978470430333715,0.1428402052358878,0.06163110823417946,0.2185496709511999,0.014272083254834903
C021_A21_SY16_P07_S12_01NBS.mp4,601,1.1717756487433693,0.01986060421598931,0.021615787174010238,0.11857719726268715,0.15044022464914178,0.0025498343160871486,0.002146141484715467,0.011947998385829784,-11.66122375958643,14.57591138003649,9.87080025160916,-36.831866816038996,0.11174285452222231,0.041369222171686995,0.17697291977112173,0.028342390931910218
C021_A21_SY16_P07_S13_01NAS.mp4,601,1.416617077869629,0.024852931190695246,0.028147643175411644,0.15449998133114054,0.25492085544093906,0.004472295709490159,0.0022944474975123102,0.011217362413631747,-16.335143201235347,13.967609043070407,21.850993437566057,-34.13756473819406,0.10411350095888416,0.04933562589206761,0.1894083004129745,0.04405916468117103
C021_A21_SY16_P07_S14_01DAS.mp4,601,1.7302952327849257,0.0293270378438123,0.034669425029497214,0.15575556260233306,0.2056078005318322,0.0034848779751158,0.002318159770598505,0.012444756684650416,-17.83070570456257,41.58900651014733,29.05250360798184,-178.89101918458107,0.18062537506954499,0.048178174253744106,0.2277338678388139,0.05693868181983396
C021_A21_SY16_P07_S14_01DBS.mp4,601,1.1769753600304855,0.01994873491577094,0.025483541657105035,0.10843665787473199,0.2867606504086838,0.004860350006926844,0.0046459794522210095,0.02561193802278698,31.131071788178208,44.20871225013564,154.072822851568,-0.836428138212374,0.15374427329069895,0.06490786848183336,0.22881698600609793,0.052714947561549784
C021_A21_SY17_P01_S01_01DAS.mp4,600,0.7972579692157037,0.02491431153799074,0.03717249833276036,0.14072287294579958,0.3347457593752298,0.010460804980475932,0.023632224088802705,0.1296123612971781,2.085035013567933,40.60012755134549,145.99188336149098,-24.08921077388891,0.07798654452983254,0.02866376955803711,0.16482237526788762,0.048870413243059935
C021_A21_SY17_P01_S01_01DBS.mp4,600,1.028874451201178,0.01743855002035895,0.03319055066700066,0.14844306437668844,0.4868500276583608,0.008251695384040013,0.01757361126145779,0.10664127662812203,39.11483050817598,80.20024760574925,171.4285266609175,-174.62356437414235,0.10960398499864041,0.038614914318727,0.18766474354328888,0.04888411985901616
C021_A21_SY17_P01_S02_01DAS.mp4,600,1.4885534212087546,0.03167134938742031,0.03960771344290098,0.17134350142515511,2.1014832946850213,0.04471241052521322,0.06718856453747675,0.29013862187302186,-13.018561508357129,123.62496976348025,171.28073785462922,-172.69401323305394,0.06027866562276818,0.033589827314656796,0.16984976298645377,0.017147124230935833
C021_A21_SY17_P01_S02_01DBS.mp4,600,1.2198487419441824,0.02140085512182776,0.053874132707302985,0.3502753733187172,0.8105980438629289,0.014221018313384718,0.030989771815772765,0.15574695757842583,-23.25416598283773,40.021099174119094,174.00187587873714,-105.01607997035677,0.047390995308162154,0.015246565393790665,0.12133755777851692,0.02393753508879461
C021_A21_SY17_P01_S03_01NAS.mp4,600,1.7739349282461319,0.03006669369908698,0.03386069828275535,0.19431978855976098,0.5599446161161009,0.00949058671383222,0.015135135982302329,0.07538599989124145,-67.49624274632588,60.17766054254329,20.5806270657172,-150.85357375911818,0.07179158914770732,0.023826659175285075,0.13904143948327471,0.009802508800302718
C021_A21_SY17_P07_S01_01DAS.mp4,601,0.8692789196179713,0.01473354101047409,0.025805433728176348,0.1496919677448669,0.3452289295575244,0.005851337789110582,0.012943488663936187,0.07363340801536661,27.882978996918457,24.60581329912442,60.442564320002916,-10.105239334897218,0.07901707892790825,0.04542255869255872,0.18150292915874935,0.03315407525345313
C021_A21_SY17_P07_S02_01DAS.mp4,601,0.8002340036722421,0.013563288197834611,0.025219202188065417,0.14810062876079147,0.52025666239012,0.008817909532035933,0.027357966192113756,0.1799145726410928,-38.12277864455316,20.20772729175902,-6.757968315235338,-66.7965044632376,0.07304497520419222,0.020959261992709616,0.14186972808866025,0.03766999474868904
C021_A21_SY17_P07_S02_01DBS.mp4,600,1.4011780764705937,0.025475965026738066,0.023472241661355003,0.11740785001426246,0.3747680222321453,0.00681396404058446,0.012079366834246279,0.06820034517768679,-15.258685337260923,12.885971344253193,-0.31857535929004827,-50.56619213282588,0.07601200350376693,0.02494571920787037,0.12439483837644306,0.022657993977688452
C021_A21_SY17_P07_S03_01DBS.mp4,600,1.4206093600712395,0.024078124746970162,0.0284888536423392,0.16460332656187318,0.4974022251287317,0.008430546188622571,0.017593887146263174,0.08823612105374122,-34.36044547457604,28.281308247815048,-2.9223568562642486,-95.7226443018149,0.10516982662434643,0.02113010370183186,0.17008169767768797,0.0590529452014777
C021_A21_SY17_P07_S06_01DBS.mp4,600,1.1044563980463096,0.018719599966886602,0.029186172364085407,0.15620034310734396,0.4549483642911659,0.007710989225273999,0.015791350289506276,0.08745862517506864,59.08272690970466,75.08309649384815,177.58507213390286,-19.75507372752652,0.08599040403682447,0.03213956199200493,0.16033355470965266,0.0412983837860371
C021_A21_SY17_P07_S07_01DBS.mp4,600,0.9861182938783559,0.016713869387768743,0.023539449493584937,0.13467788072159156,0.39168465698647487,0.006638722999770761,0.01595217317791395,0.09704907660854847,26.90657855707651,91.51489681272155,177.577313369421,-178.58538322428603,0.05500773629939868,0.04133682088977956,0.15880720162576517,0.004518790611115689
C021_A21_SY17_P07_S07_03DAS.mp4,600,2.3609411002138234,0.04454605849460044,0.061668741940104445,0.3628639671237384,1.061402941969204,0.020026470603192528,0.03818104520304246,0.23726547280888197,-60.68379581919652,111.73469208088831,179.7911255033326,-176.1882024245244,0.08908469395165017,0.04876948884763419,0.16364935622582621,0.007867831968877328
C021_A21_SY32_P01_S05_01DAS.mp4,600,0.907356193818468,0.015378918539296068,0.022370070252764294,0.10175557475863121,0.5422972123355813,0.009191478175179343,0.012574071611843264,0.04536998881290329,77.2464930181422,118.70574891522939,178.53148826367044,-177.47146703903314,0.12840107183089133,0.042199154999327186,0.20006651618444563,0.021568826755591113
C021_A21_SY32_P01_S05_01DBS.mp4,600,1.4991606511091637,0.025409502561172265,0.05623465801249777,0.3288657719532058,0.6795346833039508,0.011517537005151708,0.017856985181655217,0.06888030977816213,54.75502379575331,138.09619398609883,179.88284013592906,-179.98152029544616,0.184676321310039,0.053868161872912865,0.23901381888759585,0.041436386510446115
C021_A21_SY32_P01_S06_01DAS.mp4,600,1.5255547713768285,0.025856860531810653,0.04575340052100147,0.24973472593924848,0.6542637178643173,0.011089215557022327,0.017346011629031603,0.07988670847579109,-108.34258451248087,70.60707480921772,28.20451848914669,-163.41617812348005,0.1894180061251152,0.06323949491698405,0.28531529411109124,0.0317632341838523
C021_A21_SY32_P01_S06_01DBS.mp4,600,1.4423159093899673,0.02444603236254182,0.0315871367327232,0.1659700551975929,0.38904228189648155,0.006593936981296298,0.011585952017431917,0.07894496294296832,8.091851827068755,19.919378703254264,69.37049878363331,-81.36660241671972,0.13219705663225334,0.074593348535146,0.23217194228367985,0.02020513163170677
